track_id,canonical_composer,canonical_title,year,duration,midi_filename,audio_filename,midi_path,audio_path,official_split,composition_id,period,period_id
track_000004,Alexander Scriabin,"24 Preludes Op. 11, No. 13-24",2004,872.640588096,2004/MIDI-Unprocessed_XP_21_R1_2004_01_ORIG_MID--AUDIO_21_R1_2004_01_Track01_wav.midi,2004/MIDI-Unprocessed_XP_21_R1_2004_01_ORIG_MID--AUDIO_21_R1_2004_01_Track01_wav.wav,data\raw\maestro-v3.0.0\2004\MIDI-Unprocessed_XP_21_R1_2004_01_ORIG_MID--AUDIO_21_R1_2004_01_Track01_wav.midi,data\raw\maestro-v3.0.0\2004\MIDI-Unprocessed_XP_21_R1_2004_01_ORIG_MID--AUDIO_21_R1_2004_01_Track01_wav.wav,train,alexander_scriabin__24_preludes_op_11_no_13_24,Romantic,2
track_000005,Alexander Scriabin,"3 Etudes, Op. 65",2006,397.857508125,2006/MIDI-Unprocessed_17_R1_2006_01-06_ORIG_MID--AUDIO_17_R1_2006_04_Track04_wav.midi,2006/MIDI-Unprocessed_17_R1_2006_01-06_ORIG_MID--AUDIO_17_R1_2006_04_Track04_wav.wav,data\raw\maestro-v3.0.0\2006\MIDI-Unprocessed_17_R1_2006_01-06_ORIG_MID--AUDIO_17_R1_2006_04_Track04_wav.midi,data\raw\maestro-v3.0.0\2006\MIDI-Unprocessed_17_R1_2006_01-06_ORIG_MID--AUDIO_17_R1_2006_04_Track04_wav.wav,validation,alexander_scriabin__3_etudes_op_65,Romantic,2
track_000006,Alexander Scriabin,"5 Preludes, Op.15",2009,400.557825938,2009/MIDI-Unprocessed_07_R1_2009_04-05_ORIG_MID--AUDIO_07_R1_2009_07_R1_2009_04_WAV.midi,2009/MIDI-Unprocessed_07_R1_2009_04-05_ORIG_MID--AUDIO_07_R1_2009_07_R1_2009_04_WAV.wav,data\raw\maestro-v3.0.0\2009\MIDI-Unprocessed_07_R1_2009_04-05_ORIG_MID--AUDIO_07_R1_2009_07_R1_2009_04_WAV.midi,data\raw\maestro-v3.0.0\2009\MIDI-Unprocessed_07_R1_2009_04-05_ORIG_MID--AUDIO_07_R1_2009_07_R1_2009_04_WAV.wav,validation,alexander_scriabin__5_preludes_op_15,Romantic,2
track_000007,Alexander Scriabin,"Entragete, Op.63",2009,163.745829844,2009/MIDI-Unprocessed_11_R1_2009_06-09_ORIG_MID--AUDIO_11_R1_2009_11_R1_2009_07_WAV.midi,2009/MIDI-Unprocessed_11_R1_2009_06-09_ORIG_MID--AUDIO_11_R1_2009_11_R1_2009_07_WAV.wav,data\raw\maestro-v3.0.0\2009\MIDI-Unprocessed_11_R1_2009_06-09_ORIG_MID--AUDIO_11_R1_2009_11_R1_2009_07_WAV.midi,data\raw\maestro-v3.0.0\2009\MIDI-Unprocessed_11_R1_2009_06-09_ORIG_MID--AUDIO_11_R1_2009_11_R1_2009_07_WAV.wav,test,alexander_scriabin__entragete_op_63,Romantic,2
track_000008,Alexander Scriabin,"Etude Op. 2 No.1;  Etudes Op. 8, Nos. 5, 11 and 12",2013,563.904350625,2013/ORIG-MIDI_03_7_8_13_Group__MID--AUDIO_19_R2_2013_wav--3.midi,2013/ORIG-MIDI_03_7_8_13_Group__MID--AUDIO_19_R2_2013_wav--3.wav,data\raw\maestro-v3.0.0\2013\ORIG-MIDI_03_7_8_13_Group__MID--AUDIO_19_R2_2013_wav--3.midi,data\raw\maestro-v3.0.0\2013\ORIG-MIDI_03_7_8_13_Group__MID--AUDIO_19_R2_2013_wav--3.wav,train,alexander_scriabin__etude_op_2_no_1_etudes_op_8_nos_5_11_and_12,Romantic,2
track_000009,Alexander Scriabin,"Etude Op. 42, Nos. 4 & 5",2009,136.315301719,2009/MIDI-Unprocessed_02_R1_2009_03-06_ORIG_MID--AUDIO_02_R1_2009_02_R1_2009_04_WAV.midi,2009/MIDI-Unprocessed_02_R1_2009_03-06_ORIG_MID--AUDIO_02_R1_2009_02_R1_2009_04_WAV.wav,data\raw\maestro-v3.0.0\2009\MIDI-Unprocessed_02_R1_2009_03-06_ORIG_MID--AUDIO_02_R1_2009_02_R1_2009_04_WAV.midi,data\raw\maestro-v3.0.0\2009\MIDI-Unprocessed_02_R1_2009_03-06_ORIG_MID--AUDIO_02_R1_2009_02_R1_2009_04_WAV.wav,test,alexander_scriabin__etude_op_42_nos_4_5,Romantic,2
track_000010,Alexander Scriabin,"Etude Op. 8, No. 13",2009,167.085837188,2009/MIDI-Unprocessed_02_R1_2009_03-06_ORIG_MID--AUDIO_02_R1_2009_02_R1_2009_05_WAV.midi,2009/MIDI-Unprocessed_02_R1_2009_03-06_ORIG_MID--AUDIO_02_R1_2009_02_R1_2009_05_WAV.wav,data\raw\maestro-v3.0.0\2009\MIDI-Unprocessed_02_R1_2009_03-06_ORIG_MID--AUDIO_02_R1_2009_02_R1_2009_05_WAV.midi,data\raw\maestro-v3.0.0\2009\MIDI-Unprocessed_02_R1_2009_03-06_ORIG_MID--AUDIO_02_R1_2009_02_R1_2009_05_WAV.wav,validation,alexander_scriabin__etude_op_8_no_13,Romantic,2
track_000011,Alexander Scriabin,"Etude in D-flat Major, Op. 8 No. 10",2011,102.007109531,2011/MIDI-Unprocessed_15_R1_2011_MID--AUDIO_R1-D6_09_Track09_wav.midi,2011/MIDI-Unprocessed_15_R1_2011_MID--AUDIO_R1-D6_09_Track09_wav.wav,data\raw\maestro-v3.0.0\2011\MIDI-Unprocessed_15_R1_2011_MID--AUDIO_R1-D6_09_Track09_wav.midi,data\raw\maestro-v3.0.0\2011\MIDI-Unprocessed_15_R1_2011_MID--AUDIO_R1-D6_09_Track09_wav.wav,train,alexander_scriabin__etude_in_d_flat_major_op_8_no_10,Romantic,2
track_000012,Alexander Scriabin,Etudes from Op.8,2006,550.997045156,2006/MIDI-Unprocessed_19_R1_2006_01-07_ORIG_MID--AUDIO_19_R1_2006_04_Track04_wav.midi,2006/MIDI-Unprocessed_19_R1_2006_01-07_ORIG_MID--AUDIO_19_R1_2006_04_Track04_wav.wav,data\raw\maestro-v3.0.0\2006\MIDI-Unprocessed_19_R1_2006_01-07_ORIG_MID--AUDIO_19_R1_2006_04_Track04_wav.midi,data\raw\maestro-v3.0.0\2006\MIDI-Unprocessed_19_R1_2006_01-07_ORIG_MID--AUDIO_19_R1_2006_04_Track04_wav.wav,train,alexander_scriabin__etudes_from_op_8,Romantic,2
track_000013,Alexander Scriabin,Fantasy Op. 28 in B Minor,2013,512.164284844,2013/ORIG-MIDI_02_7_10_13_Group_MID--AUDIO_11_R3_2013_wav--3.midi,2013/ORIG-MIDI_02_7_10_13_Group_MID--AUDIO_11_R3_2013_wav--3.wav,data\raw\maestro-v3.0.0\2013\ORIG-MIDI_02_7_10_13_Group_MID--AUDIO_11_R3_2013_wav--3.midi,data\raw\maestro-v3.0.0\2013\ORIG-MIDI_02_7_10_13_Group_MID--AUDIO_11_R3_2013_wav--3.wav,train,alexander_scriabin__fantasy_op_28_in_b_minor,Romantic,2
track_000014,Alexander Scriabin,"Fantasy in B Minor, Op. 28",2011,476.806414219,2011/MIDI-Unprocessed_09_R1_2011_MID--AUDIO_R1-D3_15_Track15_wav.midi,2011/MIDI-Unprocessed_09_R1_2011_MID--AUDIO_R1-D3_15_Track15_wav.wav,data\raw\maestro-v3.0.0\2011\MIDI-Unprocessed_09_R1_2011_MID--AUDIO_R1-D3_15_Track15_wav.midi,data\raw\maestro-v3.0.0\2011\MIDI-Unprocessed_09_R1_2011_MID--AUDIO_R1-D3_15_Track15_wav.wav,train,alexander_scriabin__fantasy_in_b_minor_op_28,Romantic,2
track_000015,Alexander Scriabin,"Fantasy, Op. 28",2014,486.857152031,2014/MIDI-UNPROCESSED_14-15_R1_2014_MID--AUDIO_15_R1_2014_wav--5.midi,2014/MIDI-UNPROCESSED_14-15_R1_2014_MID--AUDIO_15_R1_2014_wav--5.wav,data\raw\maestro-v3.0.0\2014\MIDI-UNPROCESSED_14-15_R1_2014_MID--AUDIO_15_R1_2014_wav--5.midi,data\raw\maestro-v3.0.0\2014\MIDI-UNPROCESSED_14-15_R1_2014_MID--AUDIO_15_R1_2014_wav--5.wav,train,alexander_scriabin__fantasy_op_28,Romantic,2
track_000016,Alexander Scriabin,"Fragilite, Op.51",2009,138.421335938,2009/MIDI-Unprocessed_11_R1_2009_06-09_ORIG_MID--AUDIO_11_R1_2009_11_R1_2009_06_WAV.midi,2009/MIDI-Unprocessed_11_R1_2009_06-09_ORIG_MID--AUDIO_11_R1_2009_11_R1_2009_06_WAV.wav,data\raw\maestro-v3.0.0\2009\MIDI-Unprocessed_11_R1_2009_06-09_ORIG_MID--AUDIO_11_R1_2009_11_R1_2009_06_WAV.midi,data\raw\maestro-v3.0.0\2009\MIDI-Unprocessed_11_R1_2009_06-09_ORIG_MID--AUDIO_11_R1_2009_11_R1_2009_06_WAV.wav,validation,alexander_scriabin__fragilite_op_51,Romantic,2
track_000017,Alexander Scriabin,"Prelude and Nocturne for Left Hand, Op. 9",2008,463.605305625,2008/MIDI-Unprocessed_01_R1_2008_01-04_ORIG_MID--AUDIO_01_R1_2008_wav--3.midi,2008/MIDI-Unprocessed_01_R1_2008_01-04_ORIG_MID--AUDIO_01_R1_2008_wav--3.wav,data\raw\maestro-v3.0.0\2008\MIDI-Unprocessed_01_R1_2008_01-04_ORIG_MID--AUDIO_01_R1_2008_wav--3.midi,data\raw\maestro-v3.0.0\2008\MIDI-Unprocessed_01_R1_2008_01-04_ORIG_MID--AUDIO_01_R1_2008_wav--3.wav,train,alexander_scriabin__prelude_and_nocturne_for_left_hand_op_9,Romantic,2
track_000018,Alexander Scriabin,Sonata No. 2,2006,613.737367031,2006/MIDI-Unprocessed_12_R1_2006_01-08_ORIG_MID--AUDIO_12_R1_2006_02_Track02_wav.midi,2006/MIDI-Unprocessed_12_R1_2006_01-08_ORIG_MID--AUDIO_12_R1_2006_02_Track02_wav.wav,data\raw\maestro-v3.0.0\2006\MIDI-Unprocessed_12_R1_2006_01-08_ORIG_MID--AUDIO_12_R1_2006_02_Track02_wav.midi,data\raw\maestro-v3.0.0\2006\MIDI-Unprocessed_12_R1_2006_01-08_ORIG_MID--AUDIO_12_R1_2006_02_Track02_wav.wav,train,alexander_scriabin__sonata_no_2,Romantic,2
track_000019,Alexander Scriabin,"Sonata No. 2 in G-sharp Minor, Op. 19",2018,701.147803125,2018/MIDI-Unprocessed_Recital1-3_MID--AUDIO_01_R1_2018_wav--4.midi,2018/MIDI-Unprocessed_Recital1-3_MID--AUDIO_01_R1_2018_wav--4.wav,data\raw\maestro-v3.0.0\2018\MIDI-Unprocessed_Recital1-3_MID--AUDIO_01_R1_2018_wav--4.midi,data\raw\maestro-v3.0.0\2018\MIDI-Unprocessed_Recital1-3_MID--AUDIO_01_R1_2018_wav--4.wav,train,alexander_scriabin__sonata_no_2_in_g_sharp_minor_op_19,Romantic,2
track_000020,Alexander Scriabin,"Sonata No. 2 in G-sharp Minor, Op. 19",2018,685.005992344,2018/MIDI-Unprocessed_Recital17-19_MID--AUDIO_18_R1_2018_wav--2.midi,2018/MIDI-Unprocessed_Recital17-19_MID--AUDIO_18_R1_2018_wav--2.wav,data\raw\maestro-v3.0.0\2018\MIDI-Unprocessed_Recital17-19_MID--AUDIO_18_R1_2018_wav--2.midi,data\raw\maestro-v3.0.0\2018\MIDI-Unprocessed_Recital17-19_MID--AUDIO_18_R1_2018_wav--2.wav,train,alexander_scriabin__sonata_no_2_in_g_sharp_minor_op_19,Romantic,2
track_000021,Alexander Scriabin,"Sonata No. 2 in G-sharp Minor, Op. 19 (Complete)",2017,661.909149792,2017/MIDI-Unprocessed_079_PIANO079_MID--AUDIO-split_07-09-17_Piano-e_1-04_wav--4.midi,2017/MIDI-Unprocessed_079_PIANO079_MID--AUDIO-split_07-09-17_Piano-e_1-04_wav--4.wav,data\raw\maestro-v3.0.0\2017\MIDI-Unprocessed_079_PIANO079_MID--AUDIO-split_07-09-17_Piano-e_1-04_wav--4.midi,data\raw\maestro-v3.0.0\2017\MIDI-Unprocessed_079_PIANO079_MID--AUDIO-split_07-09-17_Piano-e_1-04_wav--4.wav,train,alexander_scriabin__sonata_no_2_in_g_sharp_minor_op_19_complete,Romantic,2
track_000022,Alexander Scriabin,"Sonata No. 3 in F-sharp Minor, Op. 23",2018,1120.09102734,2018/MIDI-Unprocessed_Recital5-7_MID--AUDIO_07_R1_2018_wav--2.midi,2018/MIDI-Unprocessed_Recital5-7_MID--AUDIO_07_R1_2018_wav--2.wav,data\raw\maestro-v3.0.0\2018\MIDI-Unprocessed_Recital5-7_MID--AUDIO_07_R1_2018_wav--2.midi,data\raw\maestro-v3.0.0\2018\MIDI-Unprocessed_Recital5-7_MID--AUDIO_07_R1_2018_wav--2.wav,train,alexander_scriabin__sonata_no_3_in_f_sharp_minor_op_23,Romantic,2
track_000023,Alexander Scriabin,"Sonata No. 3 in F-sharp Minor, Op. 23",2018,1195.01082422,2018/MIDI-Unprocessed_Recital9-11_MID--AUDIO_11_R1_2018_wav--2.midi,2018/MIDI-Unprocessed_Recital9-11_MID--AUDIO_11_R1_2018_wav--2.wav,data\raw\maestro-v3.0.0\2018\MIDI-Unprocessed_Recital9-11_MID--AUDIO_11_R1_2018_wav--2.midi,data\raw\maestro-v3.0.0\2018\MIDI-Unprocessed_Recital9-11_MID--AUDIO_11_R1_2018_wav--2.wav,train,alexander_scriabin__sonata_no_3_in_f_sharp_minor_op_23,Romantic,2
track_000024,Alexander Scriabin,"Sonata No. 3 in F-sharp Minor, Op. 23",2018,1117.95828375,2018/MIDI-Unprocessed_Chamber6_MID--AUDIO_20_R3_2018_wav--2.midi,2018/MIDI-Unprocessed_Chamber6_MID--AUDIO_20_R3_2018_wav--2.wav,data\raw\maestro-v3.0.0\2018\MIDI-Unprocessed_Chamber6_MID--AUDIO_20_R3_2018_wav--2.midi,data\raw\maestro-v3.0.0\2018\MIDI-Unprocessed_Chamber6_MID--AUDIO_20_R3_2018_wav--2.wav,train,alexander_scriabin__sonata_no_3_in_f_sharp_minor_op_23,Romantic,2
track_000025,Alexander Scriabin,"Sonata No. 4 in F-sharp Major ,Op.30",2013,440.110403906,2013/ORIG-MIDI_01_7_6_13_Group__MID--AUDIO_03_R1_2013_wav--4.midi,2013/ORIG-MIDI_01_7_6_13_Group__MID--AUDIO_03_R1_2013_wav--4.wav,data\raw\maestro-v3.0.0\2013\ORIG-MIDI_01_7_6_13_Group__MID--AUDIO_03_R1_2013_wav--4.midi,data\raw\maestro-v3.0.0\2013\ORIG-MIDI_01_7_6_13_Group__MID--AUDIO_03_R1_2013_wav--4.wav,validation,alexander_scriabin__sonata_no_4_in_f_sharp_major_op_30,Romantic,2
track_000026,Alexander Scriabin,"Sonata No. 5 in F-sharp Minor, Op. 53",2004,659.835660317,2004/MIDI-Unprocessed_SMF_07_R1_2004_01_ORIG_MID--AUDIO_07_R1_2004_12_Track12_wav.midi,2004/MIDI-Unprocessed_SMF_07_R1_2004_01_ORIG_MID--AUDIO_07_R1_2004_12_Track12_wav.wav,data\raw\maestro-v3.0.0\2004\MIDI-Unprocessed_SMF_07_R1_2004_01_ORIG_MID--AUDIO_07_R1_2004_12_Track12_wav.midi,data\raw\maestro-v3.0.0\2004\MIDI-Unprocessed_SMF_07_R1_2004_01_ORIG_MID--AUDIO_07_R1_2004_12_Track12_wav.wav,train,alexander_scriabin__sonata_no_5_in_f_sharp_minor_op_53,Romantic,2
track_000027,Alexander Scriabin,"Sonata No. 5, Op. 53",2018,701.488347656,2018/MIDI-Unprocessed_Recital12_MID--AUDIO_12_R1_2018_wav--2.midi,2018/MIDI-Unprocessed_Recital12_MID--AUDIO_12_R1_2018_wav--2.wav,data\raw\maestro-v3.0.0\2018\MIDI-Unprocessed_Recital12_MID--AUDIO_12_R1_2018_wav--2.midi,data\raw\maestro-v3.0.0\2018\MIDI-Unprocessed_Recital12_MID--AUDIO_12_R1_2018_wav--2.wav,train,alexander_scriabin__sonata_no_5_op_53,Romantic,2
track_000028,Alexander Scriabin,"Sonata No. 5, Op. 53",2009,706.203887813,2009/MIDI-Unprocessed_09_R1_2009_01-04_ORIG_MID--AUDIO_09_R1_2009_09_R1_2009_04_WAV.midi,2009/MIDI-Unprocessed_09_R1_2009_01-04_ORIG_MID--AUDIO_09_R1_2009_09_R1_2009_04_WAV.wav,data\raw\maestro-v3.0.0\2009\MIDI-Unprocessed_09_R1_2009_01-04_ORIG_MID--AUDIO_09_R1_2009_09_R1_2009_04_WAV.midi,data\raw\maestro-v3.0.0\2009\MIDI-Unprocessed_09_R1_2009_01-04_ORIG_MID--AUDIO_09_R1_2009_09_R1_2009_04_WAV.wav,train,alexander_scriabin__sonata_no_5_op_53,Romantic,2
track_000029,Alexander Scriabin,"Sonata No. 5, Op. 53",2009,648.955013438,2009/MIDI-Unprocessed_19_R1_2009_03-04_ORIG_MID--AUDIO_19_R1_2009_19_R1_2009_04_WAV.midi,2009/MIDI-Unprocessed_19_R1_2009_03-04_ORIG_MID--AUDIO_19_R1_2009_19_R1_2009_04_WAV.wav,data\raw\maestro-v3.0.0\2009\MIDI-Unprocessed_19_R1_2009_03-04_ORIG_MID--AUDIO_19_R1_2009_19_R1_2009_04_WAV.midi,data\raw\maestro-v3.0.0\2009\MIDI-Unprocessed_19_R1_2009_03-04_ORIG_MID--AUDIO_19_R1_2009_19_R1_2009_04_WAV.wav,train,alexander_scriabin__sonata_no_5_op_53,Romantic,2
track_000030,Alexander Scriabin,"Sonata No. 5, Op. 53",2008,601.648703906,2008/MIDI-Unprocessed_07_R1_2008_01-04_ORIG_MID--AUDIO_07_R1_2008_wav--4.midi,2008/MIDI-Unprocessed_07_R1_2008_01-04_ORIG_MID--AUDIO_07_R1_2008_wav--4.wav,data\raw\maestro-v3.0.0\2008\MIDI-Unprocessed_07_R1_2008_01-04_ORIG_MID--AUDIO_07_R1_2008_wav--4.midi,data\raw\maestro-v3.0.0\2008\MIDI-Unprocessed_07_R1_2008_01-04_ORIG_MID--AUDIO_07_R1_2008_wav--4.wav,train,alexander_scriabin__sonata_no_5_op_53,Romantic,2
track_000031,Alexander Scriabin,"Sonata No. 5, Op. 53",2014,707.903939531,2014/MIDI-UNPROCESSED_21-22_R1_2014_MID--AUDIO_21_R1_2014_wav--6.midi,2014/MIDI-UNPROCESSED_21-22_R1_2014_MID--AUDIO_21_R1_2014_wav--6.wav,data\raw\maestro-v3.0.0\2014\MIDI-UNPROCESSED_21-22_R1_2014_MID--AUDIO_21_R1_2014_wav--6.midi,data\raw\maestro-v3.0.0\2014\MIDI-UNPROCESSED_21-22_R1_2014_MID--AUDIO_21_R1_2014_wav--6.wav,train,alexander_scriabin__sonata_no_5_op_53,Romantic,2
track_000032,Alexander Scriabin,"Sonata No. 5, Op. 53",2014,644.840434219,2014/MIDI-UNPROCESSED_21-22_R1_2014_MID--AUDIO_22_R1_2014_wav--4.midi,2014/MIDI-UNPROCESSED_21-22_R1_2014_MID--AUDIO_22_R1_2014_wav--4.wav,data\raw\maestro-v3.0.0\2014\MIDI-UNPROCESSED_21-22_R1_2014_MID--AUDIO_22_R1_2014_wav--4.midi,data\raw\maestro-v3.0.0\2014\MIDI-UNPROCESSED_21-22_R1_2014_MID--AUDIO_22_R1_2014_wav--4.wav,train,alexander_scriabin__sonata_no_5_op_53,Romantic,2
track_000033,Alexander Scriabin,Sonata No. 9,2006,476.652835312,2006/MIDI-Unprocessed_01_R1_2006_01-09_ORIG_MID--AUDIO_01_R1_2006_04_Track04_wav.midi,2006/MIDI-Unprocessed_01_R1_2006_01-09_ORIG_MID--AUDIO_01_R1_2006_04_Track04_wav.wav,data\raw\maestro-v3.0.0\2006\MIDI-Unprocessed_01_R1_2006_01-09_ORIG_MID--AUDIO_01_R1_2006_04_Track04_wav.midi,data\raw\maestro-v3.0.0\2006\MIDI-Unprocessed_01_R1_2006_01-09_ORIG_MID--AUDIO_01_R1_2006_04_Track04_wav.wav,test,alexander_scriabin__sonata_no_9,Romantic,2
track_000034,Alexander Scriabin,Sonata No. 9,2006,426.268270313,2006/MIDI-Unprocessed_24_R1_2006_01-05_ORIG_MID--AUDIO_24_R1_2006_03_Track03_wav.midi,2006/MIDI-Unprocessed_24_R1_2006_01-05_ORIG_MID--AUDIO_24_R1_2006_03_Track03_wav.wav,data\raw\maestro-v3.0.0\2006\MIDI-Unprocessed_24_R1_2006_01-05_ORIG_MID--AUDIO_24_R1_2006_03_Track03_wav.midi,data\raw\maestro-v3.0.0\2006\MIDI-Unprocessed_24_R1_2006_01-05_ORIG_MID--AUDIO_24_R1_2006_03_Track03_wav.wav,test,alexander_scriabin__sonata_no_9,Romantic,2
track_000035,Alexander Scriabin,"Sonata No. 9, Op. 68",2009,520.139704219,2009/MIDI-Unprocessed_11_R1_2009_06-09_ORIG_MID--AUDIO_11_R1_2009_11_R1_2009_08_WAV.midi,2009/MIDI-Unprocessed_11_R1_2009_06-09_ORIG_MID--AUDIO_11_R1_2009_11_R1_2009_08_WAV.wav,data\raw\maestro-v3.0.0\2009\MIDI-Unprocessed_11_R1_2009_06-09_ORIG_MID--AUDIO_11_R1_2009_11_R1_2009_08_WAV.midi,data\raw\maestro-v3.0.0\2009\MIDI-Unprocessed_11_R1_2009_06-09_ORIG_MID--AUDIO_11_R1_2009_11_R1_2009_08_WAV.wav,test,alexander_scriabin__sonata_no_9_op_68,Romantic,2
track_000036,Alexander Scriabin,"Sonata No. 9, Op. 68, ""Black Mass""",2018,520.215825937,2018/MIDI-Unprocessed_Recital13-15_MID--AUDIO_15_R1_2018_wav--1.midi,2018/MIDI-Unprocessed_Recital13-15_MID--AUDIO_15_R1_2018_wav--1.wav,data\raw\maestro-v3.0.0\2018\MIDI-Unprocessed_Recital13-15_MID--AUDIO_15_R1_2018_wav--1.midi,data\raw\maestro-v3.0.0\2018\MIDI-Unprocessed_Recital13-15_MID--AUDIO_15_R1_2018_wav--1.wav,test,alexander_scriabin__sonata_no_9_op_68_black_mass,Romantic,2
track_000037,Alexander Scriabin,"Two Impromptus, Op. 14 (Complete)",2014,365.655350156,2014/MIDI-UNPROCESSED_14-15_R1_2014_MID--AUDIO_15_R1_2014_wav--3.midi,2014/MIDI-UNPROCESSED_14-15_R1_2014_MID--AUDIO_15_R1_2014_wav--3.wav,data\raw\maestro-v3.0.0\2014\MIDI-UNPROCESSED_14-15_R1_2014_MID--AUDIO_15_R1_2014_wav--3.midi,data\raw\maestro-v3.0.0\2014\MIDI-UNPROCESSED_14-15_R1_2014_MID--AUDIO_15_R1_2014_wav--3.wav,validation,alexander_scriabin__two_impromptus_op_14_complete,Romantic,2
track_000038,Alexander Scriabin,"Waltz, Op. 38",2014,319.910203594,2014/MIDI-UNPROCESSED_14-15_R1_2014_MID--AUDIO_15_R1_2014_wav--4.midi,2014/MIDI-UNPROCESSED_14-15_R1_2014_MID--AUDIO_15_R1_2014_wav--4.wav,data\raw\maestro-v3.0.0\2014\MIDI-UNPROCESSED_14-15_R1_2014_MID--AUDIO_15_R1_2014_wav--4.midi,data\raw\maestro-v3.0.0\2014\MIDI-UNPROCESSED_14-15_R1_2014_MID--AUDIO_15_R1_2014_wav--4.wav,validation,alexander_scriabin__waltz_op_38,Romantic,2
track_000039,Antonio Soler,Sonata No. 10 in B Minor,2009,232.765525781,2009/MIDI-Unprocessed_09_R1_2009_01-04_ORIG_MID--AUDIO_09_R1_2009_09_R1_2009_01_WAV.midi,2009/MIDI-Unprocessed_09_R1_2009_01-04_ORIG_MID--AUDIO_09_R1_2009_09_R1_2009_01_WAV.wav,data\raw\maestro-v3.0.0\2009\MIDI-Unprocessed_09_R1_2009_01-04_ORIG_MID--AUDIO_09_R1_2009_09_R1_2009_01_WAV.midi,data\raw\maestro-v3.0.0\2009\MIDI-Unprocessed_09_R1_2009_01-04_ORIG_MID--AUDIO_09_R1_2009_09_R1_2009_01_WAV.wav,train,antonio_soler__sonata_no_10_in_b_minor,Classical,1
track_000040,Carl Maria von Weber,"Sonata No. 1, 2nd, 3rd and 4th movements",2008,939.13367625,2008/MIDI-Unprocessed_02_R3_2008_01-03_ORIG_MID--AUDIO_02_R3_2008_wav--3.midi,2008/MIDI-Unprocessed_02_R3_2008_01-03_ORIG_MID--AUDIO_02_R3_2008_wav--3.wav,data\raw\maestro-v3.0.0\2008\MIDI-Unprocessed_02_R3_2008_01-03_ORIG_MID--AUDIO_02_R3_2008_wav--3.midi,data\raw\maestro-v3.0.0\2008\MIDI-Unprocessed_02_R3_2008_01-03_ORIG_MID--AUDIO_02_R3_2008_wav--3.wav,train,carl_maria_von_weber__sonata_no_1_2nd_3rd_and_4th_movements,Romantic,2
track_000041,Charles Gounod / Franz Liszt,Faust Waltz,2006,557.392605,2006/MIDI-Unprocessed_08_R1_2006_01-04_ORIG_MID--AUDIO_08_R1_2006_Disk1_01_Track01_wav.midi,2006/MIDI-Unprocessed_08_R1_2006_01-04_ORIG_MID--AUDIO_08_R1_2006_Disk1_01_Track01_wav.wav,data\raw\maestro-v3.0.0\2006\MIDI-Unprocessed_08_R1_2006_01-04_ORIG_MID--AUDIO_08_R1_2006_Disk1_01_Track01_wav.midi,data\raw\maestro-v3.0.0\2006\MIDI-Unprocessed_08_R1_2006_01-04_ORIG_MID--AUDIO_08_R1_2006_Disk1_01_Track01_wav.wav,train,charles_gounod_franz_liszt__faust_waltz,Romantic,2
track_000087,César Franck,Prel./Chor./Fug.,2006,1188.161205,2006/MIDI-Unprocessed_22_R1_2006_01-04_ORIG_MID--AUDIO_22_R1_2006_02_Track02_wav.midi,2006/MIDI-Unprocessed_22_R1_2006_01-04_ORIG_MID--AUDIO_22_R1_2006_02_Track02_wav.wav,data\raw\maestro-v3.0.0\2006\MIDI-Unprocessed_22_R1_2006_01-04_ORIG_MID--AUDIO_22_R1_2006_02_Track02_wav.midi,data\raw\maestro-v3.0.0\2006\MIDI-Unprocessed_22_R1_2006_01-04_ORIG_MID--AUDIO_22_R1_2006_02_Track02_wav.wav,validation,c_sar_franck__prel_chor_fug,Romantic,2
track_000088,César Franck,"Prelude, Choral et Fugue",2018,1054.57827234,2018/MIDI-Unprocessed_Recital8_MID--AUDIO_08_R1_2018_wav--2.midi,2018/MIDI-Unprocessed_Recital8_MID--AUDIO_08_R1_2018_wav--2.wav,data\raw\maestro-v3.0.0\2018\MIDI-Unprocessed_Recital8_MID--AUDIO_08_R1_2018_wav--2.midi,data\raw\maestro-v3.0.0\2018\MIDI-Unprocessed_Recital8_MID--AUDIO_08_R1_2018_wav--2.wav,validation,c_sar_franck__prelude_choral_et_fugue,Romantic,2
track_000089,César Franck,"Prelude, Choral et Fugue",2018,1021.9006875,2018/MIDI-Unprocessed_Recital9-11_MID--AUDIO_10_R1_2018_wav--5.midi,2018/MIDI-Unprocessed_Recital9-11_MID--AUDIO_10_R1_2018_wav--5.wav,data\raw\maestro-v3.0.0\2018\MIDI-Unprocessed_Recital9-11_MID--AUDIO_10_R1_2018_wav--5.midi,data\raw\maestro-v3.0.0\2018\MIDI-Unprocessed_Recital9-11_MID--AUDIO_10_R1_2018_wav--5.wav,validation,c_sar_franck__prelude_choral_et_fugue,Romantic,2
track_000090,César Franck,"Prelude, Fugue et Variation, Op. 18, Arrangement Delle Vigne",2018,632.269666875,2018/MIDI-Unprocessed_Recital1-3_MID--AUDIO_01_R1_2018_wav--2.midi,2018/MIDI-Unprocessed_Recital1-3_MID--AUDIO_01_R1_2018_wav--2.wav,data\raw\maestro-v3.0.0\2018\MIDI-Unprocessed_Recital1-3_MID--AUDIO_01_R1_2018_wav--2.midi,data\raw\maestro-v3.0.0\2018\MIDI-Unprocessed_Recital1-3_MID--AUDIO_01_R1_2018_wav--2.wav,train,c_sar_franck__prelude_fugue_et_variation_op_18_arrangement_delle_vigne,Romantic,2
track_000091,César Franck,"Prélude, chorale, et fugue, M. 21",2014,706.374827813,2014/MIDI-UNPROCESSED_16-18_R1_2014_MID--AUDIO_16_R1_2014_wav--3.midi,2014/MIDI-UNPROCESSED_16-18_R1_2014_MID--AUDIO_16_R1_2014_wav--3.wav,data\raw\maestro-v3.0.0\2014\MIDI-UNPROCESSED_16-18_R1_2014_MID--AUDIO_16_R1_2014_wav--3.midi,data\raw\maestro-v3.0.0\2014\MIDI-UNPROCESSED_16-18_R1_2014_MID--AUDIO_16_R1_2014_wav--3.wav,train,c_sar_franck__pr_lude_chorale_et_fugue_m_21,Romantic,2
track_000092,Domenico Scarlatti,Sonata K. 466,2008,121.187111719,2008/MIDI-Unprocessed_09_R3_2008_01-07_ORIG_MID--AUDIO_09_R3_2008_wav--3.midi,2008/MIDI-Unprocessed_09_R3_2008_01-07_ORIG_MID--AUDIO_09_R3_2008_wav--3.wav,data\raw\maestro-v3.0.0\2008\MIDI-Unprocessed_09_R3_2008_01-07_ORIG_MID--AUDIO_09_R3_2008_wav--3.midi,data\raw\maestro-v3.0.0\2008\MIDI-Unprocessed_09_R3_2008_01-07_ORIG_MID--AUDIO_09_R3_2008_wav--3.wav,train,domenico_scarlatti__sonata_k_466,Baroque,0
track_000093,Domenico Scarlatti,Sonata K. 525,2008,65.9481178125,2008/MIDI-Unprocessed_09_R3_2008_01-07_ORIG_MID--AUDIO_09_R3_2008_wav--2.midi,2008/MIDI-Unprocessed_09_R3_2008_01-07_ORIG_MID--AUDIO_09_R3_2008_wav--2.wav,data\raw\maestro-v3.0.0\2008\MIDI-Unprocessed_09_R3_2008_01-07_ORIG_MID--AUDIO_09_R3_2008_wav--2.midi,data\raw\maestro-v3.0.0\2008\MIDI-Unprocessed_09_R3_2008_01-07_ORIG_MID--AUDIO_09_R3_2008_wav--2.wav,test,domenico_scarlatti__sonata_k_525,Baroque,0
track_000094,Domenico Scarlatti,Sonata K. 54,2008,205.774366875,2008/MIDI-Unprocessed_09_R3_2008_01-07_ORIG_MID--AUDIO_09_R3_2008_wav--1.midi,2008/MIDI-Unprocessed_09_R3_2008_01-07_ORIG_MID--AUDIO_09_R3_2008_wav--1.wav,data\raw\maestro-v3.0.0\2008\MIDI-Unprocessed_09_R3_2008_01-07_ORIG_MID--AUDIO_09_R3_2008_wav--1.midi,data\raw\maestro-v3.0.0\2008\MIDI-Unprocessed_09_R3_2008_01-07_ORIG_MID--AUDIO_09_R3_2008_wav--1.wav,test,domenico_scarlatti__sonata_k_54,Baroque,0
track_000095,Domenico Scarlatti,"Sonata in A Major, K. 208",2014,146.682545625,2014/MIDI-UNPROCESSED_01-03_R1_2014_MID--AUDIO_01_R1_2014_wav--2.midi,2014/MIDI-UNPROCESSED_01-03_R1_2014_MID--AUDIO_01_R1_2014_wav--2.wav,data\raw\maestro-v3.0.0\2014\MIDI-UNPROCESSED_01-03_R1_2014_MID--AUDIO_01_R1_2014_wav--2.midi,data\raw\maestro-v3.0.0\2014\MIDI-UNPROCESSED_01-03_R1_2014_MID--AUDIO_01_R1_2014_wav--2.wav,test,domenico_scarlatti__sonata_in_a_major_k_208,Baroque,0
track_000096,Domenico Scarlatti,"Sonata in B Minor, K. 197",2009,298.063270313,2009/MIDI-Unprocessed_14_R1_2009_01-05_ORIG_MID--AUDIO_14_R1_2009_14_R1_2009_04_WAV.midi,2009/MIDI-Unprocessed_14_R1_2009_01-05_ORIG_MID--AUDIO_14_R1_2009_14_R1_2009_04_WAV.wav,data\raw\maestro-v3.0.0\2009\MIDI-Unprocessed_14_R1_2009_01-05_ORIG_MID--AUDIO_14_R1_2009_14_R1_2009_04_WAV.midi,data\raw\maestro-v3.0.0\2009\MIDI-Unprocessed_14_R1_2009_01-05_ORIG_MID--AUDIO_14_R1_2009_14_R1_2009_04_WAV.wav,train,domenico_scarlatti__sonata_in_b_minor_k_197,Baroque,0
track_000097,Domenico Scarlatti,"Sonata in B Minor, K. 27",2009,95.0212725,2009/MIDI-Unprocessed_01_R1_2009_01-04_ORIG_MID--AUDIO_01_R1_2009_01_R1_2009_01_WAV.midi,2009/MIDI-Unprocessed_01_R1_2009_01-04_ORIG_MID--AUDIO_01_R1_2009_01_R1_2009_01_WAV.wav,data\raw\maestro-v3.0.0\2009\MIDI-Unprocessed_01_R1_2009_01-04_ORIG_MID--AUDIO_01_R1_2009_01_R1_2009_01_WAV.midi,data\raw\maestro-v3.0.0\2009\MIDI-Unprocessed_01_R1_2009_01-04_ORIG_MID--AUDIO_01_R1_2009_01_R1_2009_01_WAV.wav,train,domenico_scarlatti__sonata_in_b_minor_k_27,Baroque,0
track_000098,Domenico Scarlatti,"Sonata in B Minor, K. 87",2018,294.075560625,2018/MIDI-Unprocessed_Recital5-7_MID--AUDIO_07_R1_2018_wav--3.midi,2018/MIDI-Unprocessed_Recital5-7_MID--AUDIO_07_R1_2018_wav--3.wav,data\raw\maestro-v3.0.0\2018\MIDI-Unprocessed_Recital5-7_MID--AUDIO_07_R1_2018_wav--3.midi,data\raw\maestro-v3.0.0\2018\MIDI-Unprocessed_Recital5-7_MID--AUDIO_07_R1_2018_wav--3.wav,train,domenico_scarlatti__sonata_in_b_minor_k_87,Baroque,0
track_000099,Domenico Scarlatti,"Sonata in B Minor, K. 87",2014,317.398186875,2014/MIDI-UNPROCESSED_11-13_R1_2014_MID--AUDIO_13_R1_2014_wav--1.midi,2014/MIDI-UNPROCESSED_11-13_R1_2014_MID--AUDIO_13_R1_2014_wav--1.wav,data\raw\maestro-v3.0.0\2014\MIDI-UNPROCESSED_11-13_R1_2014_MID--AUDIO_13_R1_2014_wav--1.midi,data\raw\maestro-v3.0.0\2014\MIDI-UNPROCESSED_11-13_R1_2014_MID--AUDIO_13_R1_2014_wav--1.wav,train,domenico_scarlatti__sonata_in_b_minor_k_87,Baroque,0
track_000100,Domenico Scarlatti,"Sonata in B Minor, L. 33",2009,167.319544219,2009/MIDI-Unprocessed_09_R1_2009_01-04_ORIG_MID--AUDIO_09_R1_2009_09_R1_2009_02_WAV.midi,2009/MIDI-Unprocessed_09_R1_2009_01-04_ORIG_MID--AUDIO_09_R1_2009_09_R1_2009_02_WAV.wav,data\raw\maestro-v3.0.0\2009\MIDI-Unprocessed_09_R1_2009_01-04_ORIG_MID--AUDIO_09_R1_2009_09_R1_2009_02_WAV.midi,data\raw\maestro-v3.0.0\2009\MIDI-Unprocessed_09_R1_2009_01-04_ORIG_MID--AUDIO_09_R1_2009_09_R1_2009_02_WAV.wav,train,domenico_scarlatti__sonata_in_b_minor_l_33,Baroque,0
track_000101,Domenico Scarlatti,"Sonata in C Major, K. 132",2014,241.6877925,2014/MIDI-UNPROCESSED_19-21_R3_2014_MID--AUDIO_21_R3_2014_wav--1.midi,2014/MIDI-UNPROCESSED_19-21_R3_2014_MID--AUDIO_21_R3_2014_wav--1.wav,data\raw\maestro-v3.0.0\2014\MIDI-UNPROCESSED_19-21_R3_2014_MID--AUDIO_21_R3_2014_wav--1.midi,data\raw\maestro-v3.0.0\2014\MIDI-UNPROCESSED_19-21_R3_2014_MID--AUDIO_21_R3_2014_wav--1.wav,test,domenico_scarlatti__sonata_in_c_major_k_132,Baroque,0
track_000102,Domenico Scarlatti,"Sonata in C Major, K. 179",2009,132.728232656,2009/MIDI-Unprocessed_14_R1_2009_01-05_ORIG_MID--AUDIO_14_R1_2009_14_R1_2009_03_WAV.midi,2009/MIDI-Unprocessed_14_R1_2009_01-05_ORIG_MID--AUDIO_14_R1_2009_14_R1_2009_03_WAV.wav,data\raw\maestro-v3.0.0\2009\MIDI-Unprocessed_14_R1_2009_01-05_ORIG_MID--AUDIO_14_R1_2009_14_R1_2009_03_WAV.midi,data\raw\maestro-v3.0.0\2009\MIDI-Unprocessed_14_R1_2009_01-05_ORIG_MID--AUDIO_14_R1_2009_14_R1_2009_03_WAV.wav,train,domenico_scarlatti__sonata_in_c_major_k_179,Baroque,0
track_000103,Domenico Scarlatti,"Sonata in C Major, K. 513",2014,174.2092275,2014/MIDI-UNPROCESSED_09-10_R1_2014_MID--AUDIO_10_R1_2014_wav--2.midi,2014/MIDI-UNPROCESSED_09-10_R1_2014_MID--AUDIO_10_R1_2014_wav--2.wav,data\raw\maestro-v3.0.0\2014\MIDI-UNPROCESSED_09-10_R1_2014_MID--AUDIO_10_R1_2014_wav--2.midi,data\raw\maestro-v3.0.0\2014\MIDI-UNPROCESSED_09-10_R1_2014_MID--AUDIO_10_R1_2014_wav--2.wav,train,domenico_scarlatti__sonata_in_c_major_k_513,Baroque,0
track_000104,Domenico Scarlatti,"Sonata in C Minor, K. 84",2014,79.7421745313,2014/MIDI-UNPROCESSED_09-10_R1_2014_MID--AUDIO_10_R1_2014_wav--1.midi,2014/MIDI-UNPROCESSED_09-10_R1_2014_MID--AUDIO_10_R1_2014_wav--1.wav,data\raw\maestro-v3.0.0\2014\MIDI-UNPROCESSED_09-10_R1_2014_MID--AUDIO_10_R1_2014_wav--1.midi,data\raw\maestro-v3.0.0\2014\MIDI-UNPROCESSED_09-10_R1_2014_MID--AUDIO_10_R1_2014_wav--1.wav,train,domenico_scarlatti__sonata_in_c_minor_k_84,Baroque,0
track_000105,Domenico Scarlatti,"Sonata in D Major, K. 118",2014,136.679884688,2014/MIDI-UNPROCESSED_01-03_R1_2014_MID--AUDIO_01_R1_2014_wav--1.midi,2014/MIDI-UNPROCESSED_01-03_R1_2014_MID--AUDIO_01_R1_2014_wav--1.wav,data\raw\maestro-v3.0.0\2014\MIDI-UNPROCESSED_01-03_R1_2014_MID--AUDIO_01_R1_2014_wav--1.midi,data\raw\maestro-v3.0.0\2014\MIDI-UNPROCESSED_01-03_R1_2014_MID--AUDIO_01_R1_2014_wav--1.wav,test,domenico_scarlatti__sonata_in_d_major_k_118,Baroque,0
track_000106,Domenico Scarlatti,"Sonata in D Major, K. 119",2009,136.354030313,2009/MIDI-Unprocessed_01_R1_2009_01-04_ORIG_MID--AUDIO_01_R1_2009_01_R1_2009_02_WAV.midi,2009/MIDI-Unprocessed_01_R1_2009_01-04_ORIG_MID--AUDIO_01_R1_2009_01_R1_2009_02_WAV.wav,data\raw\maestro-v3.0.0\2009\MIDI-Unprocessed_01_R1_2009_01-04_ORIG_MID--AUDIO_01_R1_2009_01_R1_2009_02_WAV.midi,data\raw\maestro-v3.0.0\2009\MIDI-Unprocessed_01_R1_2009_01-04_ORIG_MID--AUDIO_01_R1_2009_01_R1_2009_02_WAV.wav,train,domenico_scarlatti__sonata_in_d_major_k_119,Baroque,0
track_000107,Domenico Scarlatti,"Sonata in D Major, K. 145",2014,205.845146719,2014/MIDI-UNPROCESSED_19-21_R3_2014_MID--AUDIO_21_R3_2014_wav--2.midi,2014/MIDI-UNPROCESSED_19-21_R3_2014_MID--AUDIO_21_R3_2014_wav--2.wav,data\raw\maestro-v3.0.0\2014\MIDI-UNPROCESSED_19-21_R3_2014_MID--AUDIO_21_R3_2014_wav--2.midi,data\raw\maestro-v3.0.0\2014\MIDI-UNPROCESSED_19-21_R3_2014_MID--AUDIO_21_R3_2014_wav--2.wav,train,domenico_scarlatti__sonata_in_d_major_k_145,Baroque,0
track_000108,Domenico Scarlatti,"Sonata in D Major, K. 430",2014,170.509979063,2014/MIDI-UNPROCESSED_11-13_R1_2014_MID--AUDIO_13_R1_2014_wav--2.midi,2014/MIDI-UNPROCESSED_11-13_R1_2014_MID--AUDIO_13_R1_2014_wav--2.wav,data\raw\maestro-v3.0.0\2014\MIDI-UNPROCESSED_11-13_R1_2014_MID--AUDIO_13_R1_2014_wav--2.midi,data\raw\maestro-v3.0.0\2014\MIDI-UNPROCESSED_11-13_R1_2014_MID--AUDIO_13_R1_2014_wav--2.wav,train,domenico_scarlatti__sonata_in_d_major_k_430,Baroque,0
track_000109,Domenico Scarlatti,"Sonata in D Major, K. 576",2009,788.930835,2009/MIDI-Unprocessed_02_R1_2009_01-02_ORIG_MID--AUDIO_02_R1_2009_02_R1_2009_01_WAV.midi,2009/MIDI-Unprocessed_02_R1_2009_01-02_ORIG_MID--AUDIO_02_R1_2009_02_R1_2009_01_WAV.wav,data\raw\maestro-v3.0.0\2009\MIDI-Unprocessed_02_R1_2009_01-02_ORIG_MID--AUDIO_02_R1_2009_02_R1_2009_01_WAV.midi,data\raw\maestro-v3.0.0\2009\MIDI-Unprocessed_02_R1_2009_01-02_ORIG_MID--AUDIO_02_R1_2009_02_R1_2009_01_WAV.wav,train,domenico_scarlatti__sonata_in_d_major_k_576,Baroque,0
track_000110,Domenico Scarlatti,"Sonata in D Major, K. 96 L. 465",2008,138.765886875,2008/MIDI-Unprocessed_10_R2_2008_01-05_ORIG_MID--AUDIO_10_R2_2008_wav--2.midi,2008/MIDI-Unprocessed_10_R2_2008_01-05_ORIG_MID--AUDIO_10_R2_2008_wav--2.wav,data\raw\maestro-v3.0.0\2008\MIDI-Unprocessed_10_R2_2008_01-05_ORIG_MID--AUDIO_10_R2_2008_wav--2.midi,data\raw\maestro-v3.0.0\2008\MIDI-Unprocessed_10_R2_2008_01-05_ORIG_MID--AUDIO_10_R2_2008_wav--2.wav,test,domenico_scarlatti__sonata_in_d_major_k_96_l_465,Baroque,0
track_000111,Domenico Scarlatti,"Sonata in D Major, K96",2018,140.121387656,2018/MIDI-Unprocessed_Recital17-19_MID--AUDIO_18_R1_2018_wav--3.midi,2018/MIDI-Unprocessed_Recital17-19_MID--AUDIO_18_R1_2018_wav--3.wav,data\raw\maestro-v3.0.0\2018\MIDI-Unprocessed_Recital17-19_MID--AUDIO_18_R1_2018_wav--3.midi,data\raw\maestro-v3.0.0\2018\MIDI-Unprocessed_Recital17-19_MID--AUDIO_18_R1_2018_wav--3.wav,test,domenico_scarlatti__sonata_in_d_major_k96,Baroque,0
track_000112,Domenico Scarlatti,"Sonata in D Minor, K. 1",2014,139.008942187,2014/MIDI-UNPROCESSED_04-05_R1_2014_MID--AUDIO_04_R1_2014_wav--1.midi,2014/MIDI-UNPROCESSED_04-05_R1_2014_MID--AUDIO_04_R1_2014_wav--1.wav,data\raw\maestro-v3.0.0\2014\MIDI-UNPROCESSED_04-05_R1_2014_MID--AUDIO_04_R1_2014_wav--1.midi,data\raw\maestro-v3.0.0\2014\MIDI-UNPROCESSED_04-05_R1_2014_MID--AUDIO_04_R1_2014_wav--1.wav,train,domenico_scarlatti__sonata_in_d_minor_k_1,Baroque,0
track_000113,Domenico Scarlatti,"Sonata in D Minor, K. 141",2018,194.772775312,2018/MIDI-Unprocessed_Recital9-11_MID--AUDIO_09_R1_2018_wav--6.midi,2018/MIDI-Unprocessed_Recital9-11_MID--AUDIO_09_R1_2018_wav--6.wav,data\raw\maestro-v3.0.0\2018\MIDI-Unprocessed_Recital9-11_MID--AUDIO_09_R1_2018_wav--6.midi,data\raw\maestro-v3.0.0\2018\MIDI-Unprocessed_Recital9-11_MID--AUDIO_09_R1_2018_wav--6.wav,train,domenico_scarlatti__sonata_in_d_minor_k_141,Baroque,0
track_000114,Domenico Scarlatti,"Sonata in D Minor, K. 141",2014,201.390022969,2014/MIDI-UNPROCESSED_11-13_R1_2014_MID--AUDIO_11_R1_2014_wav--2.midi,2014/MIDI-UNPROCESSED_11-13_R1_2014_MID--AUDIO_11_R1_2014_wav--2.wav,data\raw\maestro-v3.0.0\2014\MIDI-UNPROCESSED_11-13_R1_2014_MID--AUDIO_11_R1_2014_wav--2.midi,data\raw\maestro-v3.0.0\2014\MIDI-UNPROCESSED_11-13_R1_2014_MID--AUDIO_11_R1_2014_wav--2.wav,train,domenico_scarlatti__sonata_in_d_minor_k_141,Baroque,0
track_000115,Domenico Scarlatti,"Sonata in D Minor, K. 213",2018,214.695298125,2018/MIDI-Unprocessed_Recital9-11_MID--AUDIO_09_R1_2018_wav--5.midi,2018/MIDI-Unprocessed_Recital9-11_MID--AUDIO_09_R1_2018_wav--5.wav,data\raw\maestro-v3.0.0\2018\MIDI-Unprocessed_Recital9-11_MID--AUDIO_09_R1_2018_wav--5.midi,data\raw\maestro-v3.0.0\2018\MIDI-Unprocessed_Recital9-11_MID--AUDIO_09_R1_2018_wav--5.wav,test,domenico_scarlatti__sonata_in_d_minor_k_213,Baroque,0
track_000116,Domenico Scarlatti,"Sonata in D Minor, K. 9",2014,217.822965937,2014/MIDI-UNPROCESSED_11-13_R1_2014_MID--AUDIO_11_R1_2014_wav--1.midi,2014/MIDI-UNPROCESSED_11-13_R1_2014_MID--AUDIO_11_R1_2014_wav--1.wav,data\raw\maestro-v3.0.0\2014\MIDI-UNPROCESSED_11-13_R1_2014_MID--AUDIO_11_R1_2014_wav--1.midi,data\raw\maestro-v3.0.0\2014\MIDI-UNPROCESSED_11-13_R1_2014_MID--AUDIO_11_R1_2014_wav--1.wav,test,domenico_scarlatti__sonata_in_d_minor_k_9,Baroque,0
track_000117,Domenico Scarlatti,"Sonata in D Minor, K. 9 L. 413",2008,95.9707907813,2008/MIDI-Unprocessed_10_R2_2008_01-05_ORIG_MID--AUDIO_10_R2_2008_wav--1.midi,2008/MIDI-Unprocessed_10_R2_2008_01-05_ORIG_MID--AUDIO_10_R2_2008_wav--1.wav,data\raw\maestro-v3.0.0\2008\MIDI-Unprocessed_10_R2_2008_01-05_ORIG_MID--AUDIO_10_R2_2008_wav--1.midi,data\raw\maestro-v3.0.0\2008\MIDI-Unprocessed_10_R2_2008_01-05_ORIG_MID--AUDIO_10_R2_2008_wav--1.wav,test,domenico_scarlatti__sonata_in_d_minor_k_9_l_413,Baroque,0
track_000118,Domenico Scarlatti,"Sonata in F Minor, K. 466",2017,239.784081463,2017/MIDI-Unprocessed_083_PIANO083_MID--AUDIO-split_07-09-17_Piano-e_2_-06_wav--1.midi,2017/MIDI-Unprocessed_083_PIANO083_MID--AUDIO-split_07-09-17_Piano-e_2_-06_wav--1.wav,data\raw\maestro-v3.0.0\2017\MIDI-Unprocessed_083_PIANO083_MID--AUDIO-split_07-09-17_Piano-e_2_-06_wav--1.midi,data\raw\maestro-v3.0.0\2017\MIDI-Unprocessed_083_PIANO083_MID--AUDIO-split_07-09-17_Piano-e_2_-06_wav--1.wav,test,domenico_scarlatti__sonata_in_f_minor_k_466,Baroque,0
track_000119,Domenico Scarlatti,"Sonata in G Major, K. 146",2009,143.520155625,2009/MIDI-Unprocessed_14_R1_2009_01-05_ORIG_MID--AUDIO_14_R1_2009_14_R1_2009_05_WAV.midi,2009/MIDI-Unprocessed_14_R1_2009_01-05_ORIG_MID--AUDIO_14_R1_2009_14_R1_2009_05_WAV.wav,data\raw\maestro-v3.0.0\2009\MIDI-Unprocessed_14_R1_2009_01-05_ORIG_MID--AUDIO_14_R1_2009_14_R1_2009_05_WAV.midi,data\raw\maestro-v3.0.0\2009\MIDI-Unprocessed_14_R1_2009_01-05_ORIG_MID--AUDIO_14_R1_2009_14_R1_2009_05_WAV.wav,train,domenico_scarlatti__sonata_in_g_major_k_146,Baroque,0
track_000120,Domenico Scarlatti,"Sonata in G Major, K. 455",2017,96.3852114708,2017/MIDI-Unprocessed_083_PIANO083_MID--AUDIO-split_07-09-17_Piano-e_2_-06_wav--2.midi,2017/MIDI-Unprocessed_083_PIANO083_MID--AUDIO-split_07-09-17_Piano-e_2_-06_wav--2.wav,data\raw\maestro-v3.0.0\2017\MIDI-Unprocessed_083_PIANO083_MID--AUDIO-split_07-09-17_Piano-e_2_-06_wav--2.midi,data\raw\maestro-v3.0.0\2017\MIDI-Unprocessed_083_PIANO083_MID--AUDIO-split_07-09-17_Piano-e_2_-06_wav--2.wav,train,domenico_scarlatti__sonata_in_g_major_k_455,Baroque,0
track_000121,Domenico Scarlatti,"Sonata, K239",2004,196.015447394,2004/MIDI-Unprocessed_XP_04_R1_2004_03-05_ORIG_MID--AUDIO_04_R1_2004_06_Track06_wav.midi,2004/MIDI-Unprocessed_XP_04_R1_2004_03-05_ORIG_MID--AUDIO_04_R1_2004_06_Track06_wav.wav,data\raw\maestro-v3.0.0\2004\MIDI-Unprocessed_XP_04_R1_2004_03-05_ORIG_MID--AUDIO_04_R1_2004_06_Track06_wav.midi,data\raw\maestro-v3.0.0\2004\MIDI-Unprocessed_XP_04_R1_2004_03-05_ORIG_MID--AUDIO_04_R1_2004_06_Track06_wav.wav,test,domenico_scarlatti__sonata_k239,Baroque,0
track_000122,Domenico Scarlatti,Two Sonatas,2006,373.6107375,2006/MIDI-Unprocessed_01_R1_2006_01-09_ORIG_MID--AUDIO_01_R1_2006_02_Track02_wav.midi,2006/MIDI-Unprocessed_01_R1_2006_01-09_ORIG_MID--AUDIO_01_R1_2006_02_Track02_wav.wav,data\raw\maestro-v3.0.0\2006\MIDI-Unprocessed_01_R1_2006_01-09_ORIG_MID--AUDIO_01_R1_2006_02_Track02_wav.midi,data\raw\maestro-v3.0.0\2006\MIDI-Unprocessed_01_R1_2006_01-09_ORIG_MID--AUDIO_01_R1_2006_02_Track02_wav.wav,test,domenico_scarlatti__two_sonatas,Baroque,0
track_000123,Edvard Grieg,"Lyric Piece in A Minor, “Waltz,” Op. 12 No. 2",2014,111.434183437,2014/MIDI-UNPROCESSED_21-22_R1_2014_MID--AUDIO_21_R1_2014_wav--1.midi,2014/MIDI-UNPROCESSED_21-22_R1_2014_MID--AUDIO_21_R1_2014_wav--1.wav,data\raw\maestro-v3.0.0\2014\MIDI-UNPROCESSED_21-22_R1_2014_MID--AUDIO_21_R1_2014_wav--1.midi,data\raw\maestro-v3.0.0\2014\MIDI-UNPROCESSED_21-22_R1_2014_MID--AUDIO_21_R1_2014_wav--1.wav,train,edvard_grieg__lyric_piece_in_a_minor_waltz_op_12_no_2,Romantic,2
track_000124,Edvard Grieg,"Lyric Piece in E Minor, “Valse-Impromptu,” Op. 47 No.1",2014,183.914078906,2014/MIDI-UNPROCESSED_21-22_R1_2014_MID--AUDIO_21_R1_2014_wav--3.midi,2014/MIDI-UNPROCESSED_21-22_R1_2014_MID--AUDIO_21_R1_2014_wav--3.wav,data\raw\maestro-v3.0.0\2014\MIDI-UNPROCESSED_21-22_R1_2014_MID--AUDIO_21_R1_2014_wav--3.midi,data\raw\maestro-v3.0.0\2014\MIDI-UNPROCESSED_21-22_R1_2014_MID--AUDIO_21_R1_2014_wav--3.wav,train,edvard_grieg__lyric_piece_in_e_minor_valse_impromptu_op_47_no_1,Romantic,2
track_000125,Edvard Grieg,"Lyric Piece in E Minor, “Waltz,” Op. 38 No. 7",2014,75.8452767188,2014/MIDI-UNPROCESSED_21-22_R1_2014_MID--AUDIO_21_R1_2014_wav--2.midi,2014/MIDI-UNPROCESSED_21-22_R1_2014_MID--AUDIO_21_R1_2014_wav--2.wav,data\raw\maestro-v3.0.0\2014\MIDI-UNPROCESSED_21-22_R1_2014_MID--AUDIO_21_R1_2014_wav--2.midi,data\raw\maestro-v3.0.0\2014\MIDI-UNPROCESSED_21-22_R1_2014_MID--AUDIO_21_R1_2014_wav--2.wav,train,edvard_grieg__lyric_piece_in_e_minor_waltz_op_38_no_7,Romantic,2
track_000126,Felix Mendelssohn,Etude in A Minor,2008,76.0442615625,2008/MIDI-Unprocessed_02_R1_2008_01-05_ORIG_MID--AUDIO_02_R1_2008_wav--3.midi,2008/MIDI-Unprocessed_02_R1_2008_01-05_ORIG_MID--AUDIO_02_R1_2008_wav--3.wav,data\raw\maestro-v3.0.0\2008\MIDI-Unprocessed_02_R1_2008_01-05_ORIG_MID--AUDIO_02_R1_2008_wav--3.midi,data\raw\maestro-v3.0.0\2008\MIDI-Unprocessed_02_R1_2008_01-05_ORIG_MID--AUDIO_02_R1_2008_wav--3.wav,validation,felix_mendelssohn__etude_in_a_minor,Romantic,2
track_000127,Felix Mendelssohn,"Fantasy in F-sharp Minor, Op. 28 (Complete)",2017,661.205093412,2017/MIDI-Unprocessed_059_PIANO059_MID--AUDIO-split_07-07-17_Piano-e_2-03_wav--4.midi,2017/MIDI-Unprocessed_059_PIANO059_MID--AUDIO-split_07-07-17_Piano-e_2-03_wav--4.wav,data\raw\maestro-v3.0.0\2017\MIDI-Unprocessed_059_PIANO059_MID--AUDIO-split_07-07-17_Piano-e_2-03_wav--4.midi,data\raw\maestro-v3.0.0\2017\MIDI-Unprocessed_059_PIANO059_MID--AUDIO-split_07-07-17_Piano-e_2-03_wav--4.wav,test,felix_mendelssohn__fantasy_in_f_sharp_minor_op_28_complete,Romantic,2
track_000128,Felix Mendelssohn,"Rondo Capriccioso in E Minor, Op. 14",2013,362.836175625,2013/ORIG-MIDI_02_7_6_13_Group__MID--AUDIO_06_R1_2013_wav--4.midi,2013/ORIG-MIDI_02_7_6_13_Group__MID--AUDIO_06_R1_2013_wav--4.wav,data\raw\maestro-v3.0.0\2013\ORIG-MIDI_02_7_6_13_Group__MID--AUDIO_06_R1_2013_wav--4.midi,data\raw\maestro-v3.0.0\2013\ORIG-MIDI_02_7_6_13_Group__MID--AUDIO_06_R1_2013_wav--4.wav,validation,felix_mendelssohn__rondo_capriccioso_in_e_minor_op_14,Romantic,2
track_000129,Felix Mendelssohn,"Rondo Capriccioso in E Minor, Op. 14",2011,359.457439688,2011/MIDI-Unprocessed_16_R1_2011_MID--AUDIO_R1-D6_15_Track15_wav.midi,2011/MIDI-Unprocessed_16_R1_2011_MID--AUDIO_R1-D6_15_Track15_wav.wav,data\raw\maestro-v3.0.0\2011\MIDI-Unprocessed_16_R1_2011_MID--AUDIO_R1-D6_15_Track15_wav.midi,data\raw\maestro-v3.0.0\2011\MIDI-Unprocessed_16_R1_2011_MID--AUDIO_R1-D6_15_Track15_wav.wav,validation,felix_mendelssohn__rondo_capriccioso_in_e_minor_op_14,Romantic,2
track_000130,Felix Mendelssohn,Variations Serieuses Op. 54,2017,724.481492758,2017/MIDI-Unprocessed_070_PIANO070_MID--AUDIO-split_07-08-17_Piano-e_1-02_wav--3.midi,2017/MIDI-Unprocessed_070_PIANO070_MID--AUDIO-split_07-08-17_Piano-e_1-02_wav--3.wav,data\raw\maestro-v3.0.0\2017\MIDI-Unprocessed_070_PIANO070_MID--AUDIO-split_07-08-17_Piano-e_1-02_wav--3.midi,data\raw\maestro-v3.0.0\2017\MIDI-Unprocessed_070_PIANO070_MID--AUDIO-split_07-08-17_Piano-e_1-02_wav--3.wav,train,felix_mendelssohn__variations_serieuses_op_54,Romantic,2
track_000131,Felix Mendelssohn,Variations Serieuses Op. 54,2017,665.776652208,2017/MIDI-Unprocessed_072_PIANO072_MID--AUDIO-split_07-08-17_Piano-e_1-06_wav--1.midi,2017/MIDI-Unprocessed_072_PIANO072_MID--AUDIO-split_07-08-17_Piano-e_1-06_wav--1.wav,data\raw\maestro-v3.0.0\2017\MIDI-Unprocessed_072_PIANO072_MID--AUDIO-split_07-08-17_Piano-e_1-06_wav--1.midi,data\raw\maestro-v3.0.0\2017\MIDI-Unprocessed_072_PIANO072_MID--AUDIO-split_07-08-17_Piano-e_1-06_wav--1.wav,train,felix_mendelssohn__variations_serieuses_op_54,Romantic,2
track_000132,Felix Mendelssohn,Variations Serieuses Op. 54,2017,712.135399408,2017/MIDI-Unprocessed_074_PIANO074_MID--AUDIO-split_07-08-17_Piano-e_2-04_wav--1.midi,2017/MIDI-Unprocessed_074_PIANO074_MID--AUDIO-split_07-08-17_Piano-e_2-04_wav--1.wav,data\raw\maestro-v3.0.0\2017\MIDI-Unprocessed_074_PIANO074_MID--AUDIO-split_07-08-17_Piano-e_2-04_wav--1.midi,data\raw\maestro-v3.0.0\2017\MIDI-Unprocessed_074_PIANO074_MID--AUDIO-split_07-08-17_Piano-e_2-04_wav--1.wav,train,felix_mendelssohn__variations_serieuses_op_54,Romantic,2
track_000133,Felix Mendelssohn,Variations Serieuses Op. 54,2017,623.033271908,2017/MIDI-Unprocessed_081_PIANO081_MID--AUDIO-split_07-09-17_Piano-e_2_-02_wav--1.midi,2017/MIDI-Unprocessed_081_PIANO081_MID--AUDIO-split_07-09-17_Piano-e_2_-02_wav--1.wav,data\raw\maestro-v3.0.0\2017\MIDI-Unprocessed_081_PIANO081_MID--AUDIO-split_07-09-17_Piano-e_2_-02_wav--1.midi,data\raw\maestro-v3.0.0\2017\MIDI-Unprocessed_081_PIANO081_MID--AUDIO-split_07-09-17_Piano-e_2_-02_wav--1.wav,train,felix_mendelssohn__variations_serieuses_op_54,Romantic,2
track_000134,Felix Mendelssohn,Variations Serieuses Op. 54,2017,632.121902587,2017/MIDI-Unprocessed_083_PIANO083_MID--AUDIO-split_07-09-17_Piano-e_2_-06_wav--4.midi,2017/MIDI-Unprocessed_083_PIANO083_MID--AUDIO-split_07-09-17_Piano-e_2_-06_wav--4.wav,data\raw\maestro-v3.0.0\2017\MIDI-Unprocessed_083_PIANO083_MID--AUDIO-split_07-09-17_Piano-e_2_-06_wav--4.midi,data\raw\maestro-v3.0.0\2017\MIDI-Unprocessed_083_PIANO083_MID--AUDIO-split_07-09-17_Piano-e_2_-06_wav--4.wav,train,felix_mendelssohn__variations_serieuses_op_54,Romantic,2
track_000135,Felix Mendelssohn,"Variations Serieuses, Op. 54",2008,641.788888125,2008/MIDI-Unprocessed_08_R3_2008_01-05_ORIG_MID--AUDIO_08_R3_2008_wav--3.midi,2008/MIDI-Unprocessed_08_R3_2008_01-05_ORIG_MID--AUDIO_08_R3_2008_wav--3.wav,data\raw\maestro-v3.0.0\2008\MIDI-Unprocessed_08_R3_2008_01-05_ORIG_MID--AUDIO_08_R3_2008_wav--3.midi,data\raw\maestro-v3.0.0\2008\MIDI-Unprocessed_08_R3_2008_01-05_ORIG_MID--AUDIO_08_R3_2008_wav--3.wav,train,felix_mendelssohn__variations_serieuses_op_54,Romantic,2
track_000136,Felix Mendelssohn,"Variations Serieuses, Op. 54",2008,649.901860781,2008/MIDI-Unprocessed_10_R3_2008_01-05_ORIG_MID--AUDIO_10_R3_2008_wav--1.midi,2008/MIDI-Unprocessed_10_R3_2008_01-05_ORIG_MID--AUDIO_10_R3_2008_wav--1.wav,data\raw\maestro-v3.0.0\2008\MIDI-Unprocessed_10_R3_2008_01-05_ORIG_MID--AUDIO_10_R3_2008_wav--1.midi,data\raw\maestro-v3.0.0\2008\MIDI-Unprocessed_10_R3_2008_01-05_ORIG_MID--AUDIO_10_R3_2008_wav--1.wav,train,felix_mendelssohn__variations_serieuses_op_54,Romantic,2
track_000137,Felix Mendelssohn,"Variations Serieuses, Op. 54",2008,723.034800469,2008/MIDI-Unprocessed_11_R3_2008_01-04_ORIG_MID--AUDIO_11_R3_2008_wav--2.midi,2008/MIDI-Unprocessed_11_R3_2008_01-04_ORIG_MID--AUDIO_11_R3_2008_wav--2.wav,data\raw\maestro-v3.0.0\2008\MIDI-Unprocessed_11_R3_2008_01-04_ORIG_MID--AUDIO_11_R3_2008_wav--2.midi,data\raw\maestro-v3.0.0\2008\MIDI-Unprocessed_11_R3_2008_01-04_ORIG_MID--AUDIO_11_R3_2008_wav--2.wav,train,felix_mendelssohn__variations_serieuses_op_54,Romantic,2
track_000138,Felix Mendelssohn,"Variations Serieuses, Op. 54",2015,677.239583333,2015/MIDI-Unprocessed_R2_D1-2-3-6-7-8-11_mid--AUDIO-from_mp3_03_R2_2015_wav--2.midi,2015/MIDI-Unprocessed_R2_D1-2-3-6-7-8-11_mid--AUDIO-from_mp3_03_R2_2015_wav--2.wav,data\raw\maestro-v3.0.0\2015\MIDI-Unprocessed_R2_D1-2-3-6-7-8-11_mid--AUDIO-from_mp3_03_R2_2015_wav--2.midi,data\raw\maestro-v3.0.0\2015\MIDI-Unprocessed_R2_D1-2-3-6-7-8-11_mid--AUDIO-from_mp3_03_R2_2015_wav--2.wav,train,felix_mendelssohn__variations_serieuses_op_54,Romantic,2
track_000139,Felix Mendelssohn,"Variations Serieuses, Op. 54",2015,667.11875,2015/MIDI-Unprocessed_R2_D1-2-3-6-7-8-11_mid--AUDIO-from_mp3_07_R2_2015_wav--2.midi,2015/MIDI-Unprocessed_R2_D1-2-3-6-7-8-11_mid--AUDIO-from_mp3_07_R2_2015_wav--2.wav,data\raw\maestro-v3.0.0\2015\MIDI-Unprocessed_R2_D1-2-3-6-7-8-11_mid--AUDIO-from_mp3_07_R2_2015_wav--2.midi,data\raw\maestro-v3.0.0\2015\MIDI-Unprocessed_R2_D1-2-3-6-7-8-11_mid--AUDIO-from_mp3_07_R2_2015_wav--2.wav,train,felix_mendelssohn__variations_serieuses_op_54,Romantic,2
track_000140,Felix Mendelssohn,"Variations Serieuses, Op. 54",2013,615.815356406,2013/ORIG-MIDI_01_7_10_13_Group_MID--AUDIO_02_R3_2013_wav--1.midi,2013/ORIG-MIDI_01_7_10_13_Group_MID--AUDIO_02_R3_2013_wav--1.wav,data\raw\maestro-v3.0.0\2013\ORIG-MIDI_01_7_10_13_Group_MID--AUDIO_02_R3_2013_wav--1.midi,data\raw\maestro-v3.0.0\2013\ORIG-MIDI_01_7_10_13_Group_MID--AUDIO_02_R3_2013_wav--1.wav,train,felix_mendelssohn__variations_serieuses_op_54,Romantic,2
track_000141,Felix Mendelssohn,"Variations Serieuses, Op. 54",2013,666.257346563,2013/ORIG-MIDI_02_7_10_13_Group_MID--AUDIO_11_R3_2013_wav--1.midi,2013/ORIG-MIDI_02_7_10_13_Group_MID--AUDIO_11_R3_2013_wav--1.wav,data\raw\maestro-v3.0.0\2013\ORIG-MIDI_02_7_10_13_Group_MID--AUDIO_11_R3_2013_wav--1.midi,data\raw\maestro-v3.0.0\2013\ORIG-MIDI_02_7_10_13_Group_MID--AUDIO_11_R3_2013_wav--1.wav,train,felix_mendelssohn__variations_serieuses_op_54,Romantic,2
track_000142,Felix Mendelssohn,"Variations Serieuses, Op. 54",2013,614.557344844,2013/ORIG-MIDI_03_7_10_13_Group_MID--AUDIO_15_R3_2013_wav--1.midi,2013/ORIG-MIDI_03_7_10_13_Group_MID--AUDIO_15_R3_2013_wav--1.wav,data\raw\maestro-v3.0.0\2013\ORIG-MIDI_03_7_10_13_Group_MID--AUDIO_15_R3_2013_wav--1.midi,data\raw\maestro-v3.0.0\2013\ORIG-MIDI_03_7_10_13_Group_MID--AUDIO_15_R3_2013_wav--1.wav,train,felix_mendelssohn__variations_serieuses_op_54,Romantic,2
track_000143,Felix Mendelssohn,"Variations Serieuses, Op. 54",2013,642.626227031,2013/ORIG-MIDI_03_7_10_13_Group_MID--AUDIO_17_R3_2013_wav--2.midi,2013/ORIG-MIDI_03_7_10_13_Group_MID--AUDIO_17_R3_2013_wav--2.wav,data\raw\maestro-v3.0.0\2013\ORIG-MIDI_03_7_10_13_Group_MID--AUDIO_17_R3_2013_wav--2.midi,data\raw\maestro-v3.0.0\2013\ORIG-MIDI_03_7_10_13_Group_MID--AUDIO_17_R3_2013_wav--2.wav,train,felix_mendelssohn__variations_serieuses_op_54,Romantic,2
track_000144,Felix Mendelssohn,"Variations Serieuses, Op. 54",2013,738.074849531,2013/ORIG-MIDI_03_7_10_13_Group_MID--AUDIO_18_R3_2013_wav--3.midi,2013/ORIG-MIDI_03_7_10_13_Group_MID--AUDIO_18_R3_2013_wav--3.wav,data\raw\maestro-v3.0.0\2013\ORIG-MIDI_03_7_10_13_Group_MID--AUDIO_18_R3_2013_wav--3.midi,data\raw\maestro-v3.0.0\2013\ORIG-MIDI_03_7_10_13_Group_MID--AUDIO_18_R3_2013_wav--3.wav,train,felix_mendelssohn__variations_serieuses_op_54,Romantic,2
track_000145,Felix Mendelssohn,"Variations Serieuses, Op. 54",2011,654.413074219,2011/MIDI-Unprocessed_03_R3_2011_MID--AUDIO_R3-D1_04_Track04_wav.midi,2011/MIDI-Unprocessed_03_R3_2011_MID--AUDIO_R3-D1_04_Track04_wav.wav,data\raw\maestro-v3.0.0\2011\MIDI-Unprocessed_03_R3_2011_MID--AUDIO_R3-D1_04_Track04_wav.midi,data\raw\maestro-v3.0.0\2011\MIDI-Unprocessed_03_R3_2011_MID--AUDIO_R3-D1_04_Track04_wav.wav,train,felix_mendelssohn__variations_serieuses_op_54,Romantic,2
track_000146,Felix Mendelssohn,"Variations Serieuses, Op. 54",2011,661.282725469,2011/MIDI-Unprocessed_04_R3_2011_MID--AUDIO_R3-D2_04_Track04_wav.midi,2011/MIDI-Unprocessed_04_R3_2011_MID--AUDIO_R3-D2_04_Track04_wav.wav,data\raw\maestro-v3.0.0\2011\MIDI-Unprocessed_04_R3_2011_MID--AUDIO_R3-D2_04_Track04_wav.midi,data\raw\maestro-v3.0.0\2011\MIDI-Unprocessed_04_R3_2011_MID--AUDIO_R3-D2_04_Track04_wav.wav,train,felix_mendelssohn__variations_serieuses_op_54,Romantic,2
track_000147,Felix Mendelssohn,"Variations Serieuses, Op. 54",2011,643.549035937,2011/MIDI-Unprocessed_06_R3_2011_MID--AUDIO_R3-D3_02_Track02_wav.midi,2011/MIDI-Unprocessed_06_R3_2011_MID--AUDIO_R3-D3_02_Track02_wav.wav,data\raw\maestro-v3.0.0\2011\MIDI-Unprocessed_06_R3_2011_MID--AUDIO_R3-D3_02_Track02_wav.midi,data\raw\maestro-v3.0.0\2011\MIDI-Unprocessed_06_R3_2011_MID--AUDIO_R3-D3_02_Track02_wav.wav,train,felix_mendelssohn__variations_serieuses_op_54,Romantic,2
track_000148,Felix Mendelssohn,"Variations Serieuses, Op. 54",2011,706.74074625,2011/MIDI-Unprocessed_23_R3_2011_MID--AUDIO_R3-D8_05_Track05_wav.midi,2011/MIDI-Unprocessed_23_R3_2011_MID--AUDIO_R3-D8_05_Track05_wav.wav,data\raw\maestro-v3.0.0\2011\MIDI-Unprocessed_23_R3_2011_MID--AUDIO_R3-D8_05_Track05_wav.midi,data\raw\maestro-v3.0.0\2011\MIDI-Unprocessed_23_R3_2011_MID--AUDIO_R3-D8_05_Track05_wav.wav,train,felix_mendelssohn__variations_serieuses_op_54,Romantic,2
track_000149,Felix Mendelssohn,"Variations Seriouses, Op. 54",2011,669.421072031,2011/MIDI-Unprocessed_16_R3_2011_MID--AUDIO_R3-D5_02_Track02_wav.midi,2011/MIDI-Unprocessed_16_R3_2011_MID--AUDIO_R3-D5_02_Track02_wav.wav,data\raw\maestro-v3.0.0\2011\MIDI-Unprocessed_16_R3_2011_MID--AUDIO_R3-D5_02_Track02_wav.midi,data\raw\maestro-v3.0.0\2011\MIDI-Unprocessed_16_R3_2011_MID--AUDIO_R3-D5_02_Track02_wav.wav,train,felix_mendelssohn__variations_seriouses_op_54,Romantic,2
track_000150,Felix Mendelssohn,"Variations serieuses, Op. 54",2008,690.980879531,2008/MIDI-Unprocessed_07_R3_2008_01-05_ORIG_MID--AUDIO_07_R3_2008_wav--2.midi,2008/MIDI-Unprocessed_07_R3_2008_01-05_ORIG_MID--AUDIO_07_R3_2008_wav--2.wav,data\raw\maestro-v3.0.0\2008\MIDI-Unprocessed_07_R3_2008_01-05_ORIG_MID--AUDIO_07_R3_2008_wav--2.midi,data\raw\maestro-v3.0.0\2008\MIDI-Unprocessed_07_R3_2008_01-05_ORIG_MID--AUDIO_07_R3_2008_wav--2.wav,train,felix_mendelssohn__variations_serieuses_op_54,Romantic,2
track_000151,Felix Mendelssohn,"Variations sérieuses, Op. 54",2015,623.717708333,2015/MIDI-Unprocessed_R2_D1-2-3-6-7-8-11_mid--AUDIO-from_mp3_06_R2_2015_wav--2.midi,2015/MIDI-Unprocessed_R2_D1-2-3-6-7-8-11_mid--AUDIO-from_mp3_06_R2_2015_wav--2.wav,data\raw\maestro-v3.0.0\2015\MIDI-Unprocessed_R2_D1-2-3-6-7-8-11_mid--AUDIO-from_mp3_06_R2_2015_wav--2.midi,data\raw\maestro-v3.0.0\2015\MIDI-Unprocessed_R2_D1-2-3-6-7-8-11_mid--AUDIO-from_mp3_06_R2_2015_wav--2.wav,train,felix_mendelssohn__variations_s_rieuses_op_54,Romantic,2
track_000152,Felix Mendelssohn,"Variations sérieuses, Op. 54",2015,661.06875,2015/MIDI-Unprocessed_R2_D2-12-13-15_mid--AUDIO-from_mp3_13_R2_2015_wav--1.midi,2015/MIDI-Unprocessed_R2_D2-12-13-15_mid--AUDIO-from_mp3_13_R2_2015_wav--1.wav,data\raw\maestro-v3.0.0\2015\MIDI-Unprocessed_R2_D2-12-13-15_mid--AUDIO-from_mp3_13_R2_2015_wav--1.midi,data\raw\maestro-v3.0.0\2015\MIDI-Unprocessed_R2_D2-12-13-15_mid--AUDIO-from_mp3_13_R2_2015_wav--1.wav,train,felix_mendelssohn__variations_s_rieuses_op_54,Romantic,2
track_000153,Felix Mendelssohn,"Variations sérieuses, Op. 54",2015,709.402083333,2015/MIDI-Unprocessed_R2_D2-12-13-15_mid--AUDIO-from_mp3_15_R2_2015_wav--2.midi,2015/MIDI-Unprocessed_R2_D2-12-13-15_mid--AUDIO-from_mp3_15_R2_2015_wav--2.wav,data\raw\maestro-v3.0.0\2015\MIDI-Unprocessed_R2_D2-12-13-15_mid--AUDIO-from_mp3_15_R2_2015_wav--2.midi,data\raw\maestro-v3.0.0\2015\MIDI-Unprocessed_R2_D2-12-13-15_mid--AUDIO-from_mp3_15_R2_2015_wav--2.wav,train,felix_mendelssohn__variations_s_rieuses_op_54,Romantic,2
track_000154,Felix Mendelssohn / Sergei Rachmaninoff,Scherzo,2006,267.872328281,2006/MIDI-Unprocessed_12_R1_2006_01-08_ORIG_MID--AUDIO_12_R1_2006_06_Track06_wav.midi,2006/MIDI-Unprocessed_12_R1_2006_01-08_ORIG_MID--AUDIO_12_R1_2006_06_Track06_wav.wav,data\raw\maestro-v3.0.0\2006\MIDI-Unprocessed_12_R1_2006_01-08_ORIG_MID--AUDIO_12_R1_2006_06_Track06_wav.midi,data\raw\maestro-v3.0.0\2006\MIDI-Unprocessed_12_R1_2006_01-08_ORIG_MID--AUDIO_12_R1_2006_06_Track06_wav.wav,train,felix_mendelssohn_sergei_rachmaninoff__scherzo,Romantic,2
track_000155,Felix Mendelssohn / Sergei Rachmaninoff,Scherzo from A Midsummer Night's Dream,2011,253.743068906,2011/MIDI-Unprocessed_03_R3_2011_MID--AUDIO_R3-D1_05_Track05_wav.midi,2011/MIDI-Unprocessed_03_R3_2011_MID--AUDIO_R3-D1_05_Track05_wav.wav,data\raw\maestro-v3.0.0\2011\MIDI-Unprocessed_03_R3_2011_MID--AUDIO_R3-D1_05_Track05_wav.midi,data\raw\maestro-v3.0.0\2011\MIDI-Unprocessed_03_R3_2011_MID--AUDIO_R3-D1_05_Track05_wav.wav,train,felix_mendelssohn_sergei_rachmaninoff__scherzo_from_a_midsummer_night_s_dream,Romantic,2
track_000156,Felix Mendelssohn / Sergei Rachmaninoff,"Scherzo from Mendelssohn's ""Midsummer Night's Dream""",2008,261.753210469,2008/MIDI-Unprocessed_08_R2_2008_01-04_ORIG_MID--AUDIO_08_R2_2008_wav--4.midi,2008/MIDI-Unprocessed_08_R2_2008_01-04_ORIG_MID--AUDIO_08_R2_2008_wav--4.wav,data\raw\maestro-v3.0.0\2008\MIDI-Unprocessed_08_R2_2008_01-04_ORIG_MID--AUDIO_08_R2_2008_wav--4.midi,data\raw\maestro-v3.0.0\2008\MIDI-Unprocessed_08_R2_2008_01-04_ORIG_MID--AUDIO_08_R2_2008_wav--4.wav,train,felix_mendelssohn_sergei_rachmaninoff__scherzo_from_mendelssohn_s_midsummer_night_s_dream,Romantic,2
track_000157,Franz Liszt,"""La Campanella""",2008,273.16212,2008/MIDI-Unprocessed_09_R1_2008_01-05_ORIG_MID--AUDIO_09_R1_2008_wav--3.midi,2008/MIDI-Unprocessed_09_R1_2008_01-05_ORIG_MID--AUDIO_09_R1_2008_wav--3.wav,data\raw\maestro-v3.0.0\2008\MIDI-Unprocessed_09_R1_2008_01-05_ORIG_MID--AUDIO_09_R1_2008_wav--3.midi,data\raw\maestro-v3.0.0\2008\MIDI-Unprocessed_09_R1_2008_01-05_ORIG_MID--AUDIO_09_R1_2008_wav--3.wav,train,franz_liszt__la_campanella,Romantic,2
track_000158,Franz Liszt,"""La Campanella""",2008,265.471155469,2008/MIDI-Unprocessed_10_R1_2008_01-04_ORIG_MID--AUDIO_10_R1_2008_wav--4.midi,2008/MIDI-Unprocessed_10_R1_2008_01-04_ORIG_MID--AUDIO_10_R1_2008_wav--4.wav,data\raw\maestro-v3.0.0\2008\MIDI-Unprocessed_10_R1_2008_01-04_ORIG_MID--AUDIO_10_R1_2008_wav--4.midi,data\raw\maestro-v3.0.0\2008\MIDI-Unprocessed_10_R1_2008_01-04_ORIG_MID--AUDIO_10_R1_2008_wav--4.wav,train,franz_liszt__la_campanella,Romantic,2
track_000159,Franz Liszt,"""La Campanella""",2008,269.971685156,2008/MIDI-Unprocessed_18_R1_2008_01-04_ORIG_MID--AUDIO_18_R1_2008_wav--4.midi,2008/MIDI-Unprocessed_18_R1_2008_01-04_ORIG_MID--AUDIO_18_R1_2008_wav--4.wav,data\raw\maestro-v3.0.0\2008\MIDI-Unprocessed_18_R1_2008_01-04_ORIG_MID--AUDIO_18_R1_2008_wav--4.midi,data\raw\maestro-v3.0.0\2008\MIDI-Unprocessed_18_R1_2008_01-04_ORIG_MID--AUDIO_18_R1_2008_wav--4.wav,train,franz_liszt__la_campanella,Romantic,2
track_000160,Franz Liszt,Annes de Pelerinage III: Le jeux d'eau a la Villa d'Este,2011,428.272808906,2011/MIDI-Unprocessed_17_R2_2011_MID--AUDIO_R2-D5_03_Track03_wav.midi,2011/MIDI-Unprocessed_17_R2_2011_MID--AUDIO_R2-D5_03_Track03_wav.wav,data\raw\maestro-v3.0.0\2011\MIDI-Unprocessed_17_R2_2011_MID--AUDIO_R2-D5_03_Track03_wav.midi,data\raw\maestro-v3.0.0\2011\MIDI-Unprocessed_17_R2_2011_MID--AUDIO_R2-D5_03_Track03_wav.wav,train,franz_liszt__annes_de_pelerinage_iii_le_jeux_d_eau_a_la_villa_d_este,Romantic,2
track_000161,Franz Liszt,"Après une lecture de Dante: Fantasia quasi Sonata, S.161, No. 7",2014,1027.3494,2014/MIDI-UNPROCESSED_09-10_R1_2014_MID--AUDIO_09_R1_2014_wav--2.midi,2014/MIDI-UNPROCESSED_09-10_R1_2014_MID--AUDIO_09_R1_2014_wav--2.wav,data\raw\maestro-v3.0.0\2014\MIDI-UNPROCESSED_09-10_R1_2014_MID--AUDIO_09_R1_2014_wav--2.midi,data\raw\maestro-v3.0.0\2014\MIDI-UNPROCESSED_09-10_R1_2014_MID--AUDIO_09_R1_2014_wav--2.wav,train,franz_liszt__apr_s_une_lecture_de_dante_fantasia_quasi_sonata_s_161_no_7,Romantic,2
track_000162,Franz Liszt,"Aprés une lecture de Dante: Fantasia quasi Sonata, S.161, No. 7",2014,997.267966406,2014/MIDI-UNPROCESSED_04-08-12_R3_2014_MID--AUDIO_04_R3_2014_wav--1.midi,2014/MIDI-UNPROCESSED_04-08-12_R3_2014_MID--AUDIO_04_R3_2014_wav--1.wav,data\raw\maestro-v3.0.0\2014\MIDI-UNPROCESSED_04-08-12_R3_2014_MID--AUDIO_04_R3_2014_wav--1.midi,data\raw\maestro-v3.0.0\2014\MIDI-UNPROCESSED_04-08-12_R3_2014_MID--AUDIO_04_R3_2014_wav--1.wav,train,franz_liszt__apr_s_une_lecture_de_dante_fantasia_quasi_sonata_s_161_no_7,Romantic,2
track_000163,Franz Liszt,Au bord d'une source,2013,219.655229063,2013/ORIG-MIDI_02_7_6_13_Group__MID--AUDIO_08_R1_2013_wav--4.midi,2013/ORIG-MIDI_02_7_6_13_Group__MID--AUDIO_08_R1_2013_wav--4.wav,data\raw\maestro-v3.0.0\2013\ORIG-MIDI_02_7_6_13_Group__MID--AUDIO_08_R1_2013_wav--4.midi,data\raw\maestro-v3.0.0\2013\ORIG-MIDI_02_7_6_13_Group__MID--AUDIO_08_R1_2013_wav--4.wav,test,franz_liszt__au_bord_d_une_source,Romantic,2
track_000164,Franz Liszt,"Ballade No. 2 in B Minor, S 171",2013,747.902564063,2013/ORIG-MIDI_01_7_8_13_Group__MID--AUDIO_04_R2_2013_wav--3.midi,2013/ORIG-MIDI_01_7_8_13_Group__MID--AUDIO_04_R2_2013_wav--3.wav,data\raw\maestro-v3.0.0\2013\ORIG-MIDI_01_7_8_13_Group__MID--AUDIO_04_R2_2013_wav--3.midi,data\raw\maestro-v3.0.0\2013\ORIG-MIDI_01_7_8_13_Group__MID--AUDIO_04_R2_2013_wav--3.wav,train,franz_liszt__ballade_no_2_in_b_minor_s_171,Romantic,2
track_000165,Franz Liszt,"Ballade No. 2 in B Minor, S 171",2013,741.736704844,2013/ORIG-MIDI_03_7_8_13_Group__MID--AUDIO_15_R2_2013_wav--2.midi,2013/ORIG-MIDI_03_7_8_13_Group__MID--AUDIO_15_R2_2013_wav--2.wav,data\raw\maestro-v3.0.0\2013\ORIG-MIDI_03_7_8_13_Group__MID--AUDIO_15_R2_2013_wav--2.midi,data\raw\maestro-v3.0.0\2013\ORIG-MIDI_03_7_8_13_Group__MID--AUDIO_15_R2_2013_wav--2.wav,train,franz_liszt__ballade_no_2_in_b_minor_s_171,Romantic,2
track_000166,Franz Liszt,"Ballade No. 2 in B Minor, S. 171",2014,856.576333594,2014/MIDI-UNPROCESSED_21-22_R1_2014_MID--AUDIO_22_R1_2014_wav--2.midi,2014/MIDI-UNPROCESSED_21-22_R1_2014_MID--AUDIO_22_R1_2014_wav--2.wav,data\raw\maestro-v3.0.0\2014\MIDI-UNPROCESSED_21-22_R1_2014_MID--AUDIO_22_R1_2014_wav--2.midi,data\raw\maestro-v3.0.0\2014\MIDI-UNPROCESSED_21-22_R1_2014_MID--AUDIO_22_R1_2014_wav--2.wav,train,franz_liszt__ballade_no_2_in_b_minor_s_171,Romantic,2
track_000167,Franz Liszt,"Ballade No. 2 in B Minor, S. 171",2011,821.002117031,2011/MIDI-Unprocessed_16_R2_2011_MID--AUDIO_R2-D4_08_Track08_wav.midi,2011/MIDI-Unprocessed_16_R2_2011_MID--AUDIO_R2-D4_08_Track08_wav.wav,data\raw\maestro-v3.0.0\2011\MIDI-Unprocessed_16_R2_2011_MID--AUDIO_R2-D4_08_Track08_wav.midi,data\raw\maestro-v3.0.0\2011\MIDI-Unprocessed_16_R2_2011_MID--AUDIO_R2-D4_08_Track08_wav.wav,train,franz_liszt__ballade_no_2_in_b_minor_s_171,Romantic,2
track_000168,Franz Liszt,"Concert Etude ""Gnomenreigen""",2008,168.182257031,2008/MIDI-Unprocessed_14_R1_2008_01-05_ORIG_MID--AUDIO_14_R1_2008_wav--3.midi,2008/MIDI-Unprocessed_14_R1_2008_01-05_ORIG_MID--AUDIO_14_R1_2008_wav--3.wav,data\raw\maestro-v3.0.0\2008\MIDI-Unprocessed_14_R1_2008_01-05_ORIG_MID--AUDIO_14_R1_2008_wav--3.midi,data\raw\maestro-v3.0.0\2008\MIDI-Unprocessed_14_R1_2008_01-05_ORIG_MID--AUDIO_14_R1_2008_wav--3.wav,test,franz_liszt__concert_etude_gnomenreigen,Romantic,2
track_000169,Franz Liszt,"Concert Etude ""La Leggierezza""",2013,303.805785937,2013/ORIG-MIDI_01_7_7_13_Group__MID--AUDIO_12_R1_2013_wav--4.midi,2013/ORIG-MIDI_01_7_7_13_Group__MID--AUDIO_12_R1_2013_wav--4.wav,data\raw\maestro-v3.0.0\2013\ORIG-MIDI_01_7_7_13_Group__MID--AUDIO_12_R1_2013_wav--4.midi,data\raw\maestro-v3.0.0\2013\ORIG-MIDI_01_7_7_13_Group__MID--AUDIO_12_R1_2013_wav--4.wav,train,franz_liszt__concert_etude_la_leggierezza,Romantic,2
track_000170,Franz Liszt,"Concert Etude ""Un Sospiro""",2008,376.477988906,2008/MIDI-Unprocessed_11_R2_2008_01-05_ORIG_MID--AUDIO_11_R2_2008_wav--5.midi,2008/MIDI-Unprocessed_11_R2_2008_01-05_ORIG_MID--AUDIO_11_R2_2008_wav--5.wav,data\raw\maestro-v3.0.0\2008\MIDI-Unprocessed_11_R2_2008_01-05_ORIG_MID--AUDIO_11_R2_2008_wav--5.midi,data\raw\maestro-v3.0.0\2008\MIDI-Unprocessed_11_R2_2008_01-05_ORIG_MID--AUDIO_11_R2_2008_wav--5.wav,train,franz_liszt__concert_etude_un_sospiro,Romantic,2
track_000171,Franz Liszt,"Concert Etude ""Waldesrauschen""",2008,215.734292813,2008/MIDI-Unprocessed_06_R1_2008_01-04_ORIG_MID--AUDIO_06_R1_2008_wav--3.midi,2008/MIDI-Unprocessed_06_R1_2008_01-04_ORIG_MID--AUDIO_06_R1_2008_wav--3.wav,data\raw\maestro-v3.0.0\2008\MIDI-Unprocessed_06_R1_2008_01-04_ORIG_MID--AUDIO_06_R1_2008_wav--3.midi,data\raw\maestro-v3.0.0\2008\MIDI-Unprocessed_06_R1_2008_01-04_ORIG_MID--AUDIO_06_R1_2008_wav--3.wav,test,franz_liszt__concert_etude_waldesrauschen,Romantic,2
track_000172,Franz Liszt,"Concert Etude ""Waldesrauschen""",2008,228.45062625,2008/MIDI-Unprocessed_17_R1_2008_01-04_ORIG_MID--AUDIO_17_R1_2008_wav--3.midi,2008/MIDI-Unprocessed_17_R1_2008_01-04_ORIG_MID--AUDIO_17_R1_2008_wav--3.wav,data\raw\maestro-v3.0.0\2008\MIDI-Unprocessed_17_R1_2008_01-04_ORIG_MID--AUDIO_17_R1_2008_wav--3.midi,data\raw\maestro-v3.0.0\2008\MIDI-Unprocessed_17_R1_2008_01-04_ORIG_MID--AUDIO_17_R1_2008_wav--3.wav,test,franz_liszt__concert_etude_waldesrauschen,Romantic,2
track_000173,Franz Liszt,"Concert Etude No. 2 ""Gnomenreigen""",2013,161.806729219,2013/ORIG-MIDI_02_7_6_13_Group__MID--AUDIO_08_R1_2013_wav--5.midi,2013/ORIG-MIDI_02_7_6_13_Group__MID--AUDIO_08_R1_2013_wav--5.wav,data\raw\maestro-v3.0.0\2013\ORIG-MIDI_02_7_6_13_Group__MID--AUDIO_08_R1_2013_wav--5.midi,data\raw\maestro-v3.0.0\2013\ORIG-MIDI_02_7_6_13_Group__MID--AUDIO_08_R1_2013_wav--5.wav,test,franz_liszt__concert_etude_no_2_gnomenreigen,Romantic,2
track_000174,Franz Liszt,"Concert Etude No. 2 La Leggierezza, S. 144",2015,290.866666667,2015/MIDI-Unprocessed_R1_D2-13-20_mid--AUDIO-from_mp3_16_R1_2015_wav--3.midi,2015/MIDI-Unprocessed_R1_D2-13-20_mid--AUDIO-from_mp3_16_R1_2015_wav--3.wav,data\raw\maestro-v3.0.0\2015\MIDI-Unprocessed_R1_D2-13-20_mid--AUDIO-from_mp3_16_R1_2015_wav--3.midi,data\raw\maestro-v3.0.0\2015\MIDI-Unprocessed_R1_D2-13-20_mid--AUDIO-from_mp3_16_R1_2015_wav--3.wav,train,franz_liszt__concert_etude_no_2_la_leggierezza_s_144,Romantic,2
track_000175,Franz Liszt,"Concert Etude No. 2, ""Gnomenreigen"", S. 145/2",2011,154.977142031,2011/MIDI-Unprocessed_02_R1_2011_MID--AUDIO_R1-D1_10_Track10_wav.midi,2011/MIDI-Unprocessed_02_R1_2011_MID--AUDIO_R1-D1_10_Track10_wav.wav,data\raw\maestro-v3.0.0\2011\MIDI-Unprocessed_02_R1_2011_MID--AUDIO_R1-D1_10_Track10_wav.midi,data\raw\maestro-v3.0.0\2011\MIDI-Unprocessed_02_R1_2011_MID--AUDIO_R1-D1_10_Track10_wav.wav,test,franz_liszt__concert_etude_no_2_gnomenreigen_s_145_2,Romantic,2
track_000176,Franz Liszt,"Concert Etude No. 2, ""La Leggierezza"", S. 144/2",2011,272.248659375,2011/MIDI-Unprocessed_03_R1_2011_MID--AUDIO_R1-D1_18_Track18_wav.midi,2011/MIDI-Unprocessed_03_R1_2011_MID--AUDIO_R1-D1_18_Track18_wav.wav,data\raw\maestro-v3.0.0\2011\MIDI-Unprocessed_03_R1_2011_MID--AUDIO_R1-D1_18_Track18_wav.midi,data\raw\maestro-v3.0.0\2011\MIDI-Unprocessed_03_R1_2011_MID--AUDIO_R1-D1_18_Track18_wav.wav,train,franz_liszt__concert_etude_no_2_la_leggierezza_s_144_2,Romantic,2
track_000177,Franz Liszt,"Concert Etude No. 2, ""La Leggierezza"", S. 144/2",2011,263.861915625,2011/MIDI-Unprocessed_05_R1_2011_MID--AUDIO_R1-D2_11_Track11_wav.midi,2011/MIDI-Unprocessed_05_R1_2011_MID--AUDIO_R1-D2_11_Track11_wav.wav,data\raw\maestro-v3.0.0\2011\MIDI-Unprocessed_05_R1_2011_MID--AUDIO_R1-D2_11_Track11_wav.midi,data\raw\maestro-v3.0.0\2011\MIDI-Unprocessed_05_R1_2011_MID--AUDIO_R1-D2_11_Track11_wav.wav,train,franz_liszt__concert_etude_no_2_la_leggierezza_s_144_2,Romantic,2
track_000178,Franz Liszt,"Concert Etude No. 2, “La leggierezza"", S. 144",2015,273.5625,2015/MIDI-Unprocessed_R1_D1-1-8_mid--AUDIO-from_mp3_06_R1_2015_wav--5.midi,2015/MIDI-Unprocessed_R1_D1-1-8_mid--AUDIO-from_mp3_06_R1_2015_wav--5.wav,data\raw\maestro-v3.0.0\2015\MIDI-Unprocessed_R1_D1-1-8_mid--AUDIO-from_mp3_06_R1_2015_wav--5.midi,data\raw\maestro-v3.0.0\2015\MIDI-Unprocessed_R1_D1-1-8_mid--AUDIO-from_mp3_06_R1_2015_wav--5.wav,train,franz_liszt__concert_etude_no_2_la_leggierezza_s_144,Romantic,2
track_000179,Franz Liszt,"Concert Etude No. 3 in D-flat Major, ""Un Sospiro"", S. 144/3",2011,351.182875313,2011/MIDI-Unprocessed_04_R3_2011_MID--AUDIO_R3-D2_03_Track03_wav.midi,2011/MIDI-Unprocessed_04_R3_2011_MID--AUDIO_R3-D2_03_Track03_wav.wav,data\raw\maestro-v3.0.0\2011\MIDI-Unprocessed_04_R3_2011_MID--AUDIO_R3-D2_03_Track03_wav.midi,data\raw\maestro-v3.0.0\2011\MIDI-Unprocessed_04_R3_2011_MID--AUDIO_R3-D2_03_Track03_wav.wav,train,franz_liszt__concert_etude_no_3_in_d_flat_major_un_sospiro_s_144_3,Romantic,2
track_000180,Franz Liszt,"Concert Etude No. 3 in D-flat Major, ""Un Sospiro"", S. 144/3",2011,375.854325,2011/MIDI-Unprocessed_08_R1_2011_MID--AUDIO_R1-D3_10_Track10_wav.midi,2011/MIDI-Unprocessed_08_R1_2011_MID--AUDIO_R1-D3_10_Track10_wav.wav,data\raw\maestro-v3.0.0\2011\MIDI-Unprocessed_08_R1_2011_MID--AUDIO_R1-D3_10_Track10_wav.midi,data\raw\maestro-v3.0.0\2011\MIDI-Unprocessed_08_R1_2011_MID--AUDIO_R1-D3_10_Track10_wav.wav,train,franz_liszt__concert_etude_no_3_in_d_flat_major_un_sospiro_s_144_3,Romantic,2
track_000181,Franz Liszt,Dante Sonata,2004,1005.00558223,2004/MIDI-Unprocessed_SMF_22_R1_2004_01-04_ORIG_MID--AUDIO_22_R1_2004_17_Track17_wav.midi,2004/MIDI-Unprocessed_SMF_22_R1_2004_01-04_ORIG_MID--AUDIO_22_R1_2004_17_Track17_wav.wav,data\raw\maestro-v3.0.0\2004\MIDI-Unprocessed_SMF_22_R1_2004_01-04_ORIG_MID--AUDIO_22_R1_2004_17_Track17_wav.midi,data\raw\maestro-v3.0.0\2004\MIDI-Unprocessed_SMF_22_R1_2004_01-04_ORIG_MID--AUDIO_22_R1_2004_17_Track17_wav.wav,train,franz_liszt__dante_sonata,Romantic,2
track_000182,Franz Liszt,Dante Sonata,2006,1003.39109062,2006/MIDI-Unprocessed_09_R1_2006_01-04_ORIG_MID--AUDIO_09_R1_2006_02_Track02_wav.midi,2006/MIDI-Unprocessed_09_R1_2006_01-04_ORIG_MID--AUDIO_09_R1_2006_02_Track02_wav.wav,data\raw\maestro-v3.0.0\2006\MIDI-Unprocessed_09_R1_2006_01-04_ORIG_MID--AUDIO_09_R1_2006_02_Track02_wav.midi,data\raw\maestro-v3.0.0\2006\MIDI-Unprocessed_09_R1_2006_01-04_ORIG_MID--AUDIO_09_R1_2006_02_Track02_wav.wav,train,franz_liszt__dante_sonata,Romantic,2
track_000183,Franz Liszt,Dante Sonata,2006,913.148125313,2006/MIDI-Unprocessed_10_R1_2006_01-04_ORIG_MID--AUDIO_10_R1_2006_05_Track05_wav.midi,2006/MIDI-Unprocessed_10_R1_2006_01-04_ORIG_MID--AUDIO_10_R1_2006_05_Track05_wav.wav,data\raw\maestro-v3.0.0\2006\MIDI-Unprocessed_10_R1_2006_01-04_ORIG_MID--AUDIO_10_R1_2006_05_Track05_wav.midi,data\raw\maestro-v3.0.0\2006\MIDI-Unprocessed_10_R1_2006_01-04_ORIG_MID--AUDIO_10_R1_2006_05_Track05_wav.wav,train,franz_liszt__dante_sonata,Romantic,2
track_000184,Franz Liszt,Dante Sonata,2009,901.1743125,2009/MIDI-Unprocessed_05_R1_2009_01-02_ORIG_MID--AUDIO_05_R1_2009_05_R1_2009_02_WAV.midi,2009/MIDI-Unprocessed_05_R1_2009_01-02_ORIG_MID--AUDIO_05_R1_2009_05_R1_2009_02_WAV.wav,data\raw\maestro-v3.0.0\2009\MIDI-Unprocessed_05_R1_2009_01-02_ORIG_MID--AUDIO_05_R1_2009_05_R1_2009_02_WAV.midi,data\raw\maestro-v3.0.0\2009\MIDI-Unprocessed_05_R1_2009_01-02_ORIG_MID--AUDIO_05_R1_2009_05_R1_2009_02_WAV.wav,train,franz_liszt__dante_sonata,Romantic,2
track_000185,Franz Liszt,Dante Sonata,2009,984.984324844,2009/MIDI-Unprocessed_11_R1_2009_06-09_ORIG_MID--AUDIO_11_R1_2009_11_R1_2009_09_WAV.midi,2009/MIDI-Unprocessed_11_R1_2009_06-09_ORIG_MID--AUDIO_11_R1_2009_11_R1_2009_09_WAV.wav,data\raw\maestro-v3.0.0\2009\MIDI-Unprocessed_11_R1_2009_06-09_ORIG_MID--AUDIO_11_R1_2009_11_R1_2009_09_WAV.midi,data\raw\maestro-v3.0.0\2009\MIDI-Unprocessed_11_R1_2009_06-09_ORIG_MID--AUDIO_11_R1_2009_11_R1_2009_09_WAV.wav,train,franz_liszt__dante_sonata,Romantic,2
track_000186,Franz Liszt,Funerailles,2006,697.635520313,2006/MIDI-Unprocessed_09_R1_2006_01-04_ORIG_MID--AUDIO_09_R1_2006_01_Track01_wav.midi,2006/MIDI-Unprocessed_09_R1_2006_01-04_ORIG_MID--AUDIO_09_R1_2006_01_Track01_wav.wav,data\raw\maestro-v3.0.0\2006\MIDI-Unprocessed_09_R1_2006_01-04_ORIG_MID--AUDIO_09_R1_2006_01_Track01_wav.midi,data\raw\maestro-v3.0.0\2006\MIDI-Unprocessed_09_R1_2006_01-04_ORIG_MID--AUDIO_09_R1_2006_01_Track01_wav.wav,validation,franz_liszt__funerailles,Romantic,2
track_000187,Franz Liszt,Funerailles,2008,630.147607031,2008/MIDI-Unprocessed_15_R2_2008_01-04_ORIG_MID--AUDIO_15_R2_2008_wav--4.midi,2008/MIDI-Unprocessed_15_R2_2008_01-04_ORIG_MID--AUDIO_15_R2_2008_wav--4.wav,data\raw\maestro-v3.0.0\2008\MIDI-Unprocessed_15_R2_2008_01-04_ORIG_MID--AUDIO_15_R2_2008_wav--4.midi,data\raw\maestro-v3.0.0\2008\MIDI-Unprocessed_15_R2_2008_01-04_ORIG_MID--AUDIO_15_R2_2008_wav--4.wav,validation,franz_liszt__funerailles,Romantic,2
track_000188,Franz Liszt,"Grandes Etudes de Paganini, S. 141",2018,1610.85576094,2018/MIDI-Unprocessed_Recital1-3_MID--AUDIO_01_R1_2018_wav--3.midi,2018/MIDI-Unprocessed_Recital1-3_MID--AUDIO_01_R1_2018_wav--3.wav,data\raw\maestro-v3.0.0\2018\MIDI-Unprocessed_Recital1-3_MID--AUDIO_01_R1_2018_wav--3.midi,data\raw\maestro-v3.0.0\2018\MIDI-Unprocessed_Recital1-3_MID--AUDIO_01_R1_2018_wav--3.wav,train,franz_liszt__grandes_etudes_de_paganini_s_141,Romantic,2
track_000189,Franz Liszt,"Grandes ètudes de Paganini No. 3 ""La Campanella"", S. 141",2015,262.876041667,2015/MIDI-Unprocessed_R1_D1-1-8_mid--AUDIO-from_mp3_01_R1_2015_wav--5.midi,2015/MIDI-Unprocessed_R1_D1-1-8_mid--AUDIO-from_mp3_01_R1_2015_wav--5.wav,data\raw\maestro-v3.0.0\2015\MIDI-Unprocessed_R1_D1-1-8_mid--AUDIO-from_mp3_01_R1_2015_wav--5.midi,data\raw\maestro-v3.0.0\2015\MIDI-Unprocessed_R1_D1-1-8_mid--AUDIO-from_mp3_01_R1_2015_wav--5.wav,train,franz_liszt__grandes_tudes_de_paganini_no_3_la_campanella_s_141,Romantic,2
track_000190,Franz Liszt,"Grandes ètudes de Paganini No. 3 ""La Campanella"", S. 141",2015,276.421875,2015/MIDI-Unprocessed_R1_D1-1-8_mid--AUDIO-from_mp3_02_R1_2015_wav--6.midi,2015/MIDI-Unprocessed_R1_D1-1-8_mid--AUDIO-from_mp3_02_R1_2015_wav--6.wav,data\raw\maestro-v3.0.0\2015\MIDI-Unprocessed_R1_D1-1-8_mid--AUDIO-from_mp3_02_R1_2015_wav--6.midi,data\raw\maestro-v3.0.0\2015\MIDI-Unprocessed_R1_D1-1-8_mid--AUDIO-from_mp3_02_R1_2015_wav--6.wav,train,franz_liszt__grandes_tudes_de_paganini_no_3_la_campanella_s_141,Romantic,2
track_000191,Franz Liszt,"Grandes ètudes de Paganini No. 3 La Campanella, S. 141",2015,262.686458333,2015/MIDI-Unprocessed_R1_D1-9-12_mid--AUDIO-from_mp3_12_R1_2015_wav--5.midi,2015/MIDI-Unprocessed_R1_D1-9-12_mid--AUDIO-from_mp3_12_R1_2015_wav--5.wav,data\raw\maestro-v3.0.0\2015\MIDI-Unprocessed_R1_D1-9-12_mid--AUDIO-from_mp3_12_R1_2015_wav--5.midi,data\raw\maestro-v3.0.0\2015\MIDI-Unprocessed_R1_D1-9-12_mid--AUDIO-from_mp3_12_R1_2015_wav--5.wav,train,franz_liszt__grandes_tudes_de_paganini_no_3_la_campanella_s_141,Romantic,2
track_000192,Franz Liszt,"Grandes études de Paganini, No. 3 ""La campanella"", S.141/3",2017,282.123617587,2017/MIDI-Unprocessed_046_PIANO046_MID--AUDIO-split_07-06-17_Piano-e_2-02_wav--3.midi,2017/MIDI-Unprocessed_046_PIANO046_MID--AUDIO-split_07-06-17_Piano-e_2-02_wav--3.wav,data\raw\maestro-v3.0.0\2017\MIDI-Unprocessed_046_PIANO046_MID--AUDIO-split_07-06-17_Piano-e_2-02_wav--3.midi,data\raw\maestro-v3.0.0\2017\MIDI-Unprocessed_046_PIANO046_MID--AUDIO-split_07-06-17_Piano-e_2-02_wav--3.wav,train,franz_liszt__grandes_tudes_de_paganini_no_3_la_campanella_s_141_3,Romantic,2
track_000193,Franz Liszt,"Grandes études de Paganini, No. 3 ""La campanella"", S.141/3",2017,264.791437558,2017/MIDI-Unprocessed_054_PIANO054_MID--AUDIO-split_07-07-17_Piano-e_1-02_wav--3.midi,2017/MIDI-Unprocessed_054_PIANO054_MID--AUDIO-split_07-07-17_Piano-e_1-02_wav--3.wav,data\raw\maestro-v3.0.0\2017\MIDI-Unprocessed_054_PIANO054_MID--AUDIO-split_07-07-17_Piano-e_1-02_wav--3.midi,data\raw\maestro-v3.0.0\2017\MIDI-Unprocessed_054_PIANO054_MID--AUDIO-split_07-07-17_Piano-e_1-02_wav--3.wav,train,franz_liszt__grandes_tudes_de_paganini_no_3_la_campanella_s_141_3,Romantic,2
track_000194,Franz Liszt,"Grandes études de Paganini, No. 3 ""La campanella"", S.141/3",2017,283.232586512,2017/MIDI-Unprocessed_066_PIANO066_MID--AUDIO-split_07-07-17_Piano-e_3-02_wav--4.midi,2017/MIDI-Unprocessed_066_PIANO066_MID--AUDIO-split_07-07-17_Piano-e_3-02_wav--4.wav,data\raw\maestro-v3.0.0\2017\MIDI-Unprocessed_066_PIANO066_MID--AUDIO-split_07-07-17_Piano-e_3-02_wav--4.midi,data\raw\maestro-v3.0.0\2017\MIDI-Unprocessed_066_PIANO066_MID--AUDIO-split_07-07-17_Piano-e_3-02_wav--4.wav,train,franz_liszt__grandes_tudes_de_paganini_no_3_la_campanella_s_141_3,Romantic,2
track_000195,Franz Liszt,Hungarian Rhapsody,2009,608.523697031,2009/MIDI-Unprocessed_12_R1_2009_03-05_ORIG_MID--AUDIO_12_R1_2009_12_R1_2009_05_WAV.midi,2009/MIDI-Unprocessed_12_R1_2009_03-05_ORIG_MID--AUDIO_12_R1_2009_12_R1_2009_05_WAV.wav,data\raw\maestro-v3.0.0\2009\MIDI-Unprocessed_12_R1_2009_03-05_ORIG_MID--AUDIO_12_R1_2009_12_R1_2009_05_WAV.midi,data\raw\maestro-v3.0.0\2009\MIDI-Unprocessed_12_R1_2009_03-05_ORIG_MID--AUDIO_12_R1_2009_12_R1_2009_05_WAV.wav,validation,franz_liszt__hungarian_rhapsody,Romantic,2
track_000196,Franz Liszt,"Hungarian Rhapsody No. 10 in E-flat Major, S. 244/10",2015,335.35,2015/MIDI-Unprocessed_R1_D2-21-22_mid--AUDIO-from_mp3_22_R1_2015_wav--5.midi,2015/MIDI-Unprocessed_R1_D2-21-22_mid--AUDIO-from_mp3_22_R1_2015_wav--5.wav,data\raw\maestro-v3.0.0\2015\MIDI-Unprocessed_R1_D2-21-22_mid--AUDIO-from_mp3_22_R1_2015_wav--5.midi,data\raw\maestro-v3.0.0\2015\MIDI-Unprocessed_R1_D2-21-22_mid--AUDIO-from_mp3_22_R1_2015_wav--5.wav,train,franz_liszt__hungarian_rhapsody_no_10_in_e_flat_major_s_244_10,Romantic,2
track_000197,Franz Liszt,"Hungarian Rhapsody No. 10, S. 244/10",2011,334.736577656,2011/MIDI-Unprocessed_23_R2_2011_MID--AUDIO_R2-D6_04_Track04_wav.midi,2011/MIDI-Unprocessed_23_R2_2011_MID--AUDIO_R2-D6_04_Track04_wav.wav,data\raw\maestro-v3.0.0\2011\MIDI-Unprocessed_23_R2_2011_MID--AUDIO_R2-D6_04_Track04_wav.midi,data\raw\maestro-v3.0.0\2011\MIDI-Unprocessed_23_R2_2011_MID--AUDIO_R2-D6_04_Track04_wav.wav,train,franz_liszt__hungarian_rhapsody_no_10_s_244_10,Romantic,2
track_000198,Franz Liszt,"Hungarian Rhapsody No. 12, S. 244/12",2011,566.314871719,2011/MIDI-Unprocessed_03_R1_2011_MID--AUDIO_R1-D1_19_Track19_wav.midi,2011/MIDI-Unprocessed_03_R1_2011_MID--AUDIO_R1-D1_19_Track19_wav.wav,data\raw\maestro-v3.0.0\2011\MIDI-Unprocessed_03_R1_2011_MID--AUDIO_R1-D1_19_Track19_wav.midi,data\raw\maestro-v3.0.0\2011\MIDI-Unprocessed_03_R1_2011_MID--AUDIO_R1-D1_19_Track19_wav.wav,validation,franz_liszt__hungarian_rhapsody_no_12_s_244_12,Romantic,2
track_000199,Franz Liszt,Hungarian Rhapsody No. 13 (arr. Volodos),2013,421.862558906,2013/ORIG-MIDI_02_7_8_13_Group__MID--AUDIO_14_R2_2013_wav--4.midi,2013/ORIG-MIDI_02_7_8_13_Group__MID--AUDIO_14_R2_2013_wav--4.wav,data\raw\maestro-v3.0.0\2013\ORIG-MIDI_02_7_8_13_Group__MID--AUDIO_14_R2_2013_wav--4.midi,data\raw\maestro-v3.0.0\2013\ORIG-MIDI_02_7_8_13_Group__MID--AUDIO_14_R2_2013_wav--4.wav,validation,franz_liszt__hungarian_rhapsody_no_13_arr_volodos,Romantic,2
track_000200,Franz Liszt,"Hungarian Rhapsody No. 13, S. 244/13",2011,507.396661406,2011/MIDI-Unprocessed_10_R1_2011_MID--AUDIO_R1-D4_05_Track05_wav.midi,2011/MIDI-Unprocessed_10_R1_2011_MID--AUDIO_R1-D4_05_Track05_wav.wav,data\raw\maestro-v3.0.0\2011\MIDI-Unprocessed_10_R1_2011_MID--AUDIO_R1-D4_05_Track05_wav.midi,data\raw\maestro-v3.0.0\2011\MIDI-Unprocessed_10_R1_2011_MID--AUDIO_R1-D4_05_Track05_wav.wav,validation,franz_liszt__hungarian_rhapsody_no_13_s_244_13,Romantic,2
track_000201,Franz Liszt,Hungarian Rhapsody No. 15 in A Minor,2013,313.966032187,2013/ORIG-MIDI_01_7_8_13_Group__MID--AUDIO_02_R2_2013_wav--5.midi,2013/ORIG-MIDI_01_7_8_13_Group__MID--AUDIO_02_R2_2013_wav--5.wav,data\raw\maestro-v3.0.0\2013\ORIG-MIDI_01_7_8_13_Group__MID--AUDIO_02_R2_2013_wav--5.midi,data\raw\maestro-v3.0.0\2013\ORIG-MIDI_01_7_8_13_Group__MID--AUDIO_02_R2_2013_wav--5.wav,validation,franz_liszt__hungarian_rhapsody_no_15_in_a_minor,Romantic,2
track_000202,Franz Liszt,"Hungarian Rhapsody No. 2 in C-sharp Minor, S. 244/2",2015,539.083333333,2015/MIDI-Unprocessed_R1_D1-1-8_mid--AUDIO-from_mp3_03_R1_2015_wav--4.midi,2015/MIDI-Unprocessed_R1_D1-1-8_mid--AUDIO-from_mp3_03_R1_2015_wav--4.wav,data\raw\maestro-v3.0.0\2015\MIDI-Unprocessed_R1_D1-1-8_mid--AUDIO-from_mp3_03_R1_2015_wav--4.midi,data\raw\maestro-v3.0.0\2015\MIDI-Unprocessed_R1_D1-1-8_mid--AUDIO-from_mp3_03_R1_2015_wav--4.wav,validation,franz_liszt__hungarian_rhapsody_no_2_in_c_sharp_minor_s_244_2,Romantic,2
track_000203,Franz Liszt,"Hungarian Rhapsody No. 6, S.244/6",2017,441.165573321,2017/MIDI-Unprocessed_043_PIANO043_MID--AUDIO-split_07-06-17_Piano-e_1-03_wav--4.midi,2017/MIDI-Unprocessed_043_PIANO043_MID--AUDIO-split_07-06-17_Piano-e_1-03_wav--4.wav,data\raw\maestro-v3.0.0\2017\MIDI-Unprocessed_043_PIANO043_MID--AUDIO-split_07-06-17_Piano-e_1-03_wav--4.midi,data\raw\maestro-v3.0.0\2017\MIDI-Unprocessed_043_PIANO043_MID--AUDIO-split_07-06-17_Piano-e_1-03_wav--4.wav,train,franz_liszt__hungarian_rhapsody_no_6_s_244_6,Romantic,2
track_000204,Franz Liszt,"Hungarian Rhapsody No. 6, S.244/6",2017,386.800455096,2017/MIDI-Unprocessed_081_PIANO081_MID--AUDIO-split_07-09-17_Piano-e_2_-02_wav--4.midi,2017/MIDI-Unprocessed_081_PIANO081_MID--AUDIO-split_07-09-17_Piano-e_2_-02_wav--4.wav,data\raw\maestro-v3.0.0\2017\MIDI-Unprocessed_081_PIANO081_MID--AUDIO-split_07-09-17_Piano-e_2_-02_wav--4.midi,data\raw\maestro-v3.0.0\2017\MIDI-Unprocessed_081_PIANO081_MID--AUDIO-split_07-09-17_Piano-e_2_-02_wav--4.wav,train,franz_liszt__hungarian_rhapsody_no_6_s_244_6,Romantic,2
track_000205,Franz Liszt,Hungarian Rhapsody No. 9,2008,632.172177656,2008/MIDI-Unprocessed_04_R1_2008_01-04_ORIG_MID--AUDIO_04_R1_2008_wav--4.midi,2008/MIDI-Unprocessed_04_R1_2008_01-04_ORIG_MID--AUDIO_04_R1_2008_wav--4.wav,data\raw\maestro-v3.0.0\2008\MIDI-Unprocessed_04_R1_2008_01-04_ORIG_MID--AUDIO_04_R1_2008_wav--4.midi,data\raw\maestro-v3.0.0\2008\MIDI-Unprocessed_04_R1_2008_01-04_ORIG_MID--AUDIO_04_R1_2008_wav--4.wav,test,franz_liszt__hungarian_rhapsody_no_9,Romantic,2
track_000206,Franz Liszt,"Hungarian Rhapsody No. 9 in E-flat Major, S. 244",2015,645.111458333,2015/MIDI-Unprocessed_R2_D2-12-13-15_mid--AUDIO-from_mp3_13_R2_2015_wav--4.midi,2015/MIDI-Unprocessed_R2_D2-12-13-15_mid--AUDIO-from_mp3_13_R2_2015_wav--4.wav,data\raw\maestro-v3.0.0\2015\MIDI-Unprocessed_R2_D2-12-13-15_mid--AUDIO-from_mp3_13_R2_2015_wav--4.midi,data\raw\maestro-v3.0.0\2015\MIDI-Unprocessed_R2_D2-12-13-15_mid--AUDIO-from_mp3_13_R2_2015_wav--4.wav,test,franz_liszt__hungarian_rhapsody_no_9_in_e_flat_major_s_244,Romantic,2
track_000207,Franz Liszt,"Hungarian Rhapsody, No. 12",2004,569.204517423,2004/MIDI-Unprocessed_XP_11_R1_2004_03-04_ORIG_MID--AUDIO_11_R1_2004_04_Track04_wav.midi,2004/MIDI-Unprocessed_XP_11_R1_2004_03-04_ORIG_MID--AUDIO_11_R1_2004_04_Track04_wav.wav,data\raw\maestro-v3.0.0\2004\MIDI-Unprocessed_XP_11_R1_2004_03-04_ORIG_MID--AUDIO_11_R1_2004_04_Track04_wav.midi,data\raw\maestro-v3.0.0\2004\MIDI-Unprocessed_XP_11_R1_2004_03-04_ORIG_MID--AUDIO_11_R1_2004_04_Track04_wav.wav,validation,franz_liszt__hungarian_rhapsody_no_12,Romantic,2
track_000208,Franz Liszt,Mephisto Waltz,2006,670.279778437,2006/MIDI-Unprocessed_02_R1_2006_01-04_ORIG_MID--AUDIO_02_R1_2006_03_Track03_wav.midi,2006/MIDI-Unprocessed_02_R1_2006_01-04_ORIG_MID--AUDIO_02_R1_2006_03_Track03_wav.wav,data\raw\maestro-v3.0.0\2006\MIDI-Unprocessed_02_R1_2006_01-04_ORIG_MID--AUDIO_02_R1_2006_03_Track03_wav.midi,data\raw\maestro-v3.0.0\2006\MIDI-Unprocessed_02_R1_2006_01-04_ORIG_MID--AUDIO_02_R1_2006_03_Track03_wav.wav,train,franz_liszt__mephisto_waltz,Romantic,2
track_000209,Franz Liszt,Mephisto Waltz No. 1,2004,621.447953048,2004/MIDI-Unprocessed_SMF_05_R1_2004_02-03_ORIG_MID--AUDIO_05_R1_2004_06_Track06_wav.midi,2004/MIDI-Unprocessed_SMF_05_R1_2004_02-03_ORIG_MID--AUDIO_05_R1_2004_06_Track06_wav.wav,data\raw\maestro-v3.0.0\2004\MIDI-Unprocessed_SMF_05_R1_2004_02-03_ORIG_MID--AUDIO_05_R1_2004_06_Track06_wav.midi,data\raw\maestro-v3.0.0\2004\MIDI-Unprocessed_SMF_05_R1_2004_02-03_ORIG_MID--AUDIO_05_R1_2004_06_Track06_wav.wav,train,franz_liszt__mephisto_waltz_no_1,Romantic,2
track_000210,Franz Liszt,Mephisto Waltz No. 1,2004,685.255457123,2004/MIDI-Unprocessed_SMF_12_01_2004_01-05_ORIG_MID--AUDIO_12_R1_2004_10_Track10_wav.midi,2004/MIDI-Unprocessed_SMF_12_01_2004_01-05_ORIG_MID--AUDIO_12_R1_2004_10_Track10_wav.wav,data\raw\maestro-v3.0.0\2004\MIDI-Unprocessed_SMF_12_01_2004_01-05_ORIG_MID--AUDIO_12_R1_2004_10_Track10_wav.midi,data\raw\maestro-v3.0.0\2004\MIDI-Unprocessed_SMF_12_01_2004_01-05_ORIG_MID--AUDIO_12_R1_2004_10_Track10_wav.wav,train,franz_liszt__mephisto_waltz_no_1,Romantic,2
track_000211,Franz Liszt,Mephisto Waltz No. 1,2009,641.020993594,2009/MIDI-Unprocessed_17_R1_2009_01-03_ORIG_MID--AUDIO_17_R1_2009_17_R1_2009_03_WAV.midi,2009/MIDI-Unprocessed_17_R1_2009_01-03_ORIG_MID--AUDIO_17_R1_2009_17_R1_2009_03_WAV.wav,data\raw\maestro-v3.0.0\2009\MIDI-Unprocessed_17_R1_2009_01-03_ORIG_MID--AUDIO_17_R1_2009_17_R1_2009_03_WAV.midi,data\raw\maestro-v3.0.0\2009\MIDI-Unprocessed_17_R1_2009_01-03_ORIG_MID--AUDIO_17_R1_2009_17_R1_2009_03_WAV.wav,train,franz_liszt__mephisto_waltz_no_1,Romantic,2
track_000212,Franz Liszt,Mephisto Waltz No. 1,2013,662.270972344,2013/ORIG-MIDI_02_7_8_13_Group__MID--AUDIO_11_R2_2013_wav--3.midi,2013/ORIG-MIDI_02_7_8_13_Group__MID--AUDIO_11_R2_2013_wav--3.wav,data\raw\maestro-v3.0.0\2013\ORIG-MIDI_02_7_8_13_Group__MID--AUDIO_11_R2_2013_wav--3.midi,data\raw\maestro-v3.0.0\2013\ORIG-MIDI_02_7_8_13_Group__MID--AUDIO_11_R2_2013_wav--3.wav,train,franz_liszt__mephisto_waltz_no_1,Romantic,2
track_000213,Franz Liszt,"Mephisto Waltz No. 1, S.514",2014,676.294729688,2014/MIDI-UNPROCESSED_04-08-12_R3_2014_MID--AUDIO_04_R3_2014_wav--2.midi,2014/MIDI-UNPROCESSED_04-08-12_R3_2014_MID--AUDIO_04_R3_2014_wav--2.wav,data\raw\maestro-v3.0.0\2014\MIDI-UNPROCESSED_04-08-12_R3_2014_MID--AUDIO_04_R3_2014_wav--2.midi,data\raw\maestro-v3.0.0\2014\MIDI-UNPROCESSED_04-08-12_R3_2014_MID--AUDIO_04_R3_2014_wav--2.wav,train,franz_liszt__mephisto_waltz_no_1_s_514,Romantic,2
track_000214,Franz Liszt,"Mephisto Waltz No. 1, S.514",2014,682.626187031,2014/MIDI-UNPROCESSED_21-22_R1_2014_MID--AUDIO_21_R1_2014_wav--4.midi,2014/MIDI-UNPROCESSED_21-22_R1_2014_MID--AUDIO_21_R1_2014_wav--4.wav,data\raw\maestro-v3.0.0\2014\MIDI-UNPROCESSED_21-22_R1_2014_MID--AUDIO_21_R1_2014_wav--4.midi,data\raw\maestro-v3.0.0\2014\MIDI-UNPROCESSED_21-22_R1_2014_MID--AUDIO_21_R1_2014_wav--4.wav,train,franz_liszt__mephisto_waltz_no_1_s_514,Romantic,2
track_000215,Franz Liszt,Mephisto-Waltz No. 1,2008,637.078689844,2008/MIDI-Unprocessed_03_R2_2008_01-03_ORIG_MID--AUDIO_03_R2_2008_wav--3.midi,2008/MIDI-Unprocessed_03_R2_2008_01-03_ORIG_MID--AUDIO_03_R2_2008_wav--3.wav,data\raw\maestro-v3.0.0\2008\MIDI-Unprocessed_03_R2_2008_01-03_ORIG_MID--AUDIO_03_R2_2008_wav--3.midi,data\raw\maestro-v3.0.0\2008\MIDI-Unprocessed_03_R2_2008_01-03_ORIG_MID--AUDIO_03_R2_2008_wav--3.wav,train,franz_liszt__mephisto_waltz_no_1,Romantic,2
track_000216,Franz Liszt,"Paganini Etude No. 3, S. 141/3 ""La Campanella""",2013,255.070524844,2013/ORIG-MIDI_01_7_6_13_Group__MID--AUDIO_02_R1_2013_wav--5.midi,2013/ORIG-MIDI_01_7_6_13_Group__MID--AUDIO_02_R1_2013_wav--5.wav,data\raw\maestro-v3.0.0\2013\ORIG-MIDI_01_7_6_13_Group__MID--AUDIO_02_R1_2013_wav--5.midi,data\raw\maestro-v3.0.0\2013\ORIG-MIDI_01_7_6_13_Group__MID--AUDIO_02_R1_2013_wav--5.wav,train,franz_liszt__paganini_etude_no_3_s_141_3_la_campanella,Romantic,2
track_000217,Franz Liszt,"Paganini Etude No. 3, S. 141/3 ""La Campanella""",2013,274.468208438,2013/ORIG-MIDI_03_7_6_13_Group__MID--AUDIO_09_R1_2013_wav--2.midi,2013/ORIG-MIDI_03_7_6_13_Group__MID--AUDIO_09_R1_2013_wav--2.wav,data\raw\maestro-v3.0.0\2013\ORIG-MIDI_03_7_6_13_Group__MID--AUDIO_09_R1_2013_wav--2.midi,data\raw\maestro-v3.0.0\2013\ORIG-MIDI_03_7_6_13_Group__MID--AUDIO_09_R1_2013_wav--2.wav,train,franz_liszt__paganini_etude_no_3_s_141_3_la_campanella,Romantic,2
track_000218,Franz Liszt,"Paraphrase de concert sur Rigoletto, S.434",2017,421.584472688,2017/MIDI-Unprocessed_067_PIANO067_MID--AUDIO-split_07-07-17_Piano-e_3-03_wav--4.midi,2017/MIDI-Unprocessed_067_PIANO067_MID--AUDIO-split_07-07-17_Piano-e_3-03_wav--4.wav,data\raw\maestro-v3.0.0\2017\MIDI-Unprocessed_067_PIANO067_MID--AUDIO-split_07-07-17_Piano-e_3-03_wav--4.midi,data\raw\maestro-v3.0.0\2017\MIDI-Unprocessed_067_PIANO067_MID--AUDIO-split_07-07-17_Piano-e_3-03_wav--4.wav,train,franz_liszt__paraphrase_de_concert_sur_rigoletto_s_434,Romantic,2
track_000219,Franz Liszt,Polonaise in E Major,2008,468.594616875,2008/MIDI-Unprocessed_02_R1_2008_01-05_ORIG_MID--AUDIO_02_R1_2008_wav--4.midi,2008/MIDI-Unprocessed_02_R1_2008_01-05_ORIG_MID--AUDIO_02_R1_2008_wav--4.wav,data\raw\maestro-v3.0.0\2008\MIDI-Unprocessed_02_R1_2008_01-05_ORIG_MID--AUDIO_02_R1_2008_wav--4.midi,data\raw\maestro-v3.0.0\2008\MIDI-Unprocessed_02_R1_2008_01-05_ORIG_MID--AUDIO_02_R1_2008_wav--4.wav,train,franz_liszt__polonaise_in_e_major,Romantic,2
track_000220,Franz Liszt,Rem. of Don Juan,2006,995.665403906,2006/MIDI-Unprocessed_07_R1_2006_01-04_ORIG_MID--AUDIO_07_R1_2006_04_Track04_wav.midi,2006/MIDI-Unprocessed_07_R1_2006_01-04_ORIG_MID--AUDIO_07_R1_2006_04_Track04_wav.wav,data\raw\maestro-v3.0.0\2006\MIDI-Unprocessed_07_R1_2006_01-04_ORIG_MID--AUDIO_07_R1_2006_04_Track04_wav.midi,data\raw\maestro-v3.0.0\2006\MIDI-Unprocessed_07_R1_2006_01-04_ORIG_MID--AUDIO_07_R1_2006_04_Track04_wav.wav,test,franz_liszt__rem_of_don_juan,Romantic,2
track_000221,Franz Liszt,Rhapsodie Espagnole,2008,794.300754844,2008/MIDI-Unprocessed_04_R2_2008_01-04_ORIG_MID--AUDIO_04_R2_2008_wav--4.midi,2008/MIDI-Unprocessed_04_R2_2008_01-04_ORIG_MID--AUDIO_04_R2_2008_wav--4.wav,data\raw\maestro-v3.0.0\2008\MIDI-Unprocessed_04_R2_2008_01-04_ORIG_MID--AUDIO_04_R2_2008_wav--4.midi,data\raw\maestro-v3.0.0\2008\MIDI-Unprocessed_04_R2_2008_01-04_ORIG_MID--AUDIO_04_R2_2008_wav--4.wav,train,franz_liszt__rhapsodie_espagnole,Romantic,2
track_000222,Franz Liszt,Rhapsodie Espagnole,2008,750.80053125,2008/MIDI-Unprocessed_08_R3_2008_01-05_ORIG_MID--AUDIO_08_R3_2008_wav--2.midi,2008/MIDI-Unprocessed_08_R3_2008_01-05_ORIG_MID--AUDIO_08_R3_2008_wav--2.wav,data\raw\maestro-v3.0.0\2008\MIDI-Unprocessed_08_R3_2008_01-05_ORIG_MID--AUDIO_08_R3_2008_wav--2.midi,data\raw\maestro-v3.0.0\2008\MIDI-Unprocessed_08_R3_2008_01-05_ORIG_MID--AUDIO_08_R3_2008_wav--2.wav,train,franz_liszt__rhapsodie_espagnole,Romantic,2
track_000223,Franz Liszt,Rhapsodie Espagnole S.254,2011,774.292762031,2011/MIDI-Unprocessed_25_R3_2011_MID--AUDIO_R3-D9_06_Track06_wav.midi,2011/MIDI-Unprocessed_25_R3_2011_MID--AUDIO_R3-D9_06_Track06_wav.wav,data\raw\maestro-v3.0.0\2011\MIDI-Unprocessed_25_R3_2011_MID--AUDIO_R3-D9_06_Track06_wav.midi,data\raw\maestro-v3.0.0\2011\MIDI-Unprocessed_25_R3_2011_MID--AUDIO_R3-D9_06_Track06_wav.wav,train,franz_liszt__rhapsodie_espagnole_s_254,Romantic,2
track_000224,Franz Liszt,"Rhapsodie Espagnole, S. 254",2018,794.979172969,2018/MIDI-Unprocessed_Recital1-3_MID--AUDIO_02_R1_2018_wav--2.midi,2018/MIDI-Unprocessed_Recital1-3_MID--AUDIO_02_R1_2018_wav--2.wav,data\raw\maestro-v3.0.0\2018\MIDI-Unprocessed_Recital1-3_MID--AUDIO_02_R1_2018_wav--2.midi,data\raw\maestro-v3.0.0\2018\MIDI-Unprocessed_Recital1-3_MID--AUDIO_02_R1_2018_wav--2.wav,train,franz_liszt__rhapsodie_espagnole_s_254,Romantic,2
track_000225,Franz Liszt,"Rhapsodie Espagnole, S. 254",2015,783.325,2015/MIDI-Unprocessed_R1_D1-1-8_mid--AUDIO-from_mp3_08_R1_2015_wav--4.midi,2015/MIDI-Unprocessed_R1_D1-1-8_mid--AUDIO-from_mp3_08_R1_2015_wav--4.wav,data\raw\maestro-v3.0.0\2015\MIDI-Unprocessed_R1_D1-1-8_mid--AUDIO-from_mp3_08_R1_2015_wav--4.midi,data\raw\maestro-v3.0.0\2015\MIDI-Unprocessed_R1_D1-1-8_mid--AUDIO-from_mp3_08_R1_2015_wav--4.wav,train,franz_liszt__rhapsodie_espagnole_s_254,Romantic,2
track_000226,Franz Liszt,"Rhapsodie Espagnole, S. 254",2013,743.269822969,2013/ORIG-MIDI_03_7_8_13_Group__MID--AUDIO_17_R2_2013_wav--3.midi,2013/ORIG-MIDI_03_7_8_13_Group__MID--AUDIO_17_R2_2013_wav--3.wav,data\raw\maestro-v3.0.0\2013\ORIG-MIDI_03_7_8_13_Group__MID--AUDIO_17_R2_2013_wav--3.midi,data\raw\maestro-v3.0.0\2013\ORIG-MIDI_03_7_8_13_Group__MID--AUDIO_17_R2_2013_wav--3.wav,train,franz_liszt__rhapsodie_espagnole_s_254,Romantic,2
track_000227,Franz Liszt,"Rhapsodie Espagnole, S. 254",2013,771.030211875,2013/ORIG-MIDI_02_7_10_13_Group_MID--AUDIO_12_R3_2013_wav--4.midi,2013/ORIG-MIDI_02_7_10_13_Group_MID--AUDIO_12_R3_2013_wav--4.wav,data\raw\maestro-v3.0.0\2013\ORIG-MIDI_02_7_10_13_Group_MID--AUDIO_12_R3_2013_wav--4.midi,data\raw\maestro-v3.0.0\2013\ORIG-MIDI_02_7_10_13_Group_MID--AUDIO_12_R3_2013_wav--4.wav,train,franz_liszt__rhapsodie_espagnole_s_254,Romantic,2
track_000228,Franz Liszt,"Rhapsodie Espagnole, S.254",2014,794.788200938,2014/MIDI-UNPROCESSED_16-18_R1_2014_MID--AUDIO_17_R1_2014_wav--2.midi,2014/MIDI-UNPROCESSED_16-18_R1_2014_MID--AUDIO_17_R1_2014_wav--2.wav,data\raw\maestro-v3.0.0\2014\MIDI-UNPROCESSED_16-18_R1_2014_MID--AUDIO_17_R1_2014_wav--2.midi,data\raw\maestro-v3.0.0\2014\MIDI-UNPROCESSED_16-18_R1_2014_MID--AUDIO_17_R1_2014_wav--2.wav,train,franz_liszt__rhapsodie_espagnole_s_254,Romantic,2
track_000229,Franz Liszt,Rhapsody Esp.,2006,773.212367813,2006/MIDI-Unprocessed_04_R1_2006_01-04_ORIG_MID--AUDIO_04_R1_2006_03_Track03_wav.midi,2006/MIDI-Unprocessed_04_R1_2006_01-04_ORIG_MID--AUDIO_04_R1_2006_03_Track03_wav.wav,data\raw\maestro-v3.0.0\2006\MIDI-Unprocessed_04_R1_2006_01-04_ORIG_MID--AUDIO_04_R1_2006_03_Track03_wav.midi,data\raw\maestro-v3.0.0\2006\MIDI-Unprocessed_04_R1_2006_01-04_ORIG_MID--AUDIO_04_R1_2006_03_Track03_wav.wav,train,franz_liszt__rhapsody_esp,Romantic,2
track_000230,Franz Liszt,Rhapsody Esp.,2006,754.92445875,2006/MIDI-Unprocessed_18_R1_2006_01-05_ORIG_MID--AUDIO_18_R1_2006_04_Track04_wav.midi,2006/MIDI-Unprocessed_18_R1_2006_01-05_ORIG_MID--AUDIO_18_R1_2006_04_Track04_wav.wav,data\raw\maestro-v3.0.0\2006\MIDI-Unprocessed_18_R1_2006_01-05_ORIG_MID--AUDIO_18_R1_2006_04_Track04_wav.midi,data\raw\maestro-v3.0.0\2006\MIDI-Unprocessed_18_R1_2006_01-05_ORIG_MID--AUDIO_18_R1_2006_04_Track04_wav.wav,train,franz_liszt__rhapsody_esp,Romantic,2
track_000231,Franz Liszt,Rigoletto Paraphrase,2009,391.296350156,2009/MIDI-Unprocessed_15_R1_2009_03-06_ORIG_MID--AUDIO_15_R1_2009_15_R1_2009_06_WAV.midi,2009/MIDI-Unprocessed_15_R1_2009_03-06_ORIG_MID--AUDIO_15_R1_2009_15_R1_2009_06_WAV.wav,data\raw\maestro-v3.0.0\2009\MIDI-Unprocessed_15_R1_2009_03-06_ORIG_MID--AUDIO_15_R1_2009_15_R1_2009_06_WAV.midi,data\raw\maestro-v3.0.0\2009\MIDI-Unprocessed_15_R1_2009_03-06_ORIG_MID--AUDIO_15_R1_2009_15_R1_2009_06_WAV.wav,train,franz_liszt__rigoletto_paraphrase,Romantic,2
track_000232,Franz Liszt,"Rigoletto Paraphrase, S. 434",2011,379.090165781,2011/MIDI-Unprocessed_09_R2_2011_MID--AUDIO_R2-D3_03_Track03_wav.midi,2011/MIDI-Unprocessed_09_R2_2011_MID--AUDIO_R2-D3_03_Track03_wav.wav,data\raw\maestro-v3.0.0\2011\MIDI-Unprocessed_09_R2_2011_MID--AUDIO_R2-D3_03_Track03_wav.midi,data\raw\maestro-v3.0.0\2011\MIDI-Unprocessed_09_R2_2011_MID--AUDIO_R2-D3_03_Track03_wav.wav,train,franz_liszt__rigoletto_paraphrase_s_434,Romantic,2
track_000233,Franz Liszt,Rigoletto-Paraphrase,2008,421.416512344,2008/MIDI-Unprocessed_03_R1_2008_01-04_ORIG_MID--AUDIO_03_R1_2008_wav--4.midi,2008/MIDI-Unprocessed_03_R1_2008_01-04_ORIG_MID--AUDIO_03_R1_2008_wav--4.wav,data\raw\maestro-v3.0.0\2008\MIDI-Unprocessed_03_R1_2008_01-04_ORIG_MID--AUDIO_03_R1_2008_wav--4.midi,data\raw\maestro-v3.0.0\2008\MIDI-Unprocessed_03_R1_2008_01-04_ORIG_MID--AUDIO_03_R1_2008_wav--4.wav,train,franz_liszt__rigoletto_paraphrase,Romantic,2
track_000234,Franz Liszt,"Réminiscences de Don Juan, S.418",2014,977.023595625,2014/MIDI-UNPROCESSED_11-13_R1_2014_MID--AUDIO_13_R1_2014_wav--6.midi,2014/MIDI-UNPROCESSED_11-13_R1_2014_MID--AUDIO_13_R1_2014_wav--6.wav,data\raw\maestro-v3.0.0\2014\MIDI-UNPROCESSED_11-13_R1_2014_MID--AUDIO_13_R1_2014_wav--6.midi,data\raw\maestro-v3.0.0\2014\MIDI-UNPROCESSED_11-13_R1_2014_MID--AUDIO_13_R1_2014_wav--6.wav,test,franz_liszt__r_miniscences_de_don_juan_s_418,Romantic,2
track_000235,Franz Liszt,"Sonata In B Minor, S. 178",2018,1700.13318234,2018/MIDI-Unprocessed_Recital4_MID--AUDIO_04_R1_2018_wav--5.midi,2018/MIDI-Unprocessed_Recital4_MID--AUDIO_04_R1_2018_wav--5.wav,data\raw\maestro-v3.0.0\2018\MIDI-Unprocessed_Recital4_MID--AUDIO_04_R1_2018_wav--5.midi,data\raw\maestro-v3.0.0\2018\MIDI-Unprocessed_Recital4_MID--AUDIO_04_R1_2018_wav--5.wav,train,franz_liszt__sonata_in_b_minor_s_178,Romantic,2
track_000236,Franz Liszt,Sonata in B Min.,2006,1744.15290328,2006/MIDI-Unprocessed_06_R1_2006_01-04_ORIG_MID--AUDIO_06_R1_2006_03_Track03_wav.midi,2006/MIDI-Unprocessed_06_R1_2006_01-04_ORIG_MID--AUDIO_06_R1_2006_03_Track03_wav.wav,data\raw\maestro-v3.0.0\2006\MIDI-Unprocessed_06_R1_2006_01-04_ORIG_MID--AUDIO_06_R1_2006_03_Track03_wav.midi,data\raw\maestro-v3.0.0\2006\MIDI-Unprocessed_06_R1_2006_01-04_ORIG_MID--AUDIO_06_R1_2006_03_Track03_wav.wav,train,franz_liszt__sonata_in_b_min,Romantic,2
track_000237,Franz Liszt,Sonata in B Min.,2006,1396.30736437,2006/MIDI-Unprocessed_24_R1_2006_01-05_ORIG_MID--AUDIO_24_R1_2006_05_Track05_wav.midi,2006/MIDI-Unprocessed_24_R1_2006_01-05_ORIG_MID--AUDIO_24_R1_2006_05_Track05_wav.wav,data\raw\maestro-v3.0.0\2006\MIDI-Unprocessed_24_R1_2006_01-05_ORIG_MID--AUDIO_24_R1_2006_05_Track05_wav.midi,data\raw\maestro-v3.0.0\2006\MIDI-Unprocessed_24_R1_2006_01-05_ORIG_MID--AUDIO_24_R1_2006_05_Track05_wav.wav,train,franz_liszt__sonata_in_b_min,Romantic,2
track_000238,Franz Liszt,"Sonata in B Minor, S. 178",2009,1670.37092578,2009/MIDI-Unprocessed_03_R1_2009_01-02_ORIG_MID--AUDIO_03_R1_2009_03_R1_2009_02_WAV.midi,2009/MIDI-Unprocessed_03_R1_2009_01-02_ORIG_MID--AUDIO_03_R1_2009_03_R1_2009_02_WAV.wav,data\raw\maestro-v3.0.0\2009\MIDI-Unprocessed_03_R1_2009_01-02_ORIG_MID--AUDIO_03_R1_2009_03_R1_2009_02_WAV.midi,data\raw\maestro-v3.0.0\2009\MIDI-Unprocessed_03_R1_2009_01-02_ORIG_MID--AUDIO_03_R1_2009_03_R1_2009_02_WAV.wav,train,franz_liszt__sonata_in_b_minor_s_178,Romantic,2
track_000239,Franz Liszt,"Sonata in B Minor, S. 178",2009,1710.21062953,2009/MIDI-Unprocessed_19_R1_2009_01-02_ORIG_MID--AUDIO_19_R1_2009_19_R1_2009_02_WAV.midi,2009/MIDI-Unprocessed_19_R1_2009_01-02_ORIG_MID--AUDIO_19_R1_2009_19_R1_2009_02_WAV.wav,data\raw\maestro-v3.0.0\2009\MIDI-Unprocessed_19_R1_2009_01-02_ORIG_MID--AUDIO_19_R1_2009_19_R1_2009_02_WAV.midi,data\raw\maestro-v3.0.0\2009\MIDI-Unprocessed_19_R1_2009_01-02_ORIG_MID--AUDIO_19_R1_2009_19_R1_2009_02_WAV.wav,train,franz_liszt__sonata_in_b_minor_s_178,Romantic,2
track_000240,Franz Liszt,"Sonata in B Minor, S. 178",2009,1726.19619047,2009/MIDI-Unprocessed_21_R1_2009_04_ORIG_MID--AUDIO_21_R1_2009_21_R1_2009_04_WAV.midi,2009/MIDI-Unprocessed_21_R1_2009_04_ORIG_MID--AUDIO_21_R1_2009_21_R1_2009_04_WAV.wav,data\raw\maestro-v3.0.0\2009\MIDI-Unprocessed_21_R1_2009_04_ORIG_MID--AUDIO_21_R1_2009_21_R1_2009_04_WAV.midi,data\raw\maestro-v3.0.0\2009\MIDI-Unprocessed_21_R1_2009_04_ORIG_MID--AUDIO_21_R1_2009_21_R1_2009_04_WAV.wav,train,franz_liszt__sonata_in_b_minor_s_178,Romantic,2
track_000241,Franz Liszt,"Sonata in B Minor, S. 178",2014,1480.26561375,2014/MIDI-UNPROCESSED_01-03_R1_2014_MID--AUDIO_02_R1_2014_wav--5.midi,2014/MIDI-UNPROCESSED_01-03_R1_2014_MID--AUDIO_02_R1_2014_wav--5.wav,data\raw\maestro-v3.0.0\2014\MIDI-UNPROCESSED_01-03_R1_2014_MID--AUDIO_02_R1_2014_wav--5.midi,data\raw\maestro-v3.0.0\2014\MIDI-UNPROCESSED_01-03_R1_2014_MID--AUDIO_02_R1_2014_wav--5.wav,train,franz_liszt__sonata_in_b_minor_s_178,Romantic,2
track_000242,Franz Liszt,Sonetto 104 del Petrarca,2009,379.317195469,2009/MIDI-Unprocessed_15_R1_2009_03-06_ORIG_MID--AUDIO_15_R1_2009_15_R1_2009_05_WAV.midi,2009/MIDI-Unprocessed_15_R1_2009_03-06_ORIG_MID--AUDIO_15_R1_2009_15_R1_2009_05_WAV.wav,data\raw\maestro-v3.0.0\2009\MIDI-Unprocessed_15_R1_2009_03-06_ORIG_MID--AUDIO_15_R1_2009_15_R1_2009_05_WAV.midi,data\raw\maestro-v3.0.0\2009\MIDI-Unprocessed_15_R1_2009_03-06_ORIG_MID--AUDIO_15_R1_2009_15_R1_2009_05_WAV.wav,train,franz_liszt__sonetto_104_del_petrarca,Romantic,2
track_000243,Franz Liszt,Sonetto 104 del Petrarca,2008,398.729569219,2008/MIDI-Unprocessed_17_R1_2008_01-04_ORIG_MID--AUDIO_17_R1_2008_wav--4.midi,2008/MIDI-Unprocessed_17_R1_2008_01-04_ORIG_MID--AUDIO_17_R1_2008_wav--4.wav,data\raw\maestro-v3.0.0\2008\MIDI-Unprocessed_17_R1_2008_01-04_ORIG_MID--AUDIO_17_R1_2008_wav--4.midi,data\raw\maestro-v3.0.0\2008\MIDI-Unprocessed_17_R1_2008_01-04_ORIG_MID--AUDIO_17_R1_2008_wav--4.wav,train,franz_liszt__sonetto_104_del_petrarca,Romantic,2
track_000244,Franz Liszt,Sonetto 123 del Petrarca,2009,412.511606719,2009/MIDI-Unprocessed_04_R1_2009_04-06_ORIG_MID--AUDIO_04_R1_2009_04_R1_2009_04_WAV.midi,2009/MIDI-Unprocessed_04_R1_2009_04-06_ORIG_MID--AUDIO_04_R1_2009_04_R1_2009_04_WAV.wav,data\raw\maestro-v3.0.0\2009\MIDI-Unprocessed_04_R1_2009_04-06_ORIG_MID--AUDIO_04_R1_2009_04_R1_2009_04_WAV.midi,data\raw\maestro-v3.0.0\2009\MIDI-Unprocessed_04_R1_2009_04-06_ORIG_MID--AUDIO_04_R1_2009_04_R1_2009_04_WAV.wav,validation,franz_liszt__sonetto_123_del_petrarca,Romantic,2
track_000245,Franz Liszt,Spanish Rhapsody,2004,750.325777985,2004/MIDI-Unprocessed_XP_06_R1_2004_02-03_ORIG_MID--AUDIO_06_R1_2004_05_Track05_wav.midi,2004/MIDI-Unprocessed_XP_06_R1_2004_02-03_ORIG_MID--AUDIO_06_R1_2004_05_Track05_wav.wav,data\raw\maestro-v3.0.0\2004\MIDI-Unprocessed_XP_06_R1_2004_02-03_ORIG_MID--AUDIO_06_R1_2004_05_Track05_wav.midi,data\raw\maestro-v3.0.0\2004\MIDI-Unprocessed_XP_06_R1_2004_02-03_ORIG_MID--AUDIO_06_R1_2004_05_Track05_wav.wav,train,franz_liszt__spanish_rhapsody,Romantic,2
track_000246,Franz Liszt,Spanish Rhapsody,2009,802.764955781,2009/MIDI-Unprocessed_04_R1_2009_04-06_ORIG_MID--AUDIO_04_R1_2009_04_R1_2009_05_WAV.midi,2009/MIDI-Unprocessed_04_R1_2009_04-06_ORIG_MID--AUDIO_04_R1_2009_04_R1_2009_05_WAV.wav,data\raw\maestro-v3.0.0\2009\MIDI-Unprocessed_04_R1_2009_04-06_ORIG_MID--AUDIO_04_R1_2009_04_R1_2009_05_WAV.midi,data\raw\maestro-v3.0.0\2009\MIDI-Unprocessed_04_R1_2009_04-06_ORIG_MID--AUDIO_04_R1_2009_04_R1_2009_05_WAV.wav,train,franz_liszt__spanish_rhapsody,Romantic,2
track_000247,Franz Liszt,Tarantella,2015,545.376041667,2015/MIDI-Unprocessed_R1_D2-13-20_mid--AUDIO-from_mp3_18_R1_2015_wav--4.midi,2015/MIDI-Unprocessed_R1_D2-13-20_mid--AUDIO-from_mp3_18_R1_2015_wav--4.wav,data\raw\maestro-v3.0.0\2015\MIDI-Unprocessed_R1_D2-13-20_mid--AUDIO-from_mp3_18_R1_2015_wav--4.midi,data\raw\maestro-v3.0.0\2015\MIDI-Unprocessed_R1_D2-13-20_mid--AUDIO-from_mp3_18_R1_2015_wav--4.wav,train,franz_liszt__tarantella,Romantic,2
track_000248,Franz Liszt,Tarantella from Annees de Pelerinage 2eme Annee,2008,532.707800625,2008/MIDI-Unprocessed_10_R2_2008_01-05_ORIG_MID--AUDIO_10_R2_2008_wav--3.midi,2008/MIDI-Unprocessed_10_R2_2008_01-05_ORIG_MID--AUDIO_10_R2_2008_wav--3.wav,data\raw\maestro-v3.0.0\2008\MIDI-Unprocessed_10_R2_2008_01-05_ORIG_MID--AUDIO_10_R2_2008_wav--3.midi,data\raw\maestro-v3.0.0\2008\MIDI-Unprocessed_10_R2_2008_01-05_ORIG_MID--AUDIO_10_R2_2008_wav--3.wav,train,franz_liszt__tarantella_from_annees_de_pelerinage_2eme_annee,Romantic,2
track_000249,Franz Liszt,"Tarantella, S. 162 No. 3 from Venezia e Napoli",2011,487.864095469,2011/MIDI-Unprocessed_06_R3_2011_MID--AUDIO_R3-D3_06_Track06_wav.midi,2011/MIDI-Unprocessed_06_R3_2011_MID--AUDIO_R3-D3_06_Track06_wav.wav,data\raw\maestro-v3.0.0\2011\MIDI-Unprocessed_06_R3_2011_MID--AUDIO_R3-D3_06_Track06_wav.midi,data\raw\maestro-v3.0.0\2011\MIDI-Unprocessed_06_R3_2011_MID--AUDIO_R3-D3_06_Track06_wav.wav,train,franz_liszt__tarantella_s_162_no_3_from_venezia_e_napoli,Romantic,2
track_000250,Franz Liszt,"Tarantella, Venezia e Napoli in G Minor, S.159",2017,504.102230742,2017/MIDI-Unprocessed_047_PIANO047_MID--AUDIO-split_07-06-17_Piano-e_2-04_wav--4.midi,2017/MIDI-Unprocessed_047_PIANO047_MID--AUDIO-split_07-06-17_Piano-e_2-04_wav--4.wav,data\raw\maestro-v3.0.0\2017\MIDI-Unprocessed_047_PIANO047_MID--AUDIO-split_07-06-17_Piano-e_2-04_wav--4.midi,data\raw\maestro-v3.0.0\2017\MIDI-Unprocessed_047_PIANO047_MID--AUDIO-split_07-06-17_Piano-e_2-04_wav--4.wav,train,franz_liszt__tarantella_venezia_e_napoli_in_g_minor_s_159,Romantic,2
track_000251,Franz Liszt,"Tarantelle di Bravura, S. 386",2009,626.159897344,2009/MIDI-Unprocessed_16_R1_2009_03-06_ORIG_MID--AUDIO_16_R1_2009_16_R1_2009_03_WAV.midi,2009/MIDI-Unprocessed_16_R1_2009_03-06_ORIG_MID--AUDIO_16_R1_2009_16_R1_2009_03_WAV.wav,data\raw\maestro-v3.0.0\2009\MIDI-Unprocessed_16_R1_2009_03-06_ORIG_MID--AUDIO_16_R1_2009_16_R1_2009_03_WAV.midi,data\raw\maestro-v3.0.0\2009\MIDI-Unprocessed_16_R1_2009_03-06_ORIG_MID--AUDIO_16_R1_2009_16_R1_2009_03_WAV.wav,validation,franz_liszt__tarantelle_di_bravura_s_386,Romantic,2
track_000252,Franz Liszt,"Transcendental Etude No. 1 ""Prelude""",2008,53.936911875,2008/MIDI-Unprocessed_04_R3_2008_01-07_ORIG_MID--AUDIO_04_R3_2008_wav--2.midi,2008/MIDI-Unprocessed_04_R3_2008_01-07_ORIG_MID--AUDIO_04_R3_2008_wav--2.wav,data\raw\maestro-v3.0.0\2008\MIDI-Unprocessed_04_R3_2008_01-07_ORIG_MID--AUDIO_04_R3_2008_wav--2.midi,data\raw\maestro-v3.0.0\2008\MIDI-Unprocessed_04_R3_2008_01-07_ORIG_MID--AUDIO_04_R3_2008_wav--2.wav,validation,franz_liszt__transcendental_etude_no_1_prelude,Romantic,2
track_000253,Franz Liszt,"Transcendental Etude No. 1, “Preludio""",2015,45.1552083333,2015/MIDI-Unprocessed_R1_D1-1-8_mid--AUDIO-from_mp3_06_R1_2015_wav--3.midi,2015/MIDI-Unprocessed_R1_D1-1-8_mid--AUDIO-from_mp3_06_R1_2015_wav--3.wav,data\raw\maestro-v3.0.0\2015\MIDI-Unprocessed_R1_D1-1-8_mid--AUDIO-from_mp3_06_R1_2015_wav--3.midi,data\raw\maestro-v3.0.0\2015\MIDI-Unprocessed_R1_D1-1-8_mid--AUDIO-from_mp3_06_R1_2015_wav--3.wav,validation,franz_liszt__transcendental_etude_no_1_preludio,Romantic,2
track_000254,Franz Liszt,Transcendental Etude No. 10 in F Minor,2013,257.278054688,2013/ORIG-MIDI_01_7_7_13_Group__MID--AUDIO_13_R1_2013_wav--3.midi,2013/ORIG-MIDI_01_7_7_13_Group__MID--AUDIO_13_R1_2013_wav--3.wav,data\raw\maestro-v3.0.0\2013\ORIG-MIDI_01_7_7_13_Group__MID--AUDIO_13_R1_2013_wav--3.midi,data\raw\maestro-v3.0.0\2013\ORIG-MIDI_01_7_7_13_Group__MID--AUDIO_13_R1_2013_wav--3.wav,test,franz_liszt__transcendental_etude_no_10_in_f_minor,Romantic,2
track_000255,Franz Liszt,"Transcendental Etude No. 10 in F Minor ""Appassionata""",2008,305.818337344,2008/MIDI-Unprocessed_04_R3_2008_01-07_ORIG_MID--AUDIO_04_R3_2008_wav--6.midi,2008/MIDI-Unprocessed_04_R3_2008_01-07_ORIG_MID--AUDIO_04_R3_2008_wav--6.wav,data\raw\maestro-v3.0.0\2008\MIDI-Unprocessed_04_R3_2008_01-07_ORIG_MID--AUDIO_04_R3_2008_wav--6.midi,data\raw\maestro-v3.0.0\2008\MIDI-Unprocessed_04_R3_2008_01-07_ORIG_MID--AUDIO_04_R3_2008_wav--6.wav,test,franz_liszt__transcendental_etude_no_10_in_f_minor_appassionata,Romantic,2
track_000256,Franz Liszt,"Transcendental Etude No. 10 in F Minor, S. 139/10",2018,235.22412375,2018/MIDI-Unprocessed_Recital17-19_MID--AUDIO_19_R1_2018_wav--3.midi,2018/MIDI-Unprocessed_Recital17-19_MID--AUDIO_19_R1_2018_wav--3.wav,data\raw\maestro-v3.0.0\2018\MIDI-Unprocessed_Recital17-19_MID--AUDIO_19_R1_2018_wav--3.midi,data\raw\maestro-v3.0.0\2018\MIDI-Unprocessed_Recital17-19_MID--AUDIO_19_R1_2018_wav--3.wav,test,franz_liszt__transcendental_etude_no_10_in_f_minor_s_139_10,Romantic,2
track_000257,Franz Liszt,"Transcendental Etude No. 11 ""Harmonies du Soir""",2008,607.479360469,2008/MIDI-Unprocessed_04_R3_2008_01-07_ORIG_MID--AUDIO_04_R3_2008_wav--7.midi,2008/MIDI-Unprocessed_04_R3_2008_01-07_ORIG_MID--AUDIO_04_R3_2008_wav--7.wav,data\raw\maestro-v3.0.0\2008\MIDI-Unprocessed_04_R3_2008_01-07_ORIG_MID--AUDIO_04_R3_2008_wav--7.midi,data\raw\maestro-v3.0.0\2008\MIDI-Unprocessed_04_R3_2008_01-07_ORIG_MID--AUDIO_04_R3_2008_wav--7.wav,test,franz_liszt__transcendental_etude_no_11_harmonies_du_soir,Romantic,2
track_000258,Franz Liszt,"Transcendental Etude No. 12 ""Chasse-neige""",2018,269.271899531,2018/MIDI-Unprocessed_Recital9-11_MID--AUDIO_09_R1_2018_wav--4.midi,2018/MIDI-Unprocessed_Recital9-11_MID--AUDIO_09_R1_2018_wav--4.wav,data\raw\maestro-v3.0.0\2018\MIDI-Unprocessed_Recital9-11_MID--AUDIO_09_R1_2018_wav--4.midi,data\raw\maestro-v3.0.0\2018\MIDI-Unprocessed_Recital9-11_MID--AUDIO_09_R1_2018_wav--4.wav,validation,franz_liszt__transcendental_etude_no_12_chasse_neige,Romantic,2
track_000259,Franz Liszt,"Transcendental Etude No. 12 ""Chasse-neige""",2008,257.133824063,2008/MIDI-Unprocessed_07_R1_2008_01-04_ORIG_MID--AUDIO_07_R1_2008_wav--3.midi,2008/MIDI-Unprocessed_07_R1_2008_01-04_ORIG_MID--AUDIO_07_R1_2008_wav--3.wav,data\raw\maestro-v3.0.0\2008\MIDI-Unprocessed_07_R1_2008_01-04_ORIG_MID--AUDIO_07_R1_2008_wav--3.midi,data\raw\maestro-v3.0.0\2008\MIDI-Unprocessed_07_R1_2008_01-04_ORIG_MID--AUDIO_07_R1_2008_wav--3.wav,validation,franz_liszt__transcendental_etude_no_12_chasse_neige,Romantic,2
track_000260,Franz Liszt,"Transcendental Etude No. 2, “Molto vivace""",2015,128.823958333,2015/MIDI-Unprocessed_R1_D1-1-8_mid--AUDIO-from_mp3_06_R1_2015_wav--4.midi,2015/MIDI-Unprocessed_R1_D1-1-8_mid--AUDIO-from_mp3_06_R1_2015_wav--4.wav,data\raw\maestro-v3.0.0\2015\MIDI-Unprocessed_R1_D1-1-8_mid--AUDIO-from_mp3_06_R1_2015_wav--4.midi,data\raw\maestro-v3.0.0\2015\MIDI-Unprocessed_R1_D1-1-8_mid--AUDIO-from_mp3_06_R1_2015_wav--4.wav,train,franz_liszt__transcendental_etude_no_2_molto_vivace,Romantic,2
track_000261,Franz Liszt,"Transcendental Etude No. 3 ""Paysage""",2008,260.515230938,2008/MIDI-Unprocessed_04_R3_2008_01-07_ORIG_MID--AUDIO_04_R3_2008_wav--3.midi,2008/MIDI-Unprocessed_04_R3_2008_01-07_ORIG_MID--AUDIO_04_R3_2008_wav--3.wav,data\raw\maestro-v3.0.0\2008\MIDI-Unprocessed_04_R3_2008_01-07_ORIG_MID--AUDIO_04_R3_2008_wav--3.midi,data\raw\maestro-v3.0.0\2008\MIDI-Unprocessed_04_R3_2008_01-07_ORIG_MID--AUDIO_04_R3_2008_wav--3.wav,test,franz_liszt__transcendental_etude_no_3_paysage,Romantic,2
track_000262,Franz Liszt,"Transcendental Etude No. 4 ""Mazeppa""",2008,494.709708281,2008/MIDI-Unprocessed_04_R3_2008_01-07_ORIG_MID--AUDIO_04_R3_2008_wav--4.midi,2008/MIDI-Unprocessed_04_R3_2008_01-07_ORIG_MID--AUDIO_04_R3_2008_wav--4.wav,data\raw\maestro-v3.0.0\2008\MIDI-Unprocessed_04_R3_2008_01-07_ORIG_MID--AUDIO_04_R3_2008_wav--4.midi,data\raw\maestro-v3.0.0\2008\MIDI-Unprocessed_04_R3_2008_01-07_ORIG_MID--AUDIO_04_R3_2008_wav--4.wav,train,franz_liszt__transcendental_etude_no_4_mazeppa,Romantic,2
track_000263,Franz Liszt,"Transcendental Etude No. 4, ""Mazeppa""",2015,414.234375,2015/MIDI-Unprocessed_R1_D2-13-20_mid--AUDIO-from_mp3_17_R1_2015_wav--4.midi,2015/MIDI-Unprocessed_R1_D2-13-20_mid--AUDIO-from_mp3_17_R1_2015_wav--4.wav,data\raw\maestro-v3.0.0\2015\MIDI-Unprocessed_R1_D2-13-20_mid--AUDIO-from_mp3_17_R1_2015_wav--4.midi,data\raw\maestro-v3.0.0\2015\MIDI-Unprocessed_R1_D2-13-20_mid--AUDIO-from_mp3_17_R1_2015_wav--4.wav,train,franz_liszt__transcendental_etude_no_4_mazeppa,Romantic,2
track_000264,Franz Liszt,"Transcendental Etude No. 5 ""Feux Follets""",2008,226.426055625,2008/MIDI-Unprocessed_04_R3_2008_01-07_ORIG_MID--AUDIO_04_R3_2008_wav--5.midi,2008/MIDI-Unprocessed_04_R3_2008_01-07_ORIG_MID--AUDIO_04_R3_2008_wav--5.wav,data\raw\maestro-v3.0.0\2008\MIDI-Unprocessed_04_R3_2008_01-07_ORIG_MID--AUDIO_04_R3_2008_wav--5.midi,data\raw\maestro-v3.0.0\2008\MIDI-Unprocessed_04_R3_2008_01-07_ORIG_MID--AUDIO_04_R3_2008_wav--5.wav,train,franz_liszt__transcendental_etude_no_5_feux_follets,Romantic,2
track_000265,Franz Liszt,"Transcendental Etude No. 5 ""Feux Follets""",2013,243.934050937,2013/ORIG-MIDI_02_7_6_13_Group__MID--AUDIO_07_R1_2013_wav--3.midi,2013/ORIG-MIDI_02_7_6_13_Group__MID--AUDIO_07_R1_2013_wav--3.wav,data\raw\maestro-v3.0.0\2013\ORIG-MIDI_02_7_6_13_Group__MID--AUDIO_07_R1_2013_wav--3.midi,data\raw\maestro-v3.0.0\2013\ORIG-MIDI_02_7_6_13_Group__MID--AUDIO_07_R1_2013_wav--3.wav,train,franz_liszt__transcendental_etude_no_5_feux_follets,Romantic,2
track_000266,Franz Liszt,"Transcendental Etude No. 5 ""Feux Follets""",2013,208.186223437,2013/ORIG-MIDI_02_7_7_13_Group__MID--AUDIO_15_R1_2013_wav--3.midi,2013/ORIG-MIDI_02_7_7_13_Group__MID--AUDIO_15_R1_2013_wav--3.wav,data\raw\maestro-v3.0.0\2013\ORIG-MIDI_02_7_7_13_Group__MID--AUDIO_15_R1_2013_wav--3.midi,data\raw\maestro-v3.0.0\2013\ORIG-MIDI_02_7_7_13_Group__MID--AUDIO_15_R1_2013_wav--3.wav,train,franz_liszt__transcendental_etude_no_5_feux_follets,Romantic,2
track_000267,Franz Liszt,"Transcendental Etude No. 5 “Feux Follets,” S.139, No. 5",2014,220.76901,2014/MIDI-UNPROCESSED_09-10_R1_2014_MID--AUDIO_09_R1_2014_wav--3.midi,2014/MIDI-UNPROCESSED_09-10_R1_2014_MID--AUDIO_09_R1_2014_wav--3.wav,data\raw\maestro-v3.0.0\2014\MIDI-UNPROCESSED_09-10_R1_2014_MID--AUDIO_09_R1_2014_wav--3.midi,data\raw\maestro-v3.0.0\2014\MIDI-UNPROCESSED_09-10_R1_2014_MID--AUDIO_09_R1_2014_wav--3.wav,train,franz_liszt__transcendental_etude_no_5_feux_follets_s_139_no_5,Romantic,2
track_000268,Franz Liszt,"Transcendental Etude No. 5, ""Feux Follets"", S. 139/5",2011,215.347006875,2011/MIDI-Unprocessed_06_R2_2011_MID--AUDIO_R2-D2_07_Track07_wav.midi,2011/MIDI-Unprocessed_06_R2_2011_MID--AUDIO_R2-D2_07_Track07_wav.wav,data\raw\maestro-v3.0.0\2011\MIDI-Unprocessed_06_R2_2011_MID--AUDIO_R2-D2_07_Track07_wav.midi,data\raw\maestro-v3.0.0\2011\MIDI-Unprocessed_06_R2_2011_MID--AUDIO_R2-D2_07_Track07_wav.wav,train,franz_liszt__transcendental_etude_no_5_feux_follets_s_139_5,Romantic,2
track_000269,Franz Liszt,"Transcendental Etude No. 8 ""Wilde Jagd""",2013,317.551765781,2013/ORIG-MIDI_01_7_6_13_Group__MID--AUDIO_01_R1_2013_wav--4.midi,2013/ORIG-MIDI_01_7_6_13_Group__MID--AUDIO_01_R1_2013_wav--4.wav,data\raw\maestro-v3.0.0\2013\ORIG-MIDI_01_7_6_13_Group__MID--AUDIO_01_R1_2013_wav--4.midi,data\raw\maestro-v3.0.0\2013\ORIG-MIDI_01_7_6_13_Group__MID--AUDIO_01_R1_2013_wav--4.wav,test,franz_liszt__transcendental_etude_no_8_wilde_jagd,Romantic,2
track_000270,Franz Liszt,"Transcendental Etude No. 8 ""Wilde Jagd""",2013,298.708301719,2013/ORIG-MIDI_01_7_7_13_Group__MID--AUDIO_11_R1_2013_wav--4.midi,2013/ORIG-MIDI_01_7_7_13_Group__MID--AUDIO_11_R1_2013_wav--4.wav,data\raw\maestro-v3.0.0\2013\ORIG-MIDI_01_7_7_13_Group__MID--AUDIO_11_R1_2013_wav--4.midi,data\raw\maestro-v3.0.0\2013\ORIG-MIDI_01_7_7_13_Group__MID--AUDIO_11_R1_2013_wav--4.wav,test,franz_liszt__transcendental_etude_no_8_wilde_jagd,Romantic,2
track_000271,Franz Liszt,"Transcendental Etude No. 8, ""Wilde Jagd"", S. 139/8",2011,355.499110313,2011/MIDI-Unprocessed_14_R1_2011_MID--AUDIO_R1-D6_04_Track04_wav.midi,2011/MIDI-Unprocessed_14_R1_2011_MID--AUDIO_R1-D6_04_Track04_wav.wav,data\raw\maestro-v3.0.0\2011\MIDI-Unprocessed_14_R1_2011_MID--AUDIO_R1-D6_04_Track04_wav.midi,data\raw\maestro-v3.0.0\2011\MIDI-Unprocessed_14_R1_2011_MID--AUDIO_R1-D6_04_Track04_wav.wav,test,franz_liszt__transcendental_etude_no_8_wilde_jagd_s_139_8,Romantic,2
track_000272,Franz Liszt,"Transcendental Etude No. 9, 'Ricordanza'",2004,510.89592875,2004/MIDI-Unprocessed_XP_01_R1_2004_04-05_ORIG_MID--AUDIO_01_R1_2004_05_Track05_wav.midi,2004/MIDI-Unprocessed_XP_01_R1_2004_04-05_ORIG_MID--AUDIO_01_R1_2004_05_Track05_wav.wav,data\raw\maestro-v3.0.0\2004\MIDI-Unprocessed_XP_01_R1_2004_04-05_ORIG_MID--AUDIO_01_R1_2004_05_Track05_wav.midi,data\raw\maestro-v3.0.0\2004\MIDI-Unprocessed_XP_01_R1_2004_04-05_ORIG_MID--AUDIO_01_R1_2004_05_Track05_wav.wav,validation,franz_liszt__transcendental_etude_no_9_ricordanza,Romantic,2
track_000273,Franz Liszt,"Tristan and Isolde - Liebestod, S.447",2017,381.608172846,2017/MIDI-Unprocessed_075_PIANO075_MID--AUDIO-split_07-08-17_Piano-e_2-06_wav--3.midi,2017/MIDI-Unprocessed_075_PIANO075_MID--AUDIO-split_07-08-17_Piano-e_2-06_wav--3.wav,data\raw\maestro-v3.0.0\2017\MIDI-Unprocessed_075_PIANO075_MID--AUDIO-split_07-08-17_Piano-e_2-06_wav--3.midi,data\raw\maestro-v3.0.0\2017\MIDI-Unprocessed_075_PIANO075_MID--AUDIO-split_07-08-17_Piano-e_2-06_wav--3.wav,test,franz_liszt__tristan_and_isolde_liebestod_s_447,Romantic,2
track_000274,Franz Liszt,"Trois Etudes de Concert ""La leggierezza"", S.144",2017,286.726159138,2017/MIDI-Unprocessed_052_PIANO052_MID--AUDIO-split_07-06-17_Piano-e_3-03_wav--1.midi,2017/MIDI-Unprocessed_052_PIANO052_MID--AUDIO-split_07-06-17_Piano-e_3-03_wav--1.wav,data\raw\maestro-v3.0.0\2017\MIDI-Unprocessed_052_PIANO052_MID--AUDIO-split_07-06-17_Piano-e_3-03_wav--1.midi,data\raw\maestro-v3.0.0\2017\MIDI-Unprocessed_052_PIANO052_MID--AUDIO-split_07-06-17_Piano-e_3-03_wav--1.wav,train,franz_liszt__trois_etudes_de_concert_la_leggierezza_s_144,Romantic,2
track_000275,Franz Liszt,"Valse de l'opera Faust de Charles Gounod, S.407",2017,529.717489842,2017/MIDI-Unprocessed_060_PIANO060_MID--AUDIO-split_07-07-17_Piano-e_2-04_wav--5.midi,2017/MIDI-Unprocessed_060_PIANO060_MID--AUDIO-split_07-07-17_Piano-e_2-04_wav--5.wav,data\raw\maestro-v3.0.0\2017\MIDI-Unprocessed_060_PIANO060_MID--AUDIO-split_07-07-17_Piano-e_2-04_wav--5.midi,data\raw\maestro-v3.0.0\2017\MIDI-Unprocessed_060_PIANO060_MID--AUDIO-split_07-07-17_Piano-e_2-04_wav--5.wav,train,franz_liszt__valse_de_l_opera_faust_de_charles_gounod_s_407,Romantic,2
track_000276,Franz Liszt,"Valse de l'opera Faust de Charles Gounod, S.407",2017,549.447094021,2017/MIDI-Unprocessed_072_PIANO072_MID--AUDIO-split_07-08-17_Piano-e_1-06_wav--4.midi,2017/MIDI-Unprocessed_072_PIANO072_MID--AUDIO-split_07-08-17_Piano-e_1-06_wav--4.wav,data\raw\maestro-v3.0.0\2017\MIDI-Unprocessed_072_PIANO072_MID--AUDIO-split_07-08-17_Piano-e_1-06_wav--4.midi,data\raw\maestro-v3.0.0\2017\MIDI-Unprocessed_072_PIANO072_MID--AUDIO-split_07-08-17_Piano-e_1-06_wav--4.wav,train,franz_liszt__valse_de_l_opera_faust_de_charles_gounod_s_407,Romantic,2
track_000277,Franz Liszt,"Valse-Impromptu, S. 213",2015,342.2875,2015/MIDI-Unprocessed_R1_D1-1-8_mid--AUDIO-from_mp3_05_R1_2015_wav--1.midi,2015/MIDI-Unprocessed_R1_D1-1-8_mid--AUDIO-from_mp3_05_R1_2015_wav--1.wav,data\raw\maestro-v3.0.0\2015\MIDI-Unprocessed_R1_D1-1-8_mid--AUDIO-from_mp3_05_R1_2015_wav--1.midi,data\raw\maestro-v3.0.0\2015\MIDI-Unprocessed_R1_D1-1-8_mid--AUDIO-from_mp3_05_R1_2015_wav--1.wav,validation,franz_liszt__valse_impromptu_s_213,Romantic,2
track_000278,Franz Liszt,Venezia e Napoli,2011,327.398176875,2011/MIDI-Unprocessed_22_R3_2011_MID--AUDIO_R3-D7_07_Track07_wav.midi,2011/MIDI-Unprocessed_22_R3_2011_MID--AUDIO_R3-D7_07_Track07_wav.wav,data\raw\maestro-v3.0.0\2011\MIDI-Unprocessed_22_R3_2011_MID--AUDIO_R3-D7_07_Track07_wav.midi,data\raw\maestro-v3.0.0\2011\MIDI-Unprocessed_22_R3_2011_MID--AUDIO_R3-D7_07_Track07_wav.wav,train,franz_liszt__venezia_e_napoli,Romantic,2
track_000279,Franz Liszt,Venezia e Napoli,2011,328.064575781,2011/MIDI-Unprocessed_22_R3_2011_MID--AUDIO_R3-D7_08_Track08_wav.midi,2011/MIDI-Unprocessed_22_R3_2011_MID--AUDIO_R3-D7_08_Track08_wav.wav,data\raw\maestro-v3.0.0\2011\MIDI-Unprocessed_22_R3_2011_MID--AUDIO_R3-D7_08_Track08_wav.midi,data\raw\maestro-v3.0.0\2011\MIDI-Unprocessed_22_R3_2011_MID--AUDIO_R3-D7_08_Track08_wav.wav,train,franz_liszt__venezia_e_napoli,Romantic,2
track_000280,Franz Liszt,Venezia e Napoli,2011,403.523902031,2011/MIDI-Unprocessed_22_R3_2011_MID--AUDIO_R3-D7_09_Track09_wav.midi,2011/MIDI-Unprocessed_22_R3_2011_MID--AUDIO_R3-D7_09_Track09_wav.wav,data\raw\maestro-v3.0.0\2011\MIDI-Unprocessed_22_R3_2011_MID--AUDIO_R3-D7_09_Track09_wav.midi,data\raw\maestro-v3.0.0\2011\MIDI-Unprocessed_22_R3_2011_MID--AUDIO_R3-D7_09_Track09_wav.wav,train,franz_liszt__venezia_e_napoli,Romantic,2
track_000281,Franz Liszt,"Venezia e Napoli, S. 162",2018,990.913806094,2018/MIDI-Unprocessed_Recital17-19_MID--AUDIO_19_R1_2018_wav--4.midi,2018/MIDI-Unprocessed_Recital17-19_MID--AUDIO_19_R1_2018_wav--4.wav,data\raw\maestro-v3.0.0\2018\MIDI-Unprocessed_Recital17-19_MID--AUDIO_19_R1_2018_wav--4.midi,data\raw\maestro-v3.0.0\2018\MIDI-Unprocessed_Recital17-19_MID--AUDIO_19_R1_2018_wav--4.wav,train,franz_liszt__venezia_e_napoli_s_162,Romantic,2
track_000282,Franz Liszt,"Venezia e Napoli, S.162 (Complete)",2014,1033.23481078,2014/MIDI-UNPROCESSED_04-05_R1_2014_MID--AUDIO_05_R1_2014_wav--8.midi,2014/MIDI-UNPROCESSED_04-05_R1_2014_MID--AUDIO_05_R1_2014_wav--8.wav,data\raw\maestro-v3.0.0\2014\MIDI-UNPROCESSED_04-05_R1_2014_MID--AUDIO_05_R1_2014_wav--8.midi,data\raw\maestro-v3.0.0\2014\MIDI-UNPROCESSED_04-05_R1_2014_MID--AUDIO_05_R1_2014_wav--8.wav,train,franz_liszt__venezia_e_napoli_s_162_complete,Romantic,2
track_000283,Franz Liszt,"Études d'exécution transcendante, No. 10 in F Minor, S.139/10",2017,267.455954417,2017/MIDI-Unprocessed_065_PIANO065_MID--AUDIO-split_07-07-17_Piano-e_3-01_wav--3.midi,2017/MIDI-Unprocessed_065_PIANO065_MID--AUDIO-split_07-07-17_Piano-e_3-01_wav--3.wav,data\raw\maestro-v3.0.0\2017\MIDI-Unprocessed_065_PIANO065_MID--AUDIO-split_07-07-17_Piano-e_3-01_wav--3.midi,data\raw\maestro-v3.0.0\2017\MIDI-Unprocessed_065_PIANO065_MID--AUDIO-split_07-07-17_Piano-e_3-01_wav--3.wav,test,franz_liszt__tudes_d_ex_cution_transcendante_no_10_in_f_minor_s_139_10,Romantic,2
track_000284,Franz Liszt,"Études d'exécution transcendante, No. 12, ""Chasse-Neige"" S.139/12",2017,270.732647762,2017/MIDI-Unprocessed_055_PIANO055_MID--AUDIO-split_07-07-17_Piano-e_1-04_wav--3.midi,2017/MIDI-Unprocessed_055_PIANO055_MID--AUDIO-split_07-07-17_Piano-e_1-04_wav--3.wav,data\raw\maestro-v3.0.0\2017\MIDI-Unprocessed_055_PIANO055_MID--AUDIO-split_07-07-17_Piano-e_1-04_wav--3.midi,data\raw\maestro-v3.0.0\2017\MIDI-Unprocessed_055_PIANO055_MID--AUDIO-split_07-07-17_Piano-e_1-04_wav--3.wav,validation,franz_liszt__tudes_d_ex_cution_transcendante_no_12_chasse_neige_s_139_12,Romantic,2
track_000285,Franz Liszt,"Études d'exécution transcendante, No. 4, ""Mazeppa"" S.139/4",2017,394.658322575,2017/MIDI-Unprocessed_045_PIANO045_MID--AUDIO-split_07-06-17_Piano-e_2-01_wav--4.midi,2017/MIDI-Unprocessed_045_PIANO045_MID--AUDIO-split_07-06-17_Piano-e_2-01_wav--4.wav,data\raw\maestro-v3.0.0\2017\MIDI-Unprocessed_045_PIANO045_MID--AUDIO-split_07-06-17_Piano-e_2-01_wav--4.midi,data\raw\maestro-v3.0.0\2017\MIDI-Unprocessed_045_PIANO045_MID--AUDIO-split_07-06-17_Piano-e_2-01_wav--4.wav,train,franz_liszt__tudes_d_ex_cution_transcendante_no_4_mazeppa_s_139_4,Romantic,2
track_000286,Franz Liszt,"Études d'exécution transcendante, No. 4, ""Mazeppa"" S.139/4",2017,484.962367262,2017/MIDI-Unprocessed_050_PIANO050_MID--AUDIO-split_07-06-17_Piano-e_3-01_wav--3.midi,2017/MIDI-Unprocessed_050_PIANO050_MID--AUDIO-split_07-06-17_Piano-e_3-01_wav--3.wav,data\raw\maestro-v3.0.0\2017\MIDI-Unprocessed_050_PIANO050_MID--AUDIO-split_07-06-17_Piano-e_3-01_wav--3.midi,data\raw\maestro-v3.0.0\2017\MIDI-Unprocessed_050_PIANO050_MID--AUDIO-split_07-06-17_Piano-e_3-01_wav--3.wav,train,franz_liszt__tudes_d_ex_cution_transcendante_no_4_mazeppa_s_139_4,Romantic,2
track_000287,Franz Liszt,"Études d'exécution transcendante, No. 5, ""Feux follets"" S.139/5",2017,212.663487858,2017/MIDI-Unprocessed_047_PIANO047_MID--AUDIO-split_07-06-17_Piano-e_2-04_wav--2.midi,2017/MIDI-Unprocessed_047_PIANO047_MID--AUDIO-split_07-06-17_Piano-e_2-04_wav--2.wav,data\raw\maestro-v3.0.0\2017\MIDI-Unprocessed_047_PIANO047_MID--AUDIO-split_07-06-17_Piano-e_2-04_wav--2.midi,data\raw\maestro-v3.0.0\2017\MIDI-Unprocessed_047_PIANO047_MID--AUDIO-split_07-06-17_Piano-e_2-04_wav--2.wav,train,franz_liszt__tudes_d_ex_cution_transcendante_no_5_feux_follets_s_139_5,Romantic,2
track_000288,Franz Liszt / Camille Saint-Saëns,Danse Macabre S555/R240,2011,604.709598281,2011/MIDI-Unprocessed_03_R3_2011_MID--AUDIO_R3-D1_07_Track07_wav.midi,2011/MIDI-Unprocessed_03_R3_2011_MID--AUDIO_R3-D1_07_Track07_wav.wav,data\raw\maestro-v3.0.0\2011\MIDI-Unprocessed_03_R3_2011_MID--AUDIO_R3-D1_07_Track07_wav.midi,data\raw\maestro-v3.0.0\2011\MIDI-Unprocessed_03_R3_2011_MID--AUDIO_R3-D1_07_Track07_wav.wav,train,franz_liszt_camille_saint_sa_ns__danse_macabre_s555_r240,Romantic,2
track_000289,Franz Liszt / Vladimir Horowitz,Hungarian Rhapsody No. 15 (Horowitz edition),2008,308.576080313,2008/MIDI-Unprocessed_09_R3_2008_01-07_ORIG_MID--AUDIO_09_R3_2008_wav--7.midi,2008/MIDI-Unprocessed_09_R3_2008_01-07_ORIG_MID--AUDIO_09_R3_2008_wav--7.wav,data\raw\maestro-v3.0.0\2008\MIDI-Unprocessed_09_R3_2008_01-07_ORIG_MID--AUDIO_09_R3_2008_wav--7.midi,data\raw\maestro-v3.0.0\2008\MIDI-Unprocessed_09_R3_2008_01-07_ORIG_MID--AUDIO_09_R3_2008_wav--7.wav,validation,franz_liszt_vladimir_horowitz__hungarian_rhapsody_no_15_horowitz_edition,Romantic,2
track_000290,Franz Liszt / Vladimir Horowitz,Hungarian Rhapsody No. 2 (Horowitz Edition),2008,529.54006875,2008/MIDI-Unprocessed_09_R2_2008_01-05_ORIG_MID--AUDIO_09_R2_2008_wav--5.midi,2008/MIDI-Unprocessed_09_R2_2008_01-05_ORIG_MID--AUDIO_09_R2_2008_wav--5.wav,data\raw\maestro-v3.0.0\2008\MIDI-Unprocessed_09_R2_2008_01-05_ORIG_MID--AUDIO_09_R2_2008_wav--5.midi,data\raw\maestro-v3.0.0\2008\MIDI-Unprocessed_09_R2_2008_01-05_ORIG_MID--AUDIO_09_R2_2008_wav--5.wav,validation,franz_liszt_vladimir_horowitz__hungarian_rhapsody_no_2_horowitz_edition,Romantic,2
track_000291,Franz Schubert,"""Der Mueller und der Bach""",2009,336.379204219,2009/MIDI-Unprocessed_08_R1_2009_01-04_ORIG_MID--AUDIO_08_R1_2009_08_R1_2009_02_WAV.midi,2009/MIDI-Unprocessed_08_R1_2009_01-04_ORIG_MID--AUDIO_08_R1_2009_08_R1_2009_02_WAV.wav,data\raw\maestro-v3.0.0\2009\MIDI-Unprocessed_08_R1_2009_01-04_ORIG_MID--AUDIO_08_R1_2009_08_R1_2009_02_WAV.midi,data\raw\maestro-v3.0.0\2009\MIDI-Unprocessed_08_R1_2009_01-04_ORIG_MID--AUDIO_08_R1_2009_08_R1_2009_02_WAV.wav,validation,franz_schubert__der_mueller_und_der_bach,Romantic,2
track_000292,Franz Schubert,"""Erlkoenig""",2009,274.736637656,2009/MIDI-Unprocessed_08_R1_2009_01-04_ORIG_MID--AUDIO_08_R1_2009_08_R1_2009_04_WAV.midi,2009/MIDI-Unprocessed_08_R1_2009_01-04_ORIG_MID--AUDIO_08_R1_2009_08_R1_2009_04_WAV.wav,data\raw\maestro-v3.0.0\2009\MIDI-Unprocessed_08_R1_2009_01-04_ORIG_MID--AUDIO_08_R1_2009_08_R1_2009_04_WAV.midi,data\raw\maestro-v3.0.0\2009\MIDI-Unprocessed_08_R1_2009_01-04_ORIG_MID--AUDIO_08_R1_2009_08_R1_2009_04_WAV.wav,test,franz_schubert__erlkoenig,Romantic,2
track_000293,Franz Schubert,"""Gretchen am Spinnrade""",2009,236.42070375,2009/MIDI-Unprocessed_08_R1_2009_01-04_ORIG_MID--AUDIO_08_R1_2009_08_R1_2009_03_WAV.midi,2009/MIDI-Unprocessed_08_R1_2009_01-04_ORIG_MID--AUDIO_08_R1_2009_08_R1_2009_03_WAV.wav,data\raw\maestro-v3.0.0\2009\MIDI-Unprocessed_08_R1_2009_01-04_ORIG_MID--AUDIO_08_R1_2009_08_R1_2009_03_WAV.midi,data\raw\maestro-v3.0.0\2009\MIDI-Unprocessed_08_R1_2009_01-04_ORIG_MID--AUDIO_08_R1_2009_08_R1_2009_03_WAV.wav,test,franz_schubert__gretchen_am_spinnrade,Romantic,2
track_000294,Franz Schubert,"Fantasia in C Major, ""Wanderer"", D. 760",2017,1204.94174533,2017/MIDI-Unprocessed_080_PIANO080_MID--AUDIO-split_07-09-17_Piano-e_1-06_wav--3.midi,2017/MIDI-Unprocessed_080_PIANO080_MID--AUDIO-split_07-09-17_Piano-e_1-06_wav--3.wav,data\raw\maestro-v3.0.0\2017\MIDI-Unprocessed_080_PIANO080_MID--AUDIO-split_07-09-17_Piano-e_1-06_wav--3.midi,data\raw\maestro-v3.0.0\2017\MIDI-Unprocessed_080_PIANO080_MID--AUDIO-split_07-09-17_Piano-e_1-06_wav--3.wav,test,franz_schubert__fantasia_in_c_major_wanderer_d_760,Romantic,2
track_000295,Franz Schubert,Impromptu Op. 142 No. 1 F Minor,2008,584.943325313,2008/MIDI-Unprocessed_06_R2_2008_01-05_ORIG_MID--AUDIO_06_R2_2008_wav--3.midi,2008/MIDI-Unprocessed_06_R2_2008_01-05_ORIG_MID--AUDIO_06_R2_2008_wav--3.wav,data\raw\maestro-v3.0.0\2008\MIDI-Unprocessed_06_R2_2008_01-05_ORIG_MID--AUDIO_06_R2_2008_wav--3.midi,data\raw\maestro-v3.0.0\2008\MIDI-Unprocessed_06_R2_2008_01-05_ORIG_MID--AUDIO_06_R2_2008_wav--3.wav,train,franz_schubert__impromptu_op_142_no_1_f_minor,Romantic,2
track_000296,Franz Schubert,Impromptu Op. 142 No. 1 in F Minor,2008,635.781949688,2008/MIDI-Unprocessed_11_R2_2008_01-05_ORIG_MID--AUDIO_11_R2_2008_wav--3.midi,2008/MIDI-Unprocessed_11_R2_2008_01-05_ORIG_MID--AUDIO_11_R2_2008_wav--3.wav,data\raw\maestro-v3.0.0\2008\MIDI-Unprocessed_11_R2_2008_01-05_ORIG_MID--AUDIO_11_R2_2008_wav--3.midi,data\raw\maestro-v3.0.0\2008\MIDI-Unprocessed_11_R2_2008_01-05_ORIG_MID--AUDIO_11_R2_2008_wav--3.wav,train,franz_schubert__impromptu_op_142_no_1_in_f_minor,Romantic,2
track_000297,Franz Schubert,"Impromptu Op. 142 No. 1 in F Minor, D. 935",2017,578.621096367,2017/MIDI-Unprocessed_075_PIANO075_MID--AUDIO-split_07-08-17_Piano-e_2-06_wav--1.midi,2017/MIDI-Unprocessed_075_PIANO075_MID--AUDIO-split_07-08-17_Piano-e_2-06_wav--1.wav,data\raw\maestro-v3.0.0\2017\MIDI-Unprocessed_075_PIANO075_MID--AUDIO-split_07-08-17_Piano-e_2-06_wav--1.midi,data\raw\maestro-v3.0.0\2017\MIDI-Unprocessed_075_PIANO075_MID--AUDIO-split_07-08-17_Piano-e_2-06_wav--1.wav,train,franz_schubert__impromptu_op_142_no_1_in_f_minor_d_935,Romantic,2
track_000298,Franz Schubert,"Impromptu Op. 142 No. 1 in F Minor, D. 935",2017,566.241883521,2017/MIDI-Unprocessed_081_PIANO081_MID--AUDIO-split_07-09-17_Piano-e_2_-02_wav--3.midi,2017/MIDI-Unprocessed_081_PIANO081_MID--AUDIO-split_07-09-17_Piano-e_2_-02_wav--3.wav,data\raw\maestro-v3.0.0\2017\MIDI-Unprocessed_081_PIANO081_MID--AUDIO-split_07-09-17_Piano-e_2_-02_wav--3.midi,data\raw\maestro-v3.0.0\2017\MIDI-Unprocessed_081_PIANO081_MID--AUDIO-split_07-09-17_Piano-e_2_-02_wav--3.wav,train,franz_schubert__impromptu_op_142_no_1_in_f_minor_d_935,Romantic,2
track_000299,Franz Schubert,"Impromptu Op. 142 No. 1 in F Minor, D935",2013,574.096648125,2013/ORIG-MIDI_03_7_8_13_Group__MID--AUDIO_15_R2_2013_wav--1.midi,2013/ORIG-MIDI_03_7_8_13_Group__MID--AUDIO_15_R2_2013_wav--1.wav,data\raw\maestro-v3.0.0\2013\ORIG-MIDI_03_7_8_13_Group__MID--AUDIO_15_R2_2013_wav--1.midi,data\raw\maestro-v3.0.0\2013\ORIG-MIDI_03_7_8_13_Group__MID--AUDIO_15_R2_2013_wav--1.wav,train,franz_schubert__impromptu_op_142_no_1_in_f_minor_d935,Romantic,2
track_000300,Franz Schubert,"Impromptu Op. 142 No. 1, in F Minor, D935",2011,537.582261562,2011/MIDI-Unprocessed_03_R2_2011_MID--AUDIO_R2-D1_07_Track07_wav.midi,2011/MIDI-Unprocessed_03_R2_2011_MID--AUDIO_R2-D1_07_Track07_wav.wav,data\raw\maestro-v3.0.0\2011\MIDI-Unprocessed_03_R2_2011_MID--AUDIO_R2-D1_07_Track07_wav.midi,data\raw\maestro-v3.0.0\2011\MIDI-Unprocessed_03_R2_2011_MID--AUDIO_R2-D1_07_Track07_wav.wav,train,franz_schubert__impromptu_op_142_no_1_in_f_minor_d935,Romantic,2
track_000301,Franz Schubert,"Impromptu Op. 142 No. 3 in B-Flat Major, D935",2013,638.698613438,2013/ORIG-MIDI_02_7_8_13_Group__MID--AUDIO_08_R2_2013_wav--1.midi,2013/ORIG-MIDI_02_7_8_13_Group__MID--AUDIO_08_R2_2013_wav--1.wav,data\raw\maestro-v3.0.0\2013\ORIG-MIDI_02_7_8_13_Group__MID--AUDIO_08_R2_2013_wav--1.midi,data\raw\maestro-v3.0.0\2013\ORIG-MIDI_02_7_8_13_Group__MID--AUDIO_08_R2_2013_wav--1.wav,train,franz_schubert__impromptu_op_142_no_3_in_b_flat_major_d935,Romantic,2
track_000302,Franz Schubert,Impromptu Op. 142 No. 3 in B-flat Major,2015,392.005208333,2015/MIDI-Unprocessed_R2_D1-2-3-6-7-8-11_mid--AUDIO-from_mp3_07_R2_2015_wav--3.midi,2015/MIDI-Unprocessed_R2_D1-2-3-6-7-8-11_mid--AUDIO-from_mp3_07_R2_2015_wav--3.wav,data\raw\maestro-v3.0.0\2015\MIDI-Unprocessed_R2_D1-2-3-6-7-8-11_mid--AUDIO-from_mp3_07_R2_2015_wav--3.midi,data\raw\maestro-v3.0.0\2015\MIDI-Unprocessed_R2_D1-2-3-6-7-8-11_mid--AUDIO-from_mp3_07_R2_2015_wav--3.wav,train,franz_schubert__impromptu_op_142_no_3_in_b_flat_major,Romantic,2
track_000303,Franz Schubert,Impromptu Op. 142 No. 3 in B-flat Major,2015,685.165625,2015/MIDI-Unprocessed_R2_D1-2-3-6-7-8-11_mid--AUDIO-from_mp3_08_R2_2015_wav--2.midi,2015/MIDI-Unprocessed_R2_D1-2-3-6-7-8-11_mid--AUDIO-from_mp3_08_R2_2015_wav--2.wav,data\raw\maestro-v3.0.0\2015\MIDI-Unprocessed_R2_D1-2-3-6-7-8-11_mid--AUDIO-from_mp3_08_R2_2015_wav--2.midi,data\raw\maestro-v3.0.0\2015\MIDI-Unprocessed_R2_D1-2-3-6-7-8-11_mid--AUDIO-from_mp3_08_R2_2015_wav--2.wav,train,franz_schubert__impromptu_op_142_no_3_in_b_flat_major,Romantic,2
track_000304,Franz Schubert,Impromptu Op. 142 No. 3 in B-flat Major,2015,685.057291667,2015/MIDI-Unprocessed_R2_D2-19-21-22_mid--AUDIO-from_mp3_21_R2_2015_wav--1.midi,2015/MIDI-Unprocessed_R2_D2-19-21-22_mid--AUDIO-from_mp3_21_R2_2015_wav--1.wav,data\raw\maestro-v3.0.0\2015\MIDI-Unprocessed_R2_D2-19-21-22_mid--AUDIO-from_mp3_21_R2_2015_wav--1.midi,data\raw\maestro-v3.0.0\2015\MIDI-Unprocessed_R2_D2-19-21-22_mid--AUDIO-from_mp3_21_R2_2015_wav--1.wav,train,franz_schubert__impromptu_op_142_no_3_in_b_flat_major,Romantic,2
track_000305,Franz Schubert,Impromptu Op. 142 No. 3 in B-flat Major,2013,474.560155781,2013/ORIG-MIDI_02_7_8_13_Group__MID--AUDIO_11_R2_2013_wav--1.midi,2013/ORIG-MIDI_02_7_8_13_Group__MID--AUDIO_11_R2_2013_wav--1.wav,data\raw\maestro-v3.0.0\2013\ORIG-MIDI_02_7_8_13_Group__MID--AUDIO_11_R2_2013_wav--1.midi,data\raw\maestro-v3.0.0\2013\ORIG-MIDI_02_7_8_13_Group__MID--AUDIO_11_R2_2013_wav--1.wav,train,franz_schubert__impromptu_op_142_no_3_in_b_flat_major,Romantic,2
track_000306,Franz Schubert,"Impromptu Op. 142 No. 3 in B-flat Major, D. 935",2017,680.221025875,2017/MIDI-Unprocessed_074_PIANO074_MID--AUDIO-split_07-08-17_Piano-e_2-04_wav--2.midi,2017/MIDI-Unprocessed_074_PIANO074_MID--AUDIO-split_07-08-17_Piano-e_2-04_wav--2.wav,data\raw\maestro-v3.0.0\2017\MIDI-Unprocessed_074_PIANO074_MID--AUDIO-split_07-08-17_Piano-e_2-04_wav--2.midi,data\raw\maestro-v3.0.0\2017\MIDI-Unprocessed_074_PIANO074_MID--AUDIO-split_07-08-17_Piano-e_2-04_wav--2.wav,train,franz_schubert__impromptu_op_142_no_3_in_b_flat_major_d_935,Romantic,2
track_000307,Franz Schubert,"Impromptu Op. 142 No. 3 in B-flat Major, D. 935",2017,551.678920692,2017/MIDI-Unprocessed_080_PIANO080_MID--AUDIO-split_07-09-17_Piano-e_1-06_wav--1.midi,2017/MIDI-Unprocessed_080_PIANO080_MID--AUDIO-split_07-09-17_Piano-e_1-06_wav--1.wav,data\raw\maestro-v3.0.0\2017\MIDI-Unprocessed_080_PIANO080_MID--AUDIO-split_07-09-17_Piano-e_1-06_wav--1.midi,data\raw\maestro-v3.0.0\2017\MIDI-Unprocessed_080_PIANO080_MID--AUDIO-split_07-09-17_Piano-e_1-06_wav--1.wav,train,franz_schubert__impromptu_op_142_no_3_in_b_flat_major_d_935,Romantic,2
track_000308,Franz Schubert,"Impromptu Op. 142 No. 3 in B-flat Major, D935",2013,634.483874063,2013/ORIG-MIDI_01_7_8_13_Group__MID--AUDIO_02_R2_2013_wav--1.midi,2013/ORIG-MIDI_01_7_8_13_Group__MID--AUDIO_02_R2_2013_wav--1.wav,data\raw\maestro-v3.0.0\2013\ORIG-MIDI_01_7_8_13_Group__MID--AUDIO_02_R2_2013_wav--1.midi,data\raw\maestro-v3.0.0\2013\ORIG-MIDI_01_7_8_13_Group__MID--AUDIO_02_R2_2013_wav--1.wav,train,franz_schubert__impromptu_op_142_no_3_in_b_flat_major_d935,Romantic,2
track_000309,Franz Schubert,"Impromptu Op. 142 No. 3 in B-flat Major, D935",2013,462.785327812,2013/ORIG-MIDI_02_7_8_13_Group__MID--AUDIO_12_R2_2013_wav--2.midi,2013/ORIG-MIDI_02_7_8_13_Group__MID--AUDIO_12_R2_2013_wav--2.wav,data\raw\maestro-v3.0.0\2013\ORIG-MIDI_02_7_8_13_Group__MID--AUDIO_12_R2_2013_wav--2.midi,data\raw\maestro-v3.0.0\2013\ORIG-MIDI_02_7_8_13_Group__MID--AUDIO_12_R2_2013_wav--2.wav,train,franz_schubert__impromptu_op_142_no_3_in_b_flat_major_d935,Romantic,2
track_000310,Franz Schubert,"Impromptu Op. 142 No. 3 in B-flat Major, D935",2013,389.417345625,2013/ORIG-MIDI_02_7_8_13_Group__MID--AUDIO_14_R2_2013_wav--1.midi,2013/ORIG-MIDI_02_7_8_13_Group__MID--AUDIO_14_R2_2013_wav--1.wav,data\raw\maestro-v3.0.0\2013\ORIG-MIDI_02_7_8_13_Group__MID--AUDIO_14_R2_2013_wav--1.midi,data\raw\maestro-v3.0.0\2013\ORIG-MIDI_02_7_8_13_Group__MID--AUDIO_14_R2_2013_wav--1.wav,train,franz_schubert__impromptu_op_142_no_3_in_b_flat_major_d935,Romantic,2
track_000311,Franz Schubert,"Impromptu Op. 142 No. 3 in B-flat Major, D935",2013,717.590094375,2013/ORIG-MIDI_03_7_8_13_Group__MID--AUDIO_18_R2_2013_wav--1.midi,2013/ORIG-MIDI_03_7_8_13_Group__MID--AUDIO_18_R2_2013_wav--1.wav,data\raw\maestro-v3.0.0\2013\ORIG-MIDI_03_7_8_13_Group__MID--AUDIO_18_R2_2013_wav--1.midi,data\raw\maestro-v3.0.0\2013\ORIG-MIDI_03_7_8_13_Group__MID--AUDIO_18_R2_2013_wav--1.wav,train,franz_schubert__impromptu_op_142_no_3_in_b_flat_major_d935,Romantic,2
track_000312,Franz Schubert,"Impromptu Op. 142 No. 3, in B-Flat Major, D935",2011,523.286068594,2011/MIDI-Unprocessed_06_R2_2011_MID--AUDIO_R2-D2_06_Track06_wav.midi,2011/MIDI-Unprocessed_06_R2_2011_MID--AUDIO_R2-D2_06_Track06_wav.wav,data\raw\maestro-v3.0.0\2011\MIDI-Unprocessed_06_R2_2011_MID--AUDIO_R2-D2_06_Track06_wav.midi,data\raw\maestro-v3.0.0\2011\MIDI-Unprocessed_06_R2_2011_MID--AUDIO_R2-D2_06_Track06_wav.wav,train,franz_schubert__impromptu_op_142_no_3_in_b_flat_major_d935,Romantic,2
track_000313,Franz Schubert,"Impromptu Op. 142 No. 3, in B-Flat Major, D935",2011,696.215917031,2011/MIDI-Unprocessed_10_R2_2011_MID--AUDIO_R2-D3_10_Track10_wav.midi,2011/MIDI-Unprocessed_10_R2_2011_MID--AUDIO_R2-D3_10_Track10_wav.wav,data\raw\maestro-v3.0.0\2011\MIDI-Unprocessed_10_R2_2011_MID--AUDIO_R2-D3_10_Track10_wav.midi,data\raw\maestro-v3.0.0\2011\MIDI-Unprocessed_10_R2_2011_MID--AUDIO_R2-D3_10_Track10_wav.wav,train,franz_schubert__impromptu_op_142_no_3_in_b_flat_major_d935,Romantic,2
track_000314,Franz Schubert,"Impromptu Op. 142 No. 3, in B-Flat Major, D935",2011,399.084803906,2011/MIDI-Unprocessed_17_R2_2011_MID--AUDIO_R2-D5_04_Track04_wav.midi,2011/MIDI-Unprocessed_17_R2_2011_MID--AUDIO_R2-D5_04_Track04_wav.wav,data\raw\maestro-v3.0.0\2011\MIDI-Unprocessed_17_R2_2011_MID--AUDIO_R2-D5_04_Track04_wav.midi,data\raw\maestro-v3.0.0\2011\MIDI-Unprocessed_17_R2_2011_MID--AUDIO_R2-D5_04_Track04_wav.wav,train,franz_schubert__impromptu_op_142_no_3_in_b_flat_major_d935,Romantic,2
track_000315,Franz Schubert,"Impromptu Op. 142 No. 3, in B-Flat Major, D935",2011,407.183086406,2011/MIDI-Unprocessed_22_R2_2011_MID--AUDIO_R2-D5_08_Track08_wav.midi,2011/MIDI-Unprocessed_22_R2_2011_MID--AUDIO_R2-D5_08_Track08_wav.wav,data\raw\maestro-v3.0.0\2011\MIDI-Unprocessed_22_R2_2011_MID--AUDIO_R2-D5_08_Track08_wav.midi,data\raw\maestro-v3.0.0\2011\MIDI-Unprocessed_22_R2_2011_MID--AUDIO_R2-D5_08_Track08_wav.wav,train,franz_schubert__impromptu_op_142_no_3_in_b_flat_major_d935,Romantic,2
track_000316,Franz Schubert,"Impromptu Op. 142 No. 4 in F Minor, D. 935",2017,376.731059992,2017/MIDI-Unprocessed_072_PIANO072_MID--AUDIO-split_07-08-17_Piano-e_1-06_wav--2.midi,2017/MIDI-Unprocessed_072_PIANO072_MID--AUDIO-split_07-08-17_Piano-e_1-06_wav--2.wav,data\raw\maestro-v3.0.0\2017\MIDI-Unprocessed_072_PIANO072_MID--AUDIO-split_07-08-17_Piano-e_1-06_wav--2.midi,data\raw\maestro-v3.0.0\2017\MIDI-Unprocessed_072_PIANO072_MID--AUDIO-split_07-08-17_Piano-e_1-06_wav--2.wav,test,franz_schubert__impromptu_op_142_no_4_in_f_minor_d_935,Romantic,2
track_000317,Franz Schubert,"Impromptu Op. 142 No. 4, in F Minor, D935",2011,329.194382344,2011/MIDI-Unprocessed_02_R2_2011_MID--AUDIO_R2-D1_02_Track02_wav.midi,2011/MIDI-Unprocessed_02_R2_2011_MID--AUDIO_R2-D1_02_Track02_wav.wav,data\raw\maestro-v3.0.0\2011\MIDI-Unprocessed_02_R2_2011_MID--AUDIO_R2-D1_02_Track02_wav.midi,data\raw\maestro-v3.0.0\2011\MIDI-Unprocessed_02_R2_2011_MID--AUDIO_R2-D1_02_Track02_wav.wav,test,franz_schubert__impromptu_op_142_no_4_in_f_minor_d935,Romantic,2
track_000318,Franz Schubert,Impromptu Op. 90 No. 1,2018,566.467115156,2018/MIDI-Unprocessed_Recital9-11_MID--AUDIO_11_R1_2018_wav--1.midi,2018/MIDI-Unprocessed_Recital9-11_MID--AUDIO_11_R1_2018_wav--1.wav,data\raw\maestro-v3.0.0\2018\MIDI-Unprocessed_Recital9-11_MID--AUDIO_11_R1_2018_wav--1.midi,data\raw\maestro-v3.0.0\2018\MIDI-Unprocessed_Recital9-11_MID--AUDIO_11_R1_2018_wav--1.wav,train,franz_schubert__impromptu_op_90_no_1,Romantic,2
track_000319,Franz Schubert,Impromptu Op. 90 No. 1 in C Minor,2008,532.502138437,2008/MIDI-Unprocessed_03_R2_2008_01-03_ORIG_MID--AUDIO_03_R2_2008_wav--1.midi,2008/MIDI-Unprocessed_03_R2_2008_01-03_ORIG_MID--AUDIO_03_R2_2008_wav--1.wav,data\raw\maestro-v3.0.0\2008\MIDI-Unprocessed_03_R2_2008_01-03_ORIG_MID--AUDIO_03_R2_2008_wav--1.midi,data\raw\maestro-v3.0.0\2008\MIDI-Unprocessed_03_R2_2008_01-03_ORIG_MID--AUDIO_03_R2_2008_wav--1.wav,train,franz_schubert__impromptu_op_90_no_1_in_c_minor,Romantic,2
track_000320,Franz Schubert,Impromptu Op. 90 No. 1 in C Minor,2013,519.358455,2013/ORIG-MIDI_01_7_8_13_Group__MID--AUDIO_04_R2_2013_wav--1.midi,2013/ORIG-MIDI_01_7_8_13_Group__MID--AUDIO_04_R2_2013_wav--1.wav,data\raw\maestro-v3.0.0\2013\ORIG-MIDI_01_7_8_13_Group__MID--AUDIO_04_R2_2013_wav--1.midi,data\raw\maestro-v3.0.0\2013\ORIG-MIDI_01_7_8_13_Group__MID--AUDIO_04_R2_2013_wav--1.wav,train,franz_schubert__impromptu_op_90_no_1_in_c_minor,Romantic,2
track_000321,Franz Schubert,"Impromptu Op. 90 No. 1 in C Minor, D. 899",2017,559.081662196,2017/MIDI-Unprocessed_079_PIANO079_MID--AUDIO-split_07-09-17_Piano-e_1-04_wav--2.midi,2017/MIDI-Unprocessed_079_PIANO079_MID--AUDIO-split_07-09-17_Piano-e_1-04_wav--2.wav,data\raw\maestro-v3.0.0\2017\MIDI-Unprocessed_079_PIANO079_MID--AUDIO-split_07-09-17_Piano-e_1-04_wav--2.midi,data\raw\maestro-v3.0.0\2017\MIDI-Unprocessed_079_PIANO079_MID--AUDIO-split_07-09-17_Piano-e_1-04_wav--2.wav,train,franz_schubert__impromptu_op_90_no_1_in_c_minor_d_899,Romantic,2
track_000322,Franz Schubert,"Impromptu Op. 90 No. 1, in C Minor, D899",2011,588.366131719,2011/MIDI-Unprocessed_04_R2_2011_MID--AUDIO_R2-D2_02_Track02_wav.midi,2011/MIDI-Unprocessed_04_R2_2011_MID--AUDIO_R2-D2_02_Track02_wav.wav,data\raw\maestro-v3.0.0\2011\MIDI-Unprocessed_04_R2_2011_MID--AUDIO_R2-D2_02_Track02_wav.midi,data\raw\maestro-v3.0.0\2011\MIDI-Unprocessed_04_R2_2011_MID--AUDIO_R2-D2_02_Track02_wav.wav,train,franz_schubert__impromptu_op_90_no_1_in_c_minor_d899,Romantic,2
track_000323,Franz Schubert,"Impromptu Op. 90 No. 1, in C Minor, D899",2011,566.914497188,2011/MIDI-Unprocessed_25_R2_2011_MID--AUDIO_R2-D6_07_Track07_wav.midi,2011/MIDI-Unprocessed_25_R2_2011_MID--AUDIO_R2-D6_07_Track07_wav.wav,data\raw\maestro-v3.0.0\2011\MIDI-Unprocessed_25_R2_2011_MID--AUDIO_R2-D6_07_Track07_wav.midi,data\raw\maestro-v3.0.0\2011\MIDI-Unprocessed_25_R2_2011_MID--AUDIO_R2-D6_07_Track07_wav.wav,train,franz_schubert__impromptu_op_90_no_1_in_c_minor_d899,Romantic,2
track_000324,Franz Schubert,Impromptu Op. 90 No. 2,2008,223.212917812,2008/MIDI-Unprocessed_02_R2_2008_01-05_ORIG_MID--AUDIO_02_R2_2008_wav--1.midi,2008/MIDI-Unprocessed_02_R2_2008_01-05_ORIG_MID--AUDIO_02_R2_2008_wav--1.wav,data\raw\maestro-v3.0.0\2008\MIDI-Unprocessed_02_R2_2008_01-05_ORIG_MID--AUDIO_02_R2_2008_wav--1.midi,data\raw\maestro-v3.0.0\2008\MIDI-Unprocessed_02_R2_2008_01-05_ORIG_MID--AUDIO_02_R2_2008_wav--1.wav,train,franz_schubert__impromptu_op_90_no_2,Romantic,2
track_000325,Franz Schubert,Impromptu Op. 90 No. 2 E-flat Major,2008,264.608442656,2008/MIDI-Unprocessed_09_R2_2008_01-05_ORIG_MID--AUDIO_09_R2_2008_wav--1.midi,2008/MIDI-Unprocessed_09_R2_2008_01-05_ORIG_MID--AUDIO_09_R2_2008_wav--1.wav,data\raw\maestro-v3.0.0\2008\MIDI-Unprocessed_09_R2_2008_01-05_ORIG_MID--AUDIO_09_R2_2008_wav--1.midi,data\raw\maestro-v3.0.0\2008\MIDI-Unprocessed_09_R2_2008_01-05_ORIG_MID--AUDIO_09_R2_2008_wav--1.wav,train,franz_schubert__impromptu_op_90_no_2_e_flat_major,Romantic,2
track_000326,Franz Schubert,Impromptu Op. 90 No. 2 in E-flat Major,2008,274.862171719,2008/MIDI-Unprocessed_12_R2_2008_01-04_ORIG_MID--AUDIO_12_R2_2008_wav--2.midi,2008/MIDI-Unprocessed_12_R2_2008_01-04_ORIG_MID--AUDIO_12_R2_2008_wav--2.wav,data\raw\maestro-v3.0.0\2008\MIDI-Unprocessed_12_R2_2008_01-04_ORIG_MID--AUDIO_12_R2_2008_wav--2.midi,data\raw\maestro-v3.0.0\2008\MIDI-Unprocessed_12_R2_2008_01-04_ORIG_MID--AUDIO_12_R2_2008_wav--2.wav,train,franz_schubert__impromptu_op_90_no_2_in_e_flat_major,Romantic,2
track_000327,Franz Schubert,Impromptu Op. 90 No. 2 in E-flat Major,2015,287.720833333,2015/MIDI-Unprocessed_R2_D2-19-21-22_mid--AUDIO-from_mp3_22_R2_2015_wav--1.midi,2015/MIDI-Unprocessed_R2_D2-19-21-22_mid--AUDIO-from_mp3_22_R2_2015_wav--1.wav,data\raw\maestro-v3.0.0\2015\MIDI-Unprocessed_R2_D2-19-21-22_mid--AUDIO-from_mp3_22_R2_2015_wav--1.midi,data\raw\maestro-v3.0.0\2015\MIDI-Unprocessed_R2_D2-19-21-22_mid--AUDIO-from_mp3_22_R2_2015_wav--1.wav,train,franz_schubert__impromptu_op_90_no_2_in_e_flat_major,Romantic,2
track_000328,Franz Schubert,"Impromptu Op. 90 No. 2 in E-flat Major, D. 899",2017,287.37038675,2017/MIDI-Unprocessed_070_PIANO070_MID--AUDIO-split_07-08-17_Piano-e_1-02_wav--1.midi,2017/MIDI-Unprocessed_070_PIANO070_MID--AUDIO-split_07-08-17_Piano-e_1-02_wav--1.wav,data\raw\maestro-v3.0.0\2017\MIDI-Unprocessed_070_PIANO070_MID--AUDIO-split_07-08-17_Piano-e_1-02_wav--1.midi,data\raw\maestro-v3.0.0\2017\MIDI-Unprocessed_070_PIANO070_MID--AUDIO-split_07-08-17_Piano-e_1-02_wav--1.wav,train,franz_schubert__impromptu_op_90_no_2_in_e_flat_major_d_899,Romantic,2
track_000329,Franz Schubert,"Impromptu Op. 90 No. 2 in E-flat Major, D899",2013,267.370192031,2013/ORIG-MIDI_01_7_8_13_Group__MID--AUDIO_03_R2_2013_wav--2.midi,2013/ORIG-MIDI_01_7_8_13_Group__MID--AUDIO_03_R2_2013_wav--2.wav,data\raw\maestro-v3.0.0\2013\ORIG-MIDI_01_7_8_13_Group__MID--AUDIO_03_R2_2013_wav--2.midi,data\raw\maestro-v3.0.0\2013\ORIG-MIDI_01_7_8_13_Group__MID--AUDIO_03_R2_2013_wav--2.wav,train,franz_schubert__impromptu_op_90_no_2_in_e_flat_major_d899,Romantic,2
track_000330,Franz Schubert,Impromptu Op. 90 No. 3 in G-flat,2008,300.25611,2008/MIDI-Unprocessed_17_R2_2008_01-04_ORIG_MID--AUDIO_17_R2_2008_wav--3.midi,2008/MIDI-Unprocessed_17_R2_2008_01-04_ORIG_MID--AUDIO_17_R2_2008_wav--3.wav,data\raw\maestro-v3.0.0\2008\MIDI-Unprocessed_17_R2_2008_01-04_ORIG_MID--AUDIO_17_R2_2008_wav--3.midi,data\raw\maestro-v3.0.0\2008\MIDI-Unprocessed_17_R2_2008_01-04_ORIG_MID--AUDIO_17_R2_2008_wav--3.wav,train,franz_schubert__impromptu_op_90_no_3_in_g_flat,Romantic,2
track_000331,Franz Schubert,Impromptu Op. 90 No. 3 in G-flat Major,2008,375.151868438,2008/MIDI-Unprocessed_07_R2_2008_01-05_ORIG_MID--AUDIO_07_R2_2008_wav--1.midi,2008/MIDI-Unprocessed_07_R2_2008_01-05_ORIG_MID--AUDIO_07_R2_2008_wav--1.wav,data\raw\maestro-v3.0.0\2008\MIDI-Unprocessed_07_R2_2008_01-05_ORIG_MID--AUDIO_07_R2_2008_wav--1.midi,data\raw\maestro-v3.0.0\2008\MIDI-Unprocessed_07_R2_2008_01-05_ORIG_MID--AUDIO_07_R2_2008_wav--1.wav,train,franz_schubert__impromptu_op_90_no_3_in_g_flat_major,Romantic,2
track_000332,Franz Schubert,Impromptu Op. 90 No. 3 in G-flat Major,2008,365.193277969,2008/MIDI-Unprocessed_08_R2_2008_01-04_ORIG_MID--AUDIO_08_R2_2008_wav--2.midi,2008/MIDI-Unprocessed_08_R2_2008_01-04_ORIG_MID--AUDIO_08_R2_2008_wav--2.wav,data\raw\maestro-v3.0.0\2008\MIDI-Unprocessed_08_R2_2008_01-04_ORIG_MID--AUDIO_08_R2_2008_wav--2.midi,data\raw\maestro-v3.0.0\2008\MIDI-Unprocessed_08_R2_2008_01-04_ORIG_MID--AUDIO_08_R2_2008_wav--2.wav,train,franz_schubert__impromptu_op_90_no_3_in_g_flat_major,Romantic,2
track_000333,Franz Schubert,Impromptu Op. 90 No. 3 in G-flat Major,2015,355.173958333,2015/MIDI-Unprocessed_R2_D1-2-3-6-7-8-11_mid--AUDIO-from_mp3_11_R2_2015_wav--2.midi,2015/MIDI-Unprocessed_R2_D1-2-3-6-7-8-11_mid--AUDIO-from_mp3_11_R2_2015_wav--2.wav,data\raw\maestro-v3.0.0\2015\MIDI-Unprocessed_R2_D1-2-3-6-7-8-11_mid--AUDIO-from_mp3_11_R2_2015_wav--2.midi,data\raw\maestro-v3.0.0\2015\MIDI-Unprocessed_R2_D1-2-3-6-7-8-11_mid--AUDIO-from_mp3_11_R2_2015_wav--2.wav,train,franz_schubert__impromptu_op_90_no_3_in_g_flat_major,Romantic,2
track_000334,Franz Schubert,Impromptu Op. 90 No. 3 in G-flat Major,2015,302.311458333,2015/MIDI-Unprocessed_R2_D2-12-13-15_mid--AUDIO-from_mp3_13_R2_2015_wav--3.midi,2015/MIDI-Unprocessed_R2_D2-12-13-15_mid--AUDIO-from_mp3_13_R2_2015_wav--3.wav,data\raw\maestro-v3.0.0\2015\MIDI-Unprocessed_R2_D2-12-13-15_mid--AUDIO-from_mp3_13_R2_2015_wav--3.midi,data\raw\maestro-v3.0.0\2015\MIDI-Unprocessed_R2_D2-12-13-15_mid--AUDIO-from_mp3_13_R2_2015_wav--3.wav,train,franz_schubert__impromptu_op_90_no_3_in_g_flat_major,Romantic,2
track_000335,Franz Schubert,Impromptu Op. 90 No. 3 in G-flat Major,2015,366.34375,2015/MIDI-Unprocessed_R2_D2-12-13-15_mid--AUDIO-from_mp3_15_R2_2015_wav--1.midi,2015/MIDI-Unprocessed_R2_D2-12-13-15_mid--AUDIO-from_mp3_15_R2_2015_wav--1.wav,data\raw\maestro-v3.0.0\2015\MIDI-Unprocessed_R2_D2-12-13-15_mid--AUDIO-from_mp3_15_R2_2015_wav--1.midi,data\raw\maestro-v3.0.0\2015\MIDI-Unprocessed_R2_D2-12-13-15_mid--AUDIO-from_mp3_15_R2_2015_wav--1.wav,train,franz_schubert__impromptu_op_90_no_3_in_g_flat_major,Romantic,2
track_000336,Franz Schubert,"Impromptu Op. 90 No. 3 in G-flat Major, D. 899",2017,366.462947912,2017/MIDI-Unprocessed_073_PIANO073_MID--AUDIO-split_07-08-17_Piano-e_2-02_wav--2.midi,2017/MIDI-Unprocessed_073_PIANO073_MID--AUDIO-split_07-08-17_Piano-e_2-02_wav--2.wav,data\raw\maestro-v3.0.0\2017\MIDI-Unprocessed_073_PIANO073_MID--AUDIO-split_07-08-17_Piano-e_2-02_wav--2.midi,data\raw\maestro-v3.0.0\2017\MIDI-Unprocessed_073_PIANO073_MID--AUDIO-split_07-08-17_Piano-e_2-02_wav--2.wav,train,franz_schubert__impromptu_op_90_no_3_in_g_flat_major_d_899,Romantic,2
track_000337,Franz Schubert,"Impromptu Op. 90 No. 3 in G-flat Major, D. 899",2017,327.167200292,2017/MIDI-Unprocessed_082_PIANO082_MID--AUDIO-split_07-09-17_Piano-e_2_-04_wav--3.midi,2017/MIDI-Unprocessed_082_PIANO082_MID--AUDIO-split_07-09-17_Piano-e_2_-04_wav--3.wav,data\raw\maestro-v3.0.0\2017\MIDI-Unprocessed_082_PIANO082_MID--AUDIO-split_07-09-17_Piano-e_2_-04_wav--3.midi,data\raw\maestro-v3.0.0\2017\MIDI-Unprocessed_082_PIANO082_MID--AUDIO-split_07-09-17_Piano-e_2_-04_wav--3.wav,train,franz_schubert__impromptu_op_90_no_3_in_g_flat_major_d_899,Romantic,2
track_000338,Franz Schubert,"Impromptu Op. 90 No. 3 in G-flat Major, D899",2013,357.281961094,2013/ORIG-MIDI_03_7_8_13_Group__MID--AUDIO_17_R2_2013_wav--2.midi,2013/ORIG-MIDI_03_7_8_13_Group__MID--AUDIO_17_R2_2013_wav--2.wav,data\raw\maestro-v3.0.0\2013\ORIG-MIDI_03_7_8_13_Group__MID--AUDIO_17_R2_2013_wav--2.midi,data\raw\maestro-v3.0.0\2013\ORIG-MIDI_03_7_8_13_Group__MID--AUDIO_17_R2_2013_wav--2.wav,train,franz_schubert__impromptu_op_90_no_3_in_g_flat_major_d899,Romantic,2
track_000339,Franz Schubert,"Impromptu Op. 90 No. 3, in G-flat Major, D899",2011,320.318857031,2011/MIDI-Unprocessed_09_R2_2011_MID--AUDIO_R2-D3_04_Track04_wav.midi,2011/MIDI-Unprocessed_09_R2_2011_MID--AUDIO_R2-D3_04_Track04_wav.wav,data\raw\maestro-v3.0.0\2011\MIDI-Unprocessed_09_R2_2011_MID--AUDIO_R2-D3_04_Track04_wav.midi,data\raw\maestro-v3.0.0\2011\MIDI-Unprocessed_09_R2_2011_MID--AUDIO_R2-D3_04_Track04_wav.wav,train,franz_schubert__impromptu_op_90_no_3_in_g_flat_major_d899,Romantic,2
track_000340,Franz Schubert,"Impromptu Op. 90 No. 3, in G-flat Major, D899",2011,258.665606719,2011/MIDI-Unprocessed_16_R2_2011_MID--AUDIO_R2-D4_09_Track09_wav.midi,2011/MIDI-Unprocessed_16_R2_2011_MID--AUDIO_R2-D4_09_Track09_wav.wav,data\raw\maestro-v3.0.0\2011\MIDI-Unprocessed_16_R2_2011_MID--AUDIO_R2-D4_09_Track09_wav.midi,data\raw\maestro-v3.0.0\2011\MIDI-Unprocessed_16_R2_2011_MID--AUDIO_R2-D4_09_Track09_wav.wav,train,franz_schubert__impromptu_op_90_no_3_in_g_flat_major_d899,Romantic,2
track_000341,Franz Schubert,Impromptu Op. 90 No. 4 in A-flat Major,2008,400.711404844,2008/MIDI-Unprocessed_04_R2_2008_01-04_ORIG_MID--AUDIO_04_R2_2008_wav--3.midi,2008/MIDI-Unprocessed_04_R2_2008_01-04_ORIG_MID--AUDIO_04_R2_2008_wav--3.wav,data\raw\maestro-v3.0.0\2008\MIDI-Unprocessed_04_R2_2008_01-04_ORIG_MID--AUDIO_04_R2_2008_wav--3.midi,data\raw\maestro-v3.0.0\2008\MIDI-Unprocessed_04_R2_2008_01-04_ORIG_MID--AUDIO_04_R2_2008_wav--3.wav,test,franz_schubert__impromptu_op_90_no_4_in_a_flat_major,Romantic,2
track_000342,Franz Schubert,Impromptu Op. 90 No. 4 in A-flat Major,2008,342.504999375,2008/MIDI-Unprocessed_10_R2_2008_01-05_ORIG_MID--AUDIO_10_R2_2008_wav--4.midi,2008/MIDI-Unprocessed_10_R2_2008_01-05_ORIG_MID--AUDIO_10_R2_2008_wav--4.wav,data\raw\maestro-v3.0.0\2008\MIDI-Unprocessed_10_R2_2008_01-05_ORIG_MID--AUDIO_10_R2_2008_wav--4.midi,data\raw\maestro-v3.0.0\2008\MIDI-Unprocessed_10_R2_2008_01-05_ORIG_MID--AUDIO_10_R2_2008_wav--4.wav,test,franz_schubert__impromptu_op_90_no_4_in_a_flat_major,Romantic,2
track_000343,Franz Schubert,Impromptu Op. 90 No. 4 in A-flat Major,2015,112.872916667,2015/MIDI-Unprocessed_R2_D1-2-3-6-7-8-11_mid--AUDIO-from_mp3_03_R2_2015_wav--1.midi,2015/MIDI-Unprocessed_R2_D1-2-3-6-7-8-11_mid--AUDIO-from_mp3_03_R2_2015_wav--1.wav,data\raw\maestro-v3.0.0\2015\MIDI-Unprocessed_R2_D1-2-3-6-7-8-11_mid--AUDIO-from_mp3_03_R2_2015_wav--1.midi,data\raw\maestro-v3.0.0\2015\MIDI-Unprocessed_R2_D1-2-3-6-7-8-11_mid--AUDIO-from_mp3_03_R2_2015_wav--1.wav,test,franz_schubert__impromptu_op_90_no_4_in_a_flat_major,Romantic,2
track_000344,Franz Schubert,Impromptu Op. 90 No. 4 in A-flat Major,2015,354.151041667,2015/MIDI-Unprocessed_R2_D1-2-3-6-7-8-11_mid--AUDIO-from_mp3_06_R2_2015_wav--1.midi,2015/MIDI-Unprocessed_R2_D1-2-3-6-7-8-11_mid--AUDIO-from_mp3_06_R2_2015_wav--1.wav,data\raw\maestro-v3.0.0\2015\MIDI-Unprocessed_R2_D1-2-3-6-7-8-11_mid--AUDIO-from_mp3_06_R2_2015_wav--1.midi,data\raw\maestro-v3.0.0\2015\MIDI-Unprocessed_R2_D1-2-3-6-7-8-11_mid--AUDIO-from_mp3_06_R2_2015_wav--1.wav,test,franz_schubert__impromptu_op_90_no_4_in_a_flat_major,Romantic,2
track_000345,Franz Schubert,Impromptu Op. 90 No. 4 in A-flat Major,2015,366.94375,2015/MIDI-Unprocessed_R2_D2-19-21-22_mid--AUDIO-from_mp3_19_R2_2015_wav--3.midi,2015/MIDI-Unprocessed_R2_D2-19-21-22_mid--AUDIO-from_mp3_19_R2_2015_wav--3.wav,data\raw\maestro-v3.0.0\2015\MIDI-Unprocessed_R2_D2-19-21-22_mid--AUDIO-from_mp3_19_R2_2015_wav--3.midi,data\raw\maestro-v3.0.0\2015\MIDI-Unprocessed_R2_D2-19-21-22_mid--AUDIO-from_mp3_19_R2_2015_wav--3.wav,test,franz_schubert__impromptu_op_90_no_4_in_a_flat_major,Romantic,2
track_000346,Franz Schubert,"Impromptu Op. 90, No. 3, in G-flat Major, D899",2011,307.356797344,2011/MIDI-Unprocessed_12_R2_2011_MID--AUDIO_R2-D4_04_Track04_wav.midi,2011/MIDI-Unprocessed_12_R2_2011_MID--AUDIO_R2-D4_04_Track04_wav.wav,data\raw\maestro-v3.0.0\2011\MIDI-Unprocessed_12_R2_2011_MID--AUDIO_R2-D4_04_Track04_wav.midi,data\raw\maestro-v3.0.0\2011\MIDI-Unprocessed_12_R2_2011_MID--AUDIO_R2-D4_04_Track04_wav.wav,train,franz_schubert__impromptu_op_90_no_3_in_g_flat_major_d899,Romantic,2
track_000347,Franz Schubert,"Impromptu Op.142 No.3, in B-Flat Major, D935",2013,445.906338281,2013/ORIG-MIDI_03_7_8_13_Group__MID--AUDIO_19_R2_2013_wav--1.midi,2013/ORIG-MIDI_03_7_8_13_Group__MID--AUDIO_19_R2_2013_wav--1.wav,data\raw\maestro-v3.0.0\2013\ORIG-MIDI_03_7_8_13_Group__MID--AUDIO_19_R2_2013_wav--1.midi,data\raw\maestro-v3.0.0\2013\ORIG-MIDI_03_7_8_13_Group__MID--AUDIO_19_R2_2013_wav--1.wav,train,franz_schubert__impromptu_op_142_no_3_in_b_flat_major_d935,Romantic,2
track_000348,Franz Schubert,Impromptus Op. 90,2018,644.389045781,2018/MIDI-Unprocessed_Recital12_MID--AUDIO_12_R1_2018_wav--3.midi,2018/MIDI-Unprocessed_Recital12_MID--AUDIO_12_R1_2018_wav--3.wav,data\raw\maestro-v3.0.0\2018\MIDI-Unprocessed_Recital12_MID--AUDIO_12_R1_2018_wav--3.midi,data\raw\maestro-v3.0.0\2018\MIDI-Unprocessed_Recital12_MID--AUDIO_12_R1_2018_wav--3.wav,train,franz_schubert__impromptus_op_90,Romantic,2
track_000349,Franz Schubert,"Impromptus Op. 90, No. 3",2004,340.525040821,2004/MIDI-Unprocessed_SMF_17_R1_2004_01-03_ORIG_MID--AUDIO_17_R1_2004_02_Track02_wav--1.midi,2004/MIDI-Unprocessed_SMF_17_R1_2004_01-03_ORIG_MID--AUDIO_17_R1_2004_02_Track02_wav--1.wav,data\raw\maestro-v3.0.0\2004\MIDI-Unprocessed_SMF_17_R1_2004_01-03_ORIG_MID--AUDIO_17_R1_2004_02_Track02_wav--1.midi,data\raw\maestro-v3.0.0\2004\MIDI-Unprocessed_SMF_17_R1_2004_01-03_ORIG_MID--AUDIO_17_R1_2004_02_Track02_wav--1.wav,train,franz_schubert__impromptus_op_90_no_3,Romantic,2
track_000350,Franz Schubert,Moment Musical Op. 94 No. 1 in C Major,2015,351.030208333,2015/MIDI-Unprocessed_R2_D2-12-13-15_mid--AUDIO-from_mp3_12_R2_2015_wav--2.midi,2015/MIDI-Unprocessed_R2_D2-12-13-15_mid--AUDIO-from_mp3_12_R2_2015_wav--2.wav,data\raw\maestro-v3.0.0\2015\MIDI-Unprocessed_R2_D2-12-13-15_mid--AUDIO-from_mp3_12_R2_2015_wav--2.midi,data\raw\maestro-v3.0.0\2015\MIDI-Unprocessed_R2_D2-12-13-15_mid--AUDIO-from_mp3_12_R2_2015_wav--2.wav,validation,franz_schubert__moment_musical_op_94_no_1_in_c_major,Romantic,2
track_000351,Franz Schubert,"Moment Musical Op. 94 No. 4 in C-sharp Minor, D780",2013,414.592267031,2013/ORIG-MIDI_01_7_8_13_Group__MID--AUDIO_07_R2_2013_wav--2.midi,2013/ORIG-MIDI_01_7_8_13_Group__MID--AUDIO_07_R2_2013_wav--2.wav,data\raw\maestro-v3.0.0\2013\ORIG-MIDI_01_7_8_13_Group__MID--AUDIO_07_R2_2013_wav--2.midi,data\raw\maestro-v3.0.0\2013\ORIG-MIDI_01_7_8_13_Group__MID--AUDIO_07_R2_2013_wav--2.wav,test,franz_schubert__moment_musical_op_94_no_4_in_c_sharp_minor_d780,Romantic,2
track_000352,Franz Schubert,"Moment Musical Op. 94 No. 4, in C-sharp Minor, D780",2011,320.264102813,2011/MIDI-Unprocessed_23_R2_2011_MID--AUDIO_R2-D6_03_Track03_wav.midi,2011/MIDI-Unprocessed_23_R2_2011_MID--AUDIO_R2-D6_03_Track03_wav.wav,data\raw\maestro-v3.0.0\2011\MIDI-Unprocessed_23_R2_2011_MID--AUDIO_R2-D6_03_Track03_wav.midi,data\raw\maestro-v3.0.0\2011\MIDI-Unprocessed_23_R2_2011_MID--AUDIO_R2-D6_03_Track03_wav.wav,test,franz_schubert__moment_musical_op_94_no_4_in_c_sharp_minor_d780,Romantic,2
track_000353,Franz Schubert,"Moment Musicaux in F Minor, Op. 94 No. 3",2008,106.156410937,2008/MIDI-Unprocessed_15_R2_2008_01-04_ORIG_MID--AUDIO_15_R2_2008_wav--2.midi,2008/MIDI-Unprocessed_15_R2_2008_01-04_ORIG_MID--AUDIO_15_R2_2008_wav--2.wav,data\raw\maestro-v3.0.0\2008\MIDI-Unprocessed_15_R2_2008_01-04_ORIG_MID--AUDIO_15_R2_2008_wav--2.midi,data\raw\maestro-v3.0.0\2008\MIDI-Unprocessed_15_R2_2008_01-04_ORIG_MID--AUDIO_15_R2_2008_wav--2.wav,validation,franz_schubert__moment_musicaux_in_f_minor_op_94_no_3,Romantic,2
track_000354,Franz Schubert,Son. in Bb D.960,2006,776.242546406,2006/MIDI-Unprocessed_05_R2_2006_01_ORIG_MID--AUDIO_05_R2_2006_01_Track01_wav.midi,2006/MIDI-Unprocessed_05_R2_2006_01_ORIG_MID--AUDIO_05_R2_2006_01_Track01_wav.wav,data\raw\maestro-v3.0.0\2006\MIDI-Unprocessed_05_R2_2006_01_ORIG_MID--AUDIO_05_R2_2006_01_Track01_wav.midi,data\raw\maestro-v3.0.0\2006\MIDI-Unprocessed_05_R2_2006_01_ORIG_MID--AUDIO_05_R2_2006_01_Track01_wav.wav,train,franz_schubert__son_in_bb_d_960,Romantic,2
track_000355,Franz Schubert,Son. in Bb D.960,2006,932.691375,2006/MIDI-Unprocessed_09_R2_2006_01_ORIG_MID--AUDIO_09_R2_2006_01_Track01_wav.midi,2006/MIDI-Unprocessed_09_R2_2006_01_ORIG_MID--AUDIO_09_R2_2006_01_Track01_wav.wav,data\raw\maestro-v3.0.0\2006\MIDI-Unprocessed_09_R2_2006_01_ORIG_MID--AUDIO_09_R2_2006_01_Track01_wav.midi,data\raw\maestro-v3.0.0\2006\MIDI-Unprocessed_09_R2_2006_01_ORIG_MID--AUDIO_09_R2_2006_01_Track01_wav.wav,train,franz_schubert__son_in_bb_d_960,Romantic,2
track_000356,Franz Schubert,Son. in Bb D.960,2006,849.484994531,2006/MIDI-Unprocessed_16_R2_2006_01_ORIG_MID--AUDIO_16_R2_2006_01_Track01_wav.midi,2006/MIDI-Unprocessed_16_R2_2006_01_ORIG_MID--AUDIO_16_R2_2006_01_Track01_wav.wav,data\raw\maestro-v3.0.0\2006\MIDI-Unprocessed_16_R2_2006_01_ORIG_MID--AUDIO_16_R2_2006_01_Track01_wav.midi,data\raw\maestro-v3.0.0\2006\MIDI-Unprocessed_16_R2_2006_01_ORIG_MID--AUDIO_16_R2_2006_01_Track01_wav.wav,train,franz_schubert__son_in_bb_d_960,Romantic,2
track_000357,Franz Schubert,Son. in Bb D.961,2006,468.100493438,2006/MIDI-Unprocessed_05_R2_2006_01_ORIG_MID--AUDIO_05_R2_2006_02_Track02_wav.midi,2006/MIDI-Unprocessed_05_R2_2006_01_ORIG_MID--AUDIO_05_R2_2006_02_Track02_wav.wav,data\raw\maestro-v3.0.0\2006\MIDI-Unprocessed_05_R2_2006_01_ORIG_MID--AUDIO_05_R2_2006_02_Track02_wav.midi,data\raw\maestro-v3.0.0\2006\MIDI-Unprocessed_05_R2_2006_01_ORIG_MID--AUDIO_05_R2_2006_02_Track02_wav.wav,train,franz_schubert__son_in_bb_d_961,Romantic,2
track_000358,Franz Schubert,Son. in Bb D.961,2006,590.496204375,2006/MIDI-Unprocessed_09_R2_2006_01_ORIG_MID--AUDIO_09_R2_2006_02_Track02_wav.midi,2006/MIDI-Unprocessed_09_R2_2006_01_ORIG_MID--AUDIO_09_R2_2006_02_Track02_wav.wav,data\raw\maestro-v3.0.0\2006\MIDI-Unprocessed_09_R2_2006_01_ORIG_MID--AUDIO_09_R2_2006_02_Track02_wav.midi,data\raw\maestro-v3.0.0\2006\MIDI-Unprocessed_09_R2_2006_01_ORIG_MID--AUDIO_09_R2_2006_02_Track02_wav.wav,train,franz_schubert__son_in_bb_d_961,Romantic,2
track_000359,Franz Schubert,Son. in Bb D.961,2006,592.003948594,2006/MIDI-Unprocessed_16_R2_2006_01_ORIG_MID--AUDIO_16_R2_2006_02_Track02_wav.midi,2006/MIDI-Unprocessed_16_R2_2006_01_ORIG_MID--AUDIO_16_R2_2006_02_Track02_wav.wav,data\raw\maestro-v3.0.0\2006\MIDI-Unprocessed_16_R2_2006_01_ORIG_MID--AUDIO_16_R2_2006_02_Track02_wav.midi,data\raw\maestro-v3.0.0\2006\MIDI-Unprocessed_16_R2_2006_01_ORIG_MID--AUDIO_16_R2_2006_02_Track02_wav.wav,train,franz_schubert__son_in_bb_d_961,Romantic,2
track_000360,Franz Schubert,Son. in Bb D.962,2006,709.957890469,2006/MIDI-Unprocessed_05_R2_2006_01_ORIG_MID--AUDIO_05_R2_2006_03_Track03_wav.midi,2006/MIDI-Unprocessed_05_R2_2006_01_ORIG_MID--AUDIO_05_R2_2006_03_Track03_wav.wav,data\raw\maestro-v3.0.0\2006\MIDI-Unprocessed_05_R2_2006_01_ORIG_MID--AUDIO_05_R2_2006_03_Track03_wav.midi,data\raw\maestro-v3.0.0\2006\MIDI-Unprocessed_05_R2_2006_01_ORIG_MID--AUDIO_05_R2_2006_03_Track03_wav.wav,train,franz_schubert__son_in_bb_d_962,Romantic,2
track_000361,Franz Schubert,Son. in Bb D.962,2006,772.517924063,2006/MIDI-Unprocessed_09_R2_2006_01_ORIG_MID--AUDIO_09_R2_2006_03_Track03_wav.midi,2006/MIDI-Unprocessed_09_R2_2006_01_ORIG_MID--AUDIO_09_R2_2006_03_Track03_wav.wav,data\raw\maestro-v3.0.0\2006\MIDI-Unprocessed_09_R2_2006_01_ORIG_MID--AUDIO_09_R2_2006_03_Track03_wav.midi,data\raw\maestro-v3.0.0\2006\MIDI-Unprocessed_09_R2_2006_01_ORIG_MID--AUDIO_09_R2_2006_03_Track03_wav.wav,train,franz_schubert__son_in_bb_d_962,Romantic,2
track_000362,Franz Schubert,Son. in Bb D.962,2006,719.690786719,2006/MIDI-Unprocessed_16_R2_2006_01_ORIG_MID--AUDIO_16_R2_2006_03_Track03_wav.midi,2006/MIDI-Unprocessed_16_R2_2006_01_ORIG_MID--AUDIO_16_R2_2006_03_Track03_wav.wav,data\raw\maestro-v3.0.0\2006\MIDI-Unprocessed_16_R2_2006_01_ORIG_MID--AUDIO_16_R2_2006_03_Track03_wav.midi,data\raw\maestro-v3.0.0\2006\MIDI-Unprocessed_16_R2_2006_01_ORIG_MID--AUDIO_16_R2_2006_03_Track03_wav.wav,train,franz_schubert__son_in_bb_d_962,Romantic,2
track_000363,Franz Schubert,Sonata in A D959,2006,660.76857,2006/MIDI-Unprocessed_01_R2_2006_01_ORIG_MID--AUDIO_01_R2_2006_01_Track01_wav.midi,2006/MIDI-Unprocessed_01_R2_2006_01_ORIG_MID--AUDIO_01_R2_2006_01_Track01_wav.wav,data\raw\maestro-v3.0.0\2006\MIDI-Unprocessed_01_R2_2006_01_ORIG_MID--AUDIO_01_R2_2006_01_Track01_wav.midi,data\raw\maestro-v3.0.0\2006\MIDI-Unprocessed_01_R2_2006_01_ORIG_MID--AUDIO_01_R2_2006_01_Track01_wav.wav,train,franz_schubert__sonata_in_a_d959,Romantic,2
track_000364,Franz Schubert,Sonata in A D959,2006,670.895429531,2006/MIDI-Unprocessed_07_R2_2006_01_ORIG_MID--AUDIO_07_R2_2006_01_Track01_wav.midi,2006/MIDI-Unprocessed_07_R2_2006_01_ORIG_MID--AUDIO_07_R2_2006_01_Track01_wav.wav,data\raw\maestro-v3.0.0\2006\MIDI-Unprocessed_07_R2_2006_01_ORIG_MID--AUDIO_07_R2_2006_01_Track01_wav.midi,data\raw\maestro-v3.0.0\2006\MIDI-Unprocessed_07_R2_2006_01_ORIG_MID--AUDIO_07_R2_2006_01_Track01_wav.wav,train,franz_schubert__sonata_in_a_d959,Romantic,2
track_000365,Franz Schubert,Sonata in A D959,2006,677.290989375,2006/MIDI-Unprocessed_08_R2_2006_01_ORIG_MID--AUDIO_08_R2_2006_01_Track01_wav.midi,2006/MIDI-Unprocessed_08_R2_2006_01_ORIG_MID--AUDIO_08_R2_2006_01_Track01_wav.wav,data\raw\maestro-v3.0.0\2006\MIDI-Unprocessed_08_R2_2006_01_ORIG_MID--AUDIO_08_R2_2006_01_Track01_wav.midi,data\raw\maestro-v3.0.0\2006\MIDI-Unprocessed_08_R2_2006_01_ORIG_MID--AUDIO_08_R2_2006_01_Track01_wav.wav,train,franz_schubert__sonata_in_a_d959,Romantic,2
track_000366,Franz Schubert,Sonata in A D960,2006,435.830226563,2006/MIDI-Unprocessed_01_R2_2006_01_ORIG_MID--AUDIO_01_R2_2006_02_Track02_wav.midi,2006/MIDI-Unprocessed_01_R2_2006_01_ORIG_MID--AUDIO_01_R2_2006_02_Track02_wav.wav,data\raw\maestro-v3.0.0\2006\MIDI-Unprocessed_01_R2_2006_01_ORIG_MID--AUDIO_01_R2_2006_02_Track02_wav.midi,data\raw\maestro-v3.0.0\2006\MIDI-Unprocessed_01_R2_2006_01_ORIG_MID--AUDIO_01_R2_2006_02_Track02_wav.wav,train,franz_schubert__sonata_in_a_d960,Romantic,2
track_000367,Franz Schubert,Sonata in A D960,2006,420.042315,2006/MIDI-Unprocessed_07_R2_2006_01_ORIG_MID--AUDIO_07_R2_2006_02_Track02_wav.midi,2006/MIDI-Unprocessed_07_R2_2006_01_ORIG_MID--AUDIO_07_R2_2006_02_Track02_wav.wav,data\raw\maestro-v3.0.0\2006\MIDI-Unprocessed_07_R2_2006_01_ORIG_MID--AUDIO_07_R2_2006_02_Track02_wav.midi,data\raw\maestro-v3.0.0\2006\MIDI-Unprocessed_07_R2_2006_01_ORIG_MID--AUDIO_07_R2_2006_02_Track02_wav.wav,train,franz_schubert__sonata_in_a_d960,Romantic,2
track_000368,Franz Schubert,Sonata in A D960,2006,427.673183437,2006/MIDI-Unprocessed_08_R2_2006_01_ORIG_MID--AUDIO_08_R2_2006_02_Track02_wav.midi,2006/MIDI-Unprocessed_08_R2_2006_01_ORIG_MID--AUDIO_08_R2_2006_02_Track02_wav.wav,data\raw\maestro-v3.0.0\2006\MIDI-Unprocessed_08_R2_2006_01_ORIG_MID--AUDIO_08_R2_2006_02_Track02_wav.midi,data\raw\maestro-v3.0.0\2006\MIDI-Unprocessed_08_R2_2006_01_ORIG_MID--AUDIO_08_R2_2006_02_Track02_wav.wav,train,franz_schubert__sonata_in_a_d960,Romantic,2
track_000369,Franz Schubert,Sonata in A D961,2006,896.542906875,2006/MIDI-Unprocessed_01_R2_2006_01_ORIG_MID--AUDIO_01_R2_2006_03_Track03_wav.midi,2006/MIDI-Unprocessed_01_R2_2006_01_ORIG_MID--AUDIO_01_R2_2006_03_Track03_wav.wav,data\raw\maestro-v3.0.0\2006\MIDI-Unprocessed_01_R2_2006_01_ORIG_MID--AUDIO_01_R2_2006_03_Track03_wav.midi,data\raw\maestro-v3.0.0\2006\MIDI-Unprocessed_01_R2_2006_01_ORIG_MID--AUDIO_01_R2_2006_03_Track03_wav.wav,train,franz_schubert__sonata_in_a_d961,Romantic,2
track_000370,Franz Schubert,Sonata in A D961,2006,272.131138125,2006/MIDI-Unprocessed_07_R2_2006_01_ORIG_MID--AUDIO_07_R2_2006_03_Track03_wav.midi,2006/MIDI-Unprocessed_07_R2_2006_01_ORIG_MID--AUDIO_07_R2_2006_03_Track03_wav.wav,data\raw\maestro-v3.0.0\2006\MIDI-Unprocessed_07_R2_2006_01_ORIG_MID--AUDIO_07_R2_2006_03_Track03_wav.midi,data\raw\maestro-v3.0.0\2006\MIDI-Unprocessed_07_R2_2006_01_ORIG_MID--AUDIO_07_R2_2006_03_Track03_wav.wav,train,franz_schubert__sonata_in_a_d961,Romantic,2
track_000371,Franz Schubert,Sonata in A D961,2006,844.489005937,2006/MIDI-Unprocessed_08_R2_2006_01_ORIG_MID--AUDIO_08_R2_2006_03_Track03_wav.midi,2006/MIDI-Unprocessed_08_R2_2006_01_ORIG_MID--AUDIO_08_R2_2006_03_Track03_wav.wav,data\raw\maestro-v3.0.0\2006\MIDI-Unprocessed_08_R2_2006_01_ORIG_MID--AUDIO_08_R2_2006_03_Track03_wav.midi,data\raw\maestro-v3.0.0\2006\MIDI-Unprocessed_08_R2_2006_01_ORIG_MID--AUDIO_08_R2_2006_03_Track03_wav.wav,train,franz_schubert__sonata_in_a_d961,Romantic,2
track_000372,Franz Schubert,Sonata in A D962,2006,648.601114219,2006/MIDI-Unprocessed_07_R2_2006_01_ORIG_MID--AUDIO_07_R2_2006_04_Track04_wav.midi,2006/MIDI-Unprocessed_07_R2_2006_01_ORIG_MID--AUDIO_07_R2_2006_04_Track04_wav.wav,data\raw\maestro-v3.0.0\2006\MIDI-Unprocessed_07_R2_2006_01_ORIG_MID--AUDIO_07_R2_2006_04_Track04_wav.midi,data\raw\maestro-v3.0.0\2006\MIDI-Unprocessed_07_R2_2006_01_ORIG_MID--AUDIO_07_R2_2006_04_Track04_wav.wav,train,franz_schubert__sonata_in_a_d962,Romantic,2
track_000373,Franz Schubert,"Sonata in A Major, D. 664 (Complete)",2017,903.514803525,2017/MIDI-Unprocessed_078_PIANO078_MID--AUDIO-split_07-09-17_Piano-e_1-02_wav--2.midi,2017/MIDI-Unprocessed_078_PIANO078_MID--AUDIO-split_07-09-17_Piano-e_1-02_wav--2.wav,data\raw\maestro-v3.0.0\2017\MIDI-Unprocessed_078_PIANO078_MID--AUDIO-split_07-09-17_Piano-e_1-02_wav--2.midi,data\raw\maestro-v3.0.0\2017\MIDI-Unprocessed_078_PIANO078_MID--AUDIO-split_07-09-17_Piano-e_1-02_wav--2.wav,test,franz_schubert__sonata_in_a_major_d_664_complete,Romantic,2
track_000374,Franz Schubert,"Sonata in A Major, D. 664, I. Allegro moderato",2017,342.161784937,2017/MIDI-Unprocessed_071_PIANO071_MID--AUDIO-split_07-08-17_Piano-e_1-04_wav--2.midi,2017/MIDI-Unprocessed_071_PIANO071_MID--AUDIO-split_07-08-17_Piano-e_1-04_wav--2.wav,data\raw\maestro-v3.0.0\2017\MIDI-Unprocessed_071_PIANO071_MID--AUDIO-split_07-08-17_Piano-e_1-04_wav--2.midi,data\raw\maestro-v3.0.0\2017\MIDI-Unprocessed_071_PIANO071_MID--AUDIO-split_07-08-17_Piano-e_1-04_wav--2.wav,test,franz_schubert__sonata_in_a_major_d_664_i_allegro_moderato,Romantic,2
track_000375,Franz Schubert,"Sonata in A Major, D. 959 (Complete)",2014,2341.60689984,2014/MIDI-UNPROCESSED_04-07-08-10-12-15-17_R2_2014_MID--AUDIO_08_R2_2014_wav.midi,2014/MIDI-UNPROCESSED_04-07-08-10-12-15-17_R2_2014_MID--AUDIO_08_R2_2014_wav.wav,data\raw\maestro-v3.0.0\2014\MIDI-UNPROCESSED_04-07-08-10-12-15-17_R2_2014_MID--AUDIO_08_R2_2014_wav.midi,data\raw\maestro-v3.0.0\2014\MIDI-UNPROCESSED_04-07-08-10-12-15-17_R2_2014_MID--AUDIO_08_R2_2014_wav.wav,train,franz_schubert__sonata_in_a_major_d_959_complete,Romantic,2
track_000376,Franz Schubert,"Sonata in A Major, D. 959 (Complete)",2014,2210.52262922,2014/MIDI-UNPROCESSED_04-07-08-10-12-15-17_R2_2014_MID--AUDIO_17_R2_2014_wav.midi,2014/MIDI-UNPROCESSED_04-07-08-10-12-15-17_R2_2014_MID--AUDIO_17_R2_2014_wav.wav,data\raw\maestro-v3.0.0\2014\MIDI-UNPROCESSED_04-07-08-10-12-15-17_R2_2014_MID--AUDIO_17_R2_2014_wav.midi,data\raw\maestro-v3.0.0\2014\MIDI-UNPROCESSED_04-07-08-10-12-15-17_R2_2014_MID--AUDIO_17_R2_2014_wav.wav,train,franz_schubert__sonata_in_a_major_d_959_complete,Romantic,2
track_000377,Franz Schubert,"Sonata in A Major, D. 959 (Complete)",2014,2453.07847641,2014/MIDI-UNPROCESSED_19-20-21_R2_2014_MID--AUDIO_19_R2_2014_wav.midi,2014/MIDI-UNPROCESSED_19-20-21_R2_2014_MID--AUDIO_19_R2_2014_wav.wav,data\raw\maestro-v3.0.0\2014\MIDI-UNPROCESSED_19-20-21_R2_2014_MID--AUDIO_19_R2_2014_wav.midi,data\raw\maestro-v3.0.0\2014\MIDI-UNPROCESSED_19-20-21_R2_2014_MID--AUDIO_19_R2_2014_wav.wav,train,franz_schubert__sonata_in_a_major_d_959_complete,Romantic,2
track_000378,Franz Schubert,"Sonata in A Major, D959",2018,2244.51297984,2018/MIDI-Unprocessed_Schubert1-3_MID--AUDIO_07_R2_2018_wav.midi,2018/MIDI-Unprocessed_Schubert1-3_MID--AUDIO_07_R2_2018_wav.wav,data\raw\maestro-v3.0.0\2018\MIDI-Unprocessed_Schubert1-3_MID--AUDIO_07_R2_2018_wav.midi,data\raw\maestro-v3.0.0\2018\MIDI-Unprocessed_Schubert1-3_MID--AUDIO_07_R2_2018_wav.wav,train,franz_schubert__sonata_in_a_major_d959,Romantic,2
track_000379,Franz Schubert,"Sonata in A Major, Op. 120, I. Allegro moderato",2013,339.792662344,2013/ORIG-MIDI_02_7_10_13_Group_MID--AUDIO_12_R3_2013_wav--2.midi,2013/ORIG-MIDI_02_7_10_13_Group_MID--AUDIO_12_R3_2013_wav--2.wav,data\raw\maestro-v3.0.0\2013\ORIG-MIDI_02_7_10_13_Group_MID--AUDIO_12_R3_2013_wav--2.midi,data\raw\maestro-v3.0.0\2013\ORIG-MIDI_02_7_10_13_Group_MID--AUDIO_12_R3_2013_wav--2.wav,test,franz_schubert__sonata_in_a_major_op_120_i_allegro_moderato,Romantic,2
track_000380,Franz Schubert,Sonata in A Min.,2006,569.863212188,2006/MIDI-Unprocessed_22_R2_2006_01_ORIG_MID--AUDIO_22_R2_2006_01_Track01_wav.midi,2006/MIDI-Unprocessed_22_R2_2006_01_ORIG_MID--AUDIO_22_R2_2006_01_Track01_wav.wav,data\raw\maestro-v3.0.0\2006\MIDI-Unprocessed_22_R2_2006_01_ORIG_MID--AUDIO_22_R2_2006_01_Track01_wav.midi,data\raw\maestro-v3.0.0\2006\MIDI-Unprocessed_22_R2_2006_01_ORIG_MID--AUDIO_22_R2_2006_01_Track01_wav.wav,train,franz_schubert__sonata_in_a_min,Romantic,2
track_000381,Franz Schubert,Sonata in A Min.,2006,794.52912,2006/MIDI-Unprocessed_22_R2_2006_01_ORIG_MID--AUDIO_22_R2_2006_02_Track02_wav.midi,2006/MIDI-Unprocessed_22_R2_2006_01_ORIG_MID--AUDIO_22_R2_2006_02_Track02_wav.wav,data\raw\maestro-v3.0.0\2006\MIDI-Unprocessed_22_R2_2006_01_ORIG_MID--AUDIO_22_R2_2006_02_Track02_wav.midi,data\raw\maestro-v3.0.0\2006\MIDI-Unprocessed_22_R2_2006_01_ORIG_MID--AUDIO_22_R2_2006_02_Track02_wav.wav,train,franz_schubert__sonata_in_a_min,Romantic,2
track_000382,Franz Schubert,Sonata in A Min.,2006,463.446384844,2006/MIDI-Unprocessed_22_R2_2006_01_ORIG_MID--AUDIO_22_R2_2006_03_Track03_wav.midi,2006/MIDI-Unprocessed_22_R2_2006_01_ORIG_MID--AUDIO_22_R2_2006_03_Track03_wav.wav,data\raw\maestro-v3.0.0\2006\MIDI-Unprocessed_22_R2_2006_01_ORIG_MID--AUDIO_22_R2_2006_03_Track03_wav.midi,data\raw\maestro-v3.0.0\2006\MIDI-Unprocessed_22_R2_2006_01_ORIG_MID--AUDIO_22_R2_2006_03_Track03_wav.wav,train,franz_schubert__sonata_in_a_min,Romantic,2
track_000383,Franz Schubert,Sonata in A Min.,2006,308.593441406,2006/MIDI-Unprocessed_22_R2_2006_01_ORIG_MID--AUDIO_22_R2_2006_04_Track04_wav.midi,2006/MIDI-Unprocessed_22_R2_2006_01_ORIG_MID--AUDIO_22_R2_2006_04_Track04_wav.wav,data\raw\maestro-v3.0.0\2006\MIDI-Unprocessed_22_R2_2006_01_ORIG_MID--AUDIO_22_R2_2006_04_Track04_wav.midi,data\raw\maestro-v3.0.0\2006\MIDI-Unprocessed_22_R2_2006_01_ORIG_MID--AUDIO_22_R2_2006_04_Track04_wav.wav,train,franz_schubert__sonata_in_a_min,Romantic,2
track_000384,Franz Schubert,Sonata in A Min.,2006,658.862856094,2006/MIDI-Unprocessed_23_R2_2006_01_ORIG_MID--AUDIO_23_R2_2006_01_Track01_wav.midi,2006/MIDI-Unprocessed_23_R2_2006_01_ORIG_MID--AUDIO_23_R2_2006_01_Track01_wav.wav,data\raw\maestro-v3.0.0\2006\MIDI-Unprocessed_23_R2_2006_01_ORIG_MID--AUDIO_23_R2_2006_01_Track01_wav.midi,data\raw\maestro-v3.0.0\2006\MIDI-Unprocessed_23_R2_2006_01_ORIG_MID--AUDIO_23_R2_2006_01_Track01_wav.wav,train,franz_schubert__sonata_in_a_min,Romantic,2
track_000385,Franz Schubert,Sonata in A Min.,2006,731.219888438,2006/MIDI-Unprocessed_23_R2_2006_01_ORIG_MID--AUDIO_23_R2_2006_02_Track02_wav.midi,2006/MIDI-Unprocessed_23_R2_2006_01_ORIG_MID--AUDIO_23_R2_2006_02_Track02_wav.wav,data\raw\maestro-v3.0.0\2006\MIDI-Unprocessed_23_R2_2006_01_ORIG_MID--AUDIO_23_R2_2006_02_Track02_wav.midi,data\raw\maestro-v3.0.0\2006\MIDI-Unprocessed_23_R2_2006_01_ORIG_MID--AUDIO_23_R2_2006_02_Track02_wav.wav,train,franz_schubert__sonata_in_a_min,Romantic,2
track_000386,Franz Schubert,Sonata in A Min.,2006,424.8500025,2006/MIDI-Unprocessed_23_R2_2006_01_ORIG_MID--AUDIO_23_R2_2006_03_Track03_wav.midi,2006/MIDI-Unprocessed_23_R2_2006_01_ORIG_MID--AUDIO_23_R2_2006_03_Track03_wav.wav,data\raw\maestro-v3.0.0\2006\MIDI-Unprocessed_23_R2_2006_01_ORIG_MID--AUDIO_23_R2_2006_03_Track03_wav.midi,data\raw\maestro-v3.0.0\2006\MIDI-Unprocessed_23_R2_2006_01_ORIG_MID--AUDIO_23_R2_2006_03_Track03_wav.wav,train,franz_schubert__sonata_in_a_min,Romantic,2
track_000387,Franz Schubert,Sonata in A Min.,2006,272.511746719,2006/MIDI-Unprocessed_23_R2_2006_01_ORIG_MID--AUDIO_23_R2_2006_04_Track04_wav.midi,2006/MIDI-Unprocessed_23_R2_2006_01_ORIG_MID--AUDIO_23_R2_2006_04_Track04_wav.wav,data\raw\maestro-v3.0.0\2006\MIDI-Unprocessed_23_R2_2006_01_ORIG_MID--AUDIO_23_R2_2006_04_Track04_wav.midi,data\raw\maestro-v3.0.0\2006\MIDI-Unprocessed_23_R2_2006_01_ORIG_MID--AUDIO_23_R2_2006_04_Track04_wav.wav,train,franz_schubert__sonata_in_a_min,Romantic,2
track_000388,Franz Schubert,"Sonata in A Minor, D. 537, I. Allegro ma non troppo",2017,308.591436612,2017/MIDI-Unprocessed_083_PIANO083_MID--AUDIO-split_07-09-17_Piano-e_2_-06_wav--3.midi,2017/MIDI-Unprocessed_083_PIANO083_MID--AUDIO-split_07-09-17_Piano-e_2_-06_wav--3.wav,data\raw\maestro-v3.0.0\2017\MIDI-Unprocessed_083_PIANO083_MID--AUDIO-split_07-09-17_Piano-e_2_-06_wav--3.midi,data\raw\maestro-v3.0.0\2017\MIDI-Unprocessed_083_PIANO083_MID--AUDIO-split_07-09-17_Piano-e_2_-06_wav--3.wav,test,franz_schubert__sonata_in_a_minor_d_537_i_allegro_ma_non_troppo,Romantic,2
track_000389,Franz Schubert,"Sonata in A Minor, D. 845",2009,463.744194375,2009/MIDI-Unprocessed_09_R2_2009_01_ORIG_MID--AUDIO_09_R2_2009_09_R2_2009_01_WAV.midi,2009/MIDI-Unprocessed_09_R2_2009_01_ORIG_MID--AUDIO_09_R2_2009_09_R2_2009_01_WAV.wav,data\raw\maestro-v3.0.0\2009\MIDI-Unprocessed_09_R2_2009_01_ORIG_MID--AUDIO_09_R2_2009_09_R2_2009_01_WAV.midi,data\raw\maestro-v3.0.0\2009\MIDI-Unprocessed_09_R2_2009_01_ORIG_MID--AUDIO_09_R2_2009_09_R2_2009_01_WAV.wav,train,franz_schubert__sonata_in_a_minor_d_845,Romantic,2
track_000390,Franz Schubert,"Sonata in A Minor, D. 846",2009,398.837742187,2009/MIDI-Unprocessed_09_R2_2009_01_ORIG_MID--AUDIO_09_R2_2009_09_R2_2009_02_WAV.midi,2009/MIDI-Unprocessed_09_R2_2009_01_ORIG_MID--AUDIO_09_R2_2009_09_R2_2009_02_WAV.wav,data\raw\maestro-v3.0.0\2009\MIDI-Unprocessed_09_R2_2009_01_ORIG_MID--AUDIO_09_R2_2009_09_R2_2009_02_WAV.midi,data\raw\maestro-v3.0.0\2009\MIDI-Unprocessed_09_R2_2009_01_ORIG_MID--AUDIO_09_R2_2009_09_R2_2009_02_WAV.wav,train,franz_schubert__sonata_in_a_minor_d_846,Romantic,2
track_000391,Franz Schubert,"Sonata in A Minor, D. 847",2009,280.387005938,2009/MIDI-Unprocessed_09_R2_2009_01_ORIG_MID--AUDIO_09_R2_2009_09_R2_2009_03_WAV.midi,2009/MIDI-Unprocessed_09_R2_2009_01_ORIG_MID--AUDIO_09_R2_2009_09_R2_2009_03_WAV.wav,data\raw\maestro-v3.0.0\2009\MIDI-Unprocessed_09_R2_2009_01_ORIG_MID--AUDIO_09_R2_2009_09_R2_2009_03_WAV.midi,data\raw\maestro-v3.0.0\2009\MIDI-Unprocessed_09_R2_2009_01_ORIG_MID--AUDIO_09_R2_2009_09_R2_2009_03_WAV.wav,train,franz_schubert__sonata_in_a_minor_d_847,Romantic,2
track_000392,Franz Schubert,"Sonata in A Minor, D. 848",2009,293.561405156,2009/MIDI-Unprocessed_09_R2_2009_01_ORIG_MID--AUDIO_09_R2_2009_09_R2_2009_04_WAV.midi,2009/MIDI-Unprocessed_09_R2_2009_01_ORIG_MID--AUDIO_09_R2_2009_09_R2_2009_04_WAV.wav,data\raw\maestro-v3.0.0\2009\MIDI-Unprocessed_09_R2_2009_01_ORIG_MID--AUDIO_09_R2_2009_09_R2_2009_04_WAV.midi,data\raw\maestro-v3.0.0\2009\MIDI-Unprocessed_09_R2_2009_01_ORIG_MID--AUDIO_09_R2_2009_09_R2_2009_04_WAV.wav,train,franz_schubert__sonata_in_a_minor_d_848,Romantic,2
track_000393,Franz Schubert,"Sonata in A Minor, D784",2018,1371.54510281,2018/MIDI-Unprocessed_Recital9-11_MID--AUDIO_09_R1_2018_wav--1.midi,2018/MIDI-Unprocessed_Recital9-11_MID--AUDIO_09_R1_2018_wav--1.wav,data\raw\maestro-v3.0.0\2018\MIDI-Unprocessed_Recital9-11_MID--AUDIO_09_R1_2018_wav--1.midi,data\raw\maestro-v3.0.0\2018\MIDI-Unprocessed_Recital9-11_MID--AUDIO_09_R1_2018_wav--1.wav,test,franz_schubert__sonata_in_a_minor_d784,Romantic,2
track_000394,Franz Schubert,"Sonata in A Minor, D845",2018,1846.46449969,2018/MIDI-Unprocessed_Schubert1-3_MID--AUDIO_02_R2_2018_wav.midi,2018/MIDI-Unprocessed_Schubert1-3_MID--AUDIO_02_R2_2018_wav.wav,data\raw\maestro-v3.0.0\2018\MIDI-Unprocessed_Schubert1-3_MID--AUDIO_02_R2_2018_wav.midi,data\raw\maestro-v3.0.0\2018\MIDI-Unprocessed_Schubert1-3_MID--AUDIO_02_R2_2018_wav.wav,train,franz_schubert__sonata_in_a_minor_d845,Romantic,2
track_000395,Franz Schubert,"Sonata in A minor, D. 845 (Complete)",2014,1682.59847766,2014/MIDI-UNPROCESSED_04-07-08-10-12-15-17_R2_2014_MID--AUDIO_15_R2_2014_wav.midi,2014/MIDI-UNPROCESSED_04-07-08-10-12-15-17_R2_2014_MID--AUDIO_15_R2_2014_wav.wav,data\raw\maestro-v3.0.0\2014\MIDI-UNPROCESSED_04-07-08-10-12-15-17_R2_2014_MID--AUDIO_15_R2_2014_wav.midi,data\raw\maestro-v3.0.0\2014\MIDI-UNPROCESSED_04-07-08-10-12-15-17_R2_2014_MID--AUDIO_15_R2_2014_wav.wav,train,franz_schubert__sonata_in_a_minor_d_845_complete,Romantic,2
track_000396,Franz Schubert,Sonata in B-flat Major D. 960,2009,908.675640469,2009/MIDI-Unprocessed_21_R2_2009_01_ORIG_MID--AUDIO_21_R2_2009_21_R2_2009_01_WAV.midi,2009/MIDI-Unprocessed_21_R2_2009_01_ORIG_MID--AUDIO_21_R2_2009_21_R2_2009_01_WAV.wav,data\raw\maestro-v3.0.0\2009\MIDI-Unprocessed_21_R2_2009_01_ORIG_MID--AUDIO_21_R2_2009_21_R2_2009_01_WAV.midi,data\raw\maestro-v3.0.0\2009\MIDI-Unprocessed_21_R2_2009_01_ORIG_MID--AUDIO_21_R2_2009_21_R2_2009_01_WAV.wav,train,franz_schubert__sonata_in_b_flat_major_d_960,Romantic,2
track_000397,Franz Schubert,Sonata in B-flat Major D. 961,2009,635.457430781,2009/MIDI-Unprocessed_21_R2_2009_01_ORIG_MID--AUDIO_21_R2_2009_21_R2_2009_02_WAV.midi,2009/MIDI-Unprocessed_21_R2_2009_01_ORIG_MID--AUDIO_21_R2_2009_21_R2_2009_02_WAV.wav,data\raw\maestro-v3.0.0\2009\MIDI-Unprocessed_21_R2_2009_01_ORIG_MID--AUDIO_21_R2_2009_21_R2_2009_02_WAV.midi,data\raw\maestro-v3.0.0\2009\MIDI-Unprocessed_21_R2_2009_01_ORIG_MID--AUDIO_21_R2_2009_21_R2_2009_02_WAV.wav,train,franz_schubert__sonata_in_b_flat_major_d_961,Romantic,2
track_000398,Franz Schubert,Sonata in B-flat Major D. 962,2009,216.3032025,2009/MIDI-Unprocessed_21_R2_2009_01_ORIG_MID--AUDIO_21_R2_2009_21_R2_2009_03_WAV.midi,2009/MIDI-Unprocessed_21_R2_2009_01_ORIG_MID--AUDIO_21_R2_2009_21_R2_2009_03_WAV.wav,data\raw\maestro-v3.0.0\2009\MIDI-Unprocessed_21_R2_2009_01_ORIG_MID--AUDIO_21_R2_2009_21_R2_2009_03_WAV.midi,data\raw\maestro-v3.0.0\2009\MIDI-Unprocessed_21_R2_2009_01_ORIG_MID--AUDIO_21_R2_2009_21_R2_2009_03_WAV.wav,train,franz_schubert__sonata_in_b_flat_major_d_962,Romantic,2
track_000399,Franz Schubert,Sonata in B-flat Major D. 963,2009,434.902075781,2009/MIDI-Unprocessed_21_R2_2009_01_ORIG_MID--AUDIO_21_R2_2009_21_R2_2009_04_WAV.midi,2009/MIDI-Unprocessed_21_R2_2009_01_ORIG_MID--AUDIO_21_R2_2009_21_R2_2009_04_WAV.wav,data\raw\maestro-v3.0.0\2009\MIDI-Unprocessed_21_R2_2009_01_ORIG_MID--AUDIO_21_R2_2009_21_R2_2009_04_WAV.midi,data\raw\maestro-v3.0.0\2009\MIDI-Unprocessed_21_R2_2009_01_ORIG_MID--AUDIO_21_R2_2009_21_R2_2009_04_WAV.wav,train,franz_schubert__sonata_in_b_flat_major_d_963,Romantic,2
track_000400,Franz Schubert,"Sonata in B-flat Major, D. 960",2009,949.83879375,2009/MIDI-Unprocessed_10_R2_2009_01_ORIG_MID--AUDIO_10_R2_2009_10_R2_2009_01_WAV.midi,2009/MIDI-Unprocessed_10_R2_2009_01_ORIG_MID--AUDIO_10_R2_2009_10_R2_2009_01_WAV.wav,data\raw\maestro-v3.0.0\2009\MIDI-Unprocessed_10_R2_2009_01_ORIG_MID--AUDIO_10_R2_2009_10_R2_2009_01_WAV.midi,data\raw\maestro-v3.0.0\2009\MIDI-Unprocessed_10_R2_2009_01_ORIG_MID--AUDIO_10_R2_2009_10_R2_2009_01_WAV.wav,train,franz_schubert__sonata_in_b_flat_major_d_960,Romantic,2
track_000401,Franz Schubert,"Sonata in B-flat Major, D. 960 (Complete)",2014,2213.10943219,2014/MIDI-UNPROCESSED_04-07-08-10-12-15-17_R2_2014_MID--AUDIO_04_R2_2014_wav.midi,2014/MIDI-UNPROCESSED_04-07-08-10-12-15-17_R2_2014_MID--AUDIO_04_R2_2014_wav.wav,data\raw\maestro-v3.0.0\2014\MIDI-UNPROCESSED_04-07-08-10-12-15-17_R2_2014_MID--AUDIO_04_R2_2014_wav.midi,data\raw\maestro-v3.0.0\2014\MIDI-UNPROCESSED_04-07-08-10-12-15-17_R2_2014_MID--AUDIO_04_R2_2014_wav.wav,train,franz_schubert__sonata_in_b_flat_major_d_960_complete,Romantic,2
track_000402,Franz Schubert,"Sonata in B-flat Major, D. 960 (Complete)",2014,2624.66350781,2014/MIDI-UNPROCESSED_04-07-08-10-12-15-17_R2_2014_MID--AUDIO_12_R2_2014_wav.midi,2014/MIDI-UNPROCESSED_04-07-08-10-12-15-17_R2_2014_MID--AUDIO_12_R2_2014_wav.wav,data\raw\maestro-v3.0.0\2014\MIDI-UNPROCESSED_04-07-08-10-12-15-17_R2_2014_MID--AUDIO_12_R2_2014_wav.midi,data\raw\maestro-v3.0.0\2014\MIDI-UNPROCESSED_04-07-08-10-12-15-17_R2_2014_MID--AUDIO_12_R2_2014_wav.wav,train,franz_schubert__sonata_in_b_flat_major_d_960_complete,Romantic,2
track_000403,Franz Schubert,"Sonata in B-flat Major, D. 961",2009,672.761079375,2009/MIDI-Unprocessed_10_R2_2009_01_ORIG_MID--AUDIO_10_R2_2009_10_R2_2009_02_WAV.midi,2009/MIDI-Unprocessed_10_R2_2009_01_ORIG_MID--AUDIO_10_R2_2009_10_R2_2009_02_WAV.wav,data\raw\maestro-v3.0.0\2009\MIDI-Unprocessed_10_R2_2009_01_ORIG_MID--AUDIO_10_R2_2009_10_R2_2009_02_WAV.midi,data\raw\maestro-v3.0.0\2009\MIDI-Unprocessed_10_R2_2009_01_ORIG_MID--AUDIO_10_R2_2009_10_R2_2009_02_WAV.wav,train,franz_schubert__sonata_in_b_flat_major_d_961,Romantic,2
track_000404,Franz Schubert,"Sonata in B-flat Major, D. 962",2009,220.921253438,2009/MIDI-Unprocessed_10_R2_2009_01_ORIG_MID--AUDIO_10_R2_2009_10_R2_2009_03_WAV.midi,2009/MIDI-Unprocessed_10_R2_2009_01_ORIG_MID--AUDIO_10_R2_2009_10_R2_2009_03_WAV.wav,data\raw\maestro-v3.0.0\2009\MIDI-Unprocessed_10_R2_2009_01_ORIG_MID--AUDIO_10_R2_2009_10_R2_2009_03_WAV.midi,data\raw\maestro-v3.0.0\2009\MIDI-Unprocessed_10_R2_2009_01_ORIG_MID--AUDIO_10_R2_2009_10_R2_2009_03_WAV.wav,train,franz_schubert__sonata_in_b_flat_major_d_962,Romantic,2
track_000405,Franz Schubert,"Sonata in B-flat Major, D. 963",2009,515.92897125,2009/MIDI-Unprocessed_10_R2_2009_01_ORIG_MID--AUDIO_10_R2_2009_10_R2_2009_04_WAV.midi,2009/MIDI-Unprocessed_10_R2_2009_01_ORIG_MID--AUDIO_10_R2_2009_10_R2_2009_04_WAV.wav,data\raw\maestro-v3.0.0\2009\MIDI-Unprocessed_10_R2_2009_01_ORIG_MID--AUDIO_10_R2_2009_10_R2_2009_04_WAV.midi,data\raw\maestro-v3.0.0\2009\MIDI-Unprocessed_10_R2_2009_01_ORIG_MID--AUDIO_10_R2_2009_10_R2_2009_04_WAV.wav,train,franz_schubert__sonata_in_b_flat_major_d_963,Romantic,2
track_000406,Franz Schubert,"Sonata in B-flat Major, D960",2004,902.321056094,2004/MIDI-Unprocessed_XP_14_R2_2004_01_ORIG_MID--AUDIO_14_R2_2004_01_Track01_wav.midi,2004/MIDI-Unprocessed_XP_14_R2_2004_01_ORIG_MID--AUDIO_14_R2_2004_01_Track01_wav.wav,data\raw\maestro-v3.0.0\2004\MIDI-Unprocessed_XP_14_R2_2004_01_ORIG_MID--AUDIO_14_R2_2004_01_Track01_wav.midi,data\raw\maestro-v3.0.0\2004\MIDI-Unprocessed_XP_14_R2_2004_01_ORIG_MID--AUDIO_14_R2_2004_01_Track01_wav.wav,train,franz_schubert__sonata_in_b_flat_major_d960,Romantic,2
track_000407,Franz Schubert,"Sonata in B-flat Major, D960",2004,595.733285317,2004/MIDI-Unprocessed_XP_14_R2_2004_01_ORIG_MID--AUDIO_14_R2_2004_02_Track02_wav.midi,2004/MIDI-Unprocessed_XP_14_R2_2004_01_ORIG_MID--AUDIO_14_R2_2004_02_Track02_wav.wav,data\raw\maestro-v3.0.0\2004\MIDI-Unprocessed_XP_14_R2_2004_01_ORIG_MID--AUDIO_14_R2_2004_02_Track02_wav.midi,data\raw\maestro-v3.0.0\2004\MIDI-Unprocessed_XP_14_R2_2004_01_ORIG_MID--AUDIO_14_R2_2004_02_Track02_wav.wav,train,franz_schubert__sonata_in_b_flat_major_d960,Romantic,2
track_000408,Franz Schubert,"Sonata in B-flat Major, D960",2004,225.191643375,2004/MIDI-Unprocessed_XP_14_R2_2004_01_ORIG_MID--AUDIO_14_R2_2004_03_Track03_wav.midi,2004/MIDI-Unprocessed_XP_14_R2_2004_01_ORIG_MID--AUDIO_14_R2_2004_03_Track03_wav.wav,data\raw\maestro-v3.0.0\2004\MIDI-Unprocessed_XP_14_R2_2004_01_ORIG_MID--AUDIO_14_R2_2004_03_Track03_wav.midi,data\raw\maestro-v3.0.0\2004\MIDI-Unprocessed_XP_14_R2_2004_01_ORIG_MID--AUDIO_14_R2_2004_03_Track03_wav.wav,train,franz_schubert__sonata_in_b_flat_major_d960,Romantic,2
track_000409,Franz Schubert,"Sonata in B-flat Major, D960",2004,456.341602506,2004/MIDI-Unprocessed_XP_14_R2_2004_01_ORIG_MID--AUDIO_14_R2_2004_04_Track04_wav.midi,2004/MIDI-Unprocessed_XP_14_R2_2004_01_ORIG_MID--AUDIO_14_R2_2004_04_Track04_wav.wav,data\raw\maestro-v3.0.0\2004\MIDI-Unprocessed_XP_14_R2_2004_01_ORIG_MID--AUDIO_14_R2_2004_04_Track04_wav.midi,data\raw\maestro-v3.0.0\2004\MIDI-Unprocessed_XP_14_R2_2004_01_ORIG_MID--AUDIO_14_R2_2004_04_Track04_wav.wav,train,franz_schubert__sonata_in_b_flat_major_d960,Romantic,2
track_000410,Franz Schubert,"Sonata in B-flat Major, D960",2004,917.292165775,2004/MIDI-Unprocessed_XP_16_R2_2004_01_ORIG_MID--AUDIO_16_R2_2004_01_Track01_wav.midi,2004/MIDI-Unprocessed_XP_16_R2_2004_01_ORIG_MID--AUDIO_16_R2_2004_01_Track01_wav.wav,data\raw\maestro-v3.0.0\2004\MIDI-Unprocessed_XP_16_R2_2004_01_ORIG_MID--AUDIO_16_R2_2004_01_Track01_wav.midi,data\raw\maestro-v3.0.0\2004\MIDI-Unprocessed_XP_16_R2_2004_01_ORIG_MID--AUDIO_16_R2_2004_01_Track01_wav.wav,train,franz_schubert__sonata_in_b_flat_major_d960,Romantic,2
track_000411,Franz Schubert,"Sonata in B-flat Major, D960",2004,572.456644581,2004/MIDI-Unprocessed_XP_16_R2_2004_01_ORIG_MID--AUDIO_16_R2_2004_02_Track02_wav.midi,2004/MIDI-Unprocessed_XP_16_R2_2004_01_ORIG_MID--AUDIO_16_R2_2004_02_Track02_wav.wav,data\raw\maestro-v3.0.0\2004\MIDI-Unprocessed_XP_16_R2_2004_01_ORIG_MID--AUDIO_16_R2_2004_02_Track02_wav.midi,data\raw\maestro-v3.0.0\2004\MIDI-Unprocessed_XP_16_R2_2004_01_ORIG_MID--AUDIO_16_R2_2004_02_Track02_wav.wav,train,franz_schubert__sonata_in_b_flat_major_d960,Romantic,2
track_000412,Franz Schubert,"Sonata in B-flat Major, D960",2004,240.996083931,2004/MIDI-Unprocessed_XP_16_R2_2004_01_ORIG_MID--AUDIO_16_R2_2004_03_Track03_wav.midi,2004/MIDI-Unprocessed_XP_16_R2_2004_01_ORIG_MID--AUDIO_16_R2_2004_03_Track03_wav.wav,data\raw\maestro-v3.0.0\2004\MIDI-Unprocessed_XP_16_R2_2004_01_ORIG_MID--AUDIO_16_R2_2004_03_Track03_wav.midi,data\raw\maestro-v3.0.0\2004\MIDI-Unprocessed_XP_16_R2_2004_01_ORIG_MID--AUDIO_16_R2_2004_03_Track03_wav.wav,train,franz_schubert__sonata_in_b_flat_major_d960,Romantic,2
track_000413,Franz Schubert,"Sonata in B-flat Major, D960",2004,488.711165135,2004/MIDI-Unprocessed_XP_16_R2_2004_01_ORIG_MID--AUDIO_16_R2_2004_04_Track04_wav.midi,2004/MIDI-Unprocessed_XP_16_R2_2004_01_ORIG_MID--AUDIO_16_R2_2004_04_Track04_wav.wav,data\raw\maestro-v3.0.0\2004\MIDI-Unprocessed_XP_16_R2_2004_01_ORIG_MID--AUDIO_16_R2_2004_04_Track04_wav.midi,data\raw\maestro-v3.0.0\2004\MIDI-Unprocessed_XP_16_R2_2004_01_ORIG_MID--AUDIO_16_R2_2004_04_Track04_wav.wav,train,franz_schubert__sonata_in_b_flat_major_d960,Romantic,2
track_000414,Franz Schubert,"Sonata in B-flat Major, D960",2018,2561.10988547,2018/MIDI-Unprocessed_Schubert4-6_MID--AUDIO_09_R2_2018_wav.midi,2018/MIDI-Unprocessed_Schubert4-6_MID--AUDIO_09_R2_2018_wav.wav,data\raw\maestro-v3.0.0\2018\MIDI-Unprocessed_Schubert4-6_MID--AUDIO_09_R2_2018_wav.midi,data\raw\maestro-v3.0.0\2018\MIDI-Unprocessed_Schubert4-6_MID--AUDIO_09_R2_2018_wav.wav,train,franz_schubert__sonata_in_b_flat_major_d960,Romantic,2
track_000415,Franz Schubert,"Sonata in B-flat Major, D960",2018,2421.89528109,2018/MIDI-Unprocessed_Schubert4-6_MID--AUDIO_10_R2_2018_wav.midi,2018/MIDI-Unprocessed_Schubert4-6_MID--AUDIO_10_R2_2018_wav.wav,data\raw\maestro-v3.0.0\2018\MIDI-Unprocessed_Schubert4-6_MID--AUDIO_10_R2_2018_wav.midi,data\raw\maestro-v3.0.0\2018\MIDI-Unprocessed_Schubert4-6_MID--AUDIO_10_R2_2018_wav.wav,train,franz_schubert__sonata_in_b_flat_major_d960,Romantic,2
track_000416,Franz Schubert,"Sonata in C  Minor, D. 958",2009,475.983765469,2009/MIDI-Unprocessed_17_R2_2009_01_ORIG_MID--AUDIO_17_R2_2009_17_R2_2009_01_WAV.midi,2009/MIDI-Unprocessed_17_R2_2009_01_ORIG_MID--AUDIO_17_R2_2009_17_R2_2009_01_WAV.wav,data\raw\maestro-v3.0.0\2009\MIDI-Unprocessed_17_R2_2009_01_ORIG_MID--AUDIO_17_R2_2009_17_R2_2009_01_WAV.midi,data\raw\maestro-v3.0.0\2009\MIDI-Unprocessed_17_R2_2009_01_ORIG_MID--AUDIO_17_R2_2009_17_R2_2009_01_WAV.wav,train,franz_schubert__sonata_in_c_minor_d_958,Romantic,2
track_000417,Franz Schubert,"Sonata in C  Minor, D. 959",2009,488.363560781,2009/MIDI-Unprocessed_17_R2_2009_01_ORIG_MID--AUDIO_17_R2_2009_17_R2_2009_02_WAV.midi,2009/MIDI-Unprocessed_17_R2_2009_01_ORIG_MID--AUDIO_17_R2_2009_17_R2_2009_02_WAV.wav,data\raw\maestro-v3.0.0\2009\MIDI-Unprocessed_17_R2_2009_01_ORIG_MID--AUDIO_17_R2_2009_17_R2_2009_02_WAV.midi,data\raw\maestro-v3.0.0\2009\MIDI-Unprocessed_17_R2_2009_01_ORIG_MID--AUDIO_17_R2_2009_17_R2_2009_02_WAV.wav,train,franz_schubert__sonata_in_c_minor_d_959,Romantic,2
track_000418,Franz Schubert,"Sonata in C  Minor, D. 960",2009,203.632275,2009/MIDI-Unprocessed_17_R2_2009_01_ORIG_MID--AUDIO_17_R2_2009_17_R2_2009_03_WAV.midi,2009/MIDI-Unprocessed_17_R2_2009_01_ORIG_MID--AUDIO_17_R2_2009_17_R2_2009_03_WAV.wav,data\raw\maestro-v3.0.0\2009\MIDI-Unprocessed_17_R2_2009_01_ORIG_MID--AUDIO_17_R2_2009_17_R2_2009_03_WAV.midi,data\raw\maestro-v3.0.0\2009\MIDI-Unprocessed_17_R2_2009_01_ORIG_MID--AUDIO_17_R2_2009_17_R2_2009_03_WAV.wav,train,franz_schubert__sonata_in_c_minor_d_960,Romantic,2
track_000419,Franz Schubert,"Sonata in C  Minor, D. 961",2009,521.642106562,2009/MIDI-Unprocessed_17_R2_2009_01_ORIG_MID--AUDIO_17_R2_2009_17_R2_2009_04_WAV.midi,2009/MIDI-Unprocessed_17_R2_2009_01_ORIG_MID--AUDIO_17_R2_2009_17_R2_2009_04_WAV.wav,data\raw\maestro-v3.0.0\2009\MIDI-Unprocessed_17_R2_2009_01_ORIG_MID--AUDIO_17_R2_2009_17_R2_2009_04_WAV.midi,data\raw\maestro-v3.0.0\2009\MIDI-Unprocessed_17_R2_2009_01_ORIG_MID--AUDIO_17_R2_2009_17_R2_2009_04_WAV.wav,train,franz_schubert__sonata_in_c_minor_d_961,Romantic,2
track_000420,Franz Schubert,"Sonata in C Major, D840",2009,704.256774375,2009/MIDI-Unprocessed_16_R2_2009_01_ORIG_MID--AUDIO_16_R2_2009_16_R2_2009_01_WAV.midi,2009/MIDI-Unprocessed_16_R2_2009_01_ORIG_MID--AUDIO_16_R2_2009_16_R2_2009_01_WAV.wav,data\raw\maestro-v3.0.0\2009\MIDI-Unprocessed_16_R2_2009_01_ORIG_MID--AUDIO_16_R2_2009_16_R2_2009_01_WAV.midi,data\raw\maestro-v3.0.0\2009\MIDI-Unprocessed_16_R2_2009_01_ORIG_MID--AUDIO_16_R2_2009_16_R2_2009_01_WAV.wav,test,franz_schubert__sonata_in_c_major_d840,Romantic,2
track_000421,Franz Schubert,"Sonata in C Major, D841",2009,540.345346406,2009/MIDI-Unprocessed_16_R2_2009_01_ORIG_MID--AUDIO_16_R2_2009_16_R2_2009_02_WAV.midi,2009/MIDI-Unprocessed_16_R2_2009_01_ORIG_MID--AUDIO_16_R2_2009_16_R2_2009_02_WAV.wav,data\raw\maestro-v3.0.0\2009\MIDI-Unprocessed_16_R2_2009_01_ORIG_MID--AUDIO_16_R2_2009_16_R2_2009_02_WAV.midi,data\raw\maestro-v3.0.0\2009\MIDI-Unprocessed_16_R2_2009_01_ORIG_MID--AUDIO_16_R2_2009_16_R2_2009_02_WAV.wav,test,franz_schubert__sonata_in_c_major_d841,Romantic,2
track_000422,Franz Schubert,"Sonata in C Major, D842",2009,312.578480156,2009/MIDI-Unprocessed_16_R2_2009_01_ORIG_MID--AUDIO_16_R2_2009_16_R2_2009_03_WAV.midi,2009/MIDI-Unprocessed_16_R2_2009_01_ORIG_MID--AUDIO_16_R2_2009_16_R2_2009_03_WAV.wav,data\raw\maestro-v3.0.0\2009\MIDI-Unprocessed_16_R2_2009_01_ORIG_MID--AUDIO_16_R2_2009_16_R2_2009_03_WAV.midi,data\raw\maestro-v3.0.0\2009\MIDI-Unprocessed_16_R2_2009_01_ORIG_MID--AUDIO_16_R2_2009_16_R2_2009_03_WAV.wav,validation,franz_schubert__sonata_in_c_major_d842,Romantic,2
track_000423,Franz Schubert,"Sonata in C Major, D843",2009,529.414534688,2009/MIDI-Unprocessed_16_R2_2009_01_ORIG_MID--AUDIO_16_R2_2009_16_R2_2009_04_WAV.midi,2009/MIDI-Unprocessed_16_R2_2009_01_ORIG_MID--AUDIO_16_R2_2009_16_R2_2009_04_WAV.wav,data\raw\maestro-v3.0.0\2009\MIDI-Unprocessed_16_R2_2009_01_ORIG_MID--AUDIO_16_R2_2009_16_R2_2009_04_WAV.midi,data\raw\maestro-v3.0.0\2009\MIDI-Unprocessed_16_R2_2009_01_ORIG_MID--AUDIO_16_R2_2009_16_R2_2009_04_WAV.wav,test,franz_schubert__sonata_in_c_major_d843,Romantic,2
track_000424,Franz Schubert,"Sonata in C Minor, D. 958",2009,480.3627675,2009/MIDI-Unprocessed_07_R2_2009_01_ORIG_MID--AUDIO_07_R2_2009_07_R2_2009_01_WAV.midi,2009/MIDI-Unprocessed_07_R2_2009_01_ORIG_MID--AUDIO_07_R2_2009_07_R2_2009_01_WAV.wav,data\raw\maestro-v3.0.0\2009\MIDI-Unprocessed_07_R2_2009_01_ORIG_MID--AUDIO_07_R2_2009_07_R2_2009_01_WAV.midi,data\raw\maestro-v3.0.0\2009\MIDI-Unprocessed_07_R2_2009_01_ORIG_MID--AUDIO_07_R2_2009_07_R2_2009_01_WAV.wav,train,franz_schubert__sonata_in_c_minor_d_958,Romantic,2
track_000425,Franz Schubert,"Sonata in C Minor, D. 958",2009,493.521141094,2009/MIDI-Unprocessed_12_R2_2009_01_ORIG_MID--AUDIO_12_R2_2009_12_R2_2009_01_WAV.midi,2009/MIDI-Unprocessed_12_R2_2009_01_ORIG_MID--AUDIO_12_R2_2009_12_R2_2009_01_WAV.wav,data\raw\maestro-v3.0.0\2009\MIDI-Unprocessed_12_R2_2009_01_ORIG_MID--AUDIO_12_R2_2009_12_R2_2009_01_WAV.midi,data\raw\maestro-v3.0.0\2009\MIDI-Unprocessed_12_R2_2009_01_ORIG_MID--AUDIO_12_R2_2009_12_R2_2009_01_WAV.wav,train,franz_schubert__sonata_in_c_minor_d_958,Romantic,2
track_000426,Franz Schubert,"Sonata in C Minor, D. 958 (Complete)",2014,1790.89831594,2014/MIDI-UNPROCESSED_04-07-08-10-12-15-17_R2_2014_MID--AUDIO_07_R2_2014_wav.midi,2014/MIDI-UNPROCESSED_04-07-08-10-12-15-17_R2_2014_MID--AUDIO_07_R2_2014_wav.wav,data\raw\maestro-v3.0.0\2014\MIDI-UNPROCESSED_04-07-08-10-12-15-17_R2_2014_MID--AUDIO_07_R2_2014_wav.midi,data\raw\maestro-v3.0.0\2014\MIDI-UNPROCESSED_04-07-08-10-12-15-17_R2_2014_MID--AUDIO_07_R2_2014_wav.wav,train,franz_schubert__sonata_in_c_minor_d_958_complete,Romantic,2
track_000427,Franz Schubert,"Sonata in C Minor, D. 958 (Complete)",2014,1766.21885344,2014/MIDI-UNPROCESSED_19-20-21_R2_2014_MID--AUDIO_21_R2_2014_wav.midi,2014/MIDI-UNPROCESSED_19-20-21_R2_2014_MID--AUDIO_21_R2_2014_wav.wav,data\raw\maestro-v3.0.0\2014\MIDI-UNPROCESSED_19-20-21_R2_2014_MID--AUDIO_21_R2_2014_wav.midi,data\raw\maestro-v3.0.0\2014\MIDI-UNPROCESSED_19-20-21_R2_2014_MID--AUDIO_21_R2_2014_wav.wav,train,franz_schubert__sonata_in_c_minor_d_958_complete,Romantic,2
track_000428,Franz Schubert,"Sonata in C Minor, D. 959",2009,469.549477031,2009/MIDI-Unprocessed_07_R2_2009_01_ORIG_MID--AUDIO_07_R2_2009_07_R2_2009_02_WAV.midi,2009/MIDI-Unprocessed_07_R2_2009_01_ORIG_MID--AUDIO_07_R2_2009_07_R2_2009_02_WAV.wav,data\raw\maestro-v3.0.0\2009\MIDI-Unprocessed_07_R2_2009_01_ORIG_MID--AUDIO_07_R2_2009_07_R2_2009_02_WAV.midi,data\raw\maestro-v3.0.0\2009\MIDI-Unprocessed_07_R2_2009_01_ORIG_MID--AUDIO_07_R2_2009_07_R2_2009_02_WAV.wav,train,franz_schubert__sonata_in_c_minor_d_959,Romantic,2
track_000429,Franz Schubert,"Sonata in C Minor, D. 959",2009,573.772129219,2009/MIDI-Unprocessed_12_R2_2009_01_ORIG_MID--AUDIO_12_R2_2009_12_R2_2009_02_WAV.midi,2009/MIDI-Unprocessed_12_R2_2009_01_ORIG_MID--AUDIO_12_R2_2009_12_R2_2009_02_WAV.wav,data\raw\maestro-v3.0.0\2009\MIDI-Unprocessed_12_R2_2009_01_ORIG_MID--AUDIO_12_R2_2009_12_R2_2009_02_WAV.midi,data\raw\maestro-v3.0.0\2009\MIDI-Unprocessed_12_R2_2009_01_ORIG_MID--AUDIO_12_R2_2009_12_R2_2009_02_WAV.wav,train,franz_schubert__sonata_in_c_minor_d_959,Romantic,2
track_000430,Franz Schubert,"Sonata in C Minor, D. 960",2009,166.621094063,2009/MIDI-Unprocessed_07_R2_2009_01_ORIG_MID--AUDIO_07_R2_2009_07_R2_2009_03_WAV.midi,2009/MIDI-Unprocessed_07_R2_2009_01_ORIG_MID--AUDIO_07_R2_2009_07_R2_2009_03_WAV.wav,data\raw\maestro-v3.0.0\2009\MIDI-Unprocessed_07_R2_2009_01_ORIG_MID--AUDIO_07_R2_2009_07_R2_2009_03_WAV.midi,data\raw\maestro-v3.0.0\2009\MIDI-Unprocessed_07_R2_2009_01_ORIG_MID--AUDIO_07_R2_2009_07_R2_2009_03_WAV.wav,train,franz_schubert__sonata_in_c_minor_d_960,Romantic,2
track_000431,Franz Schubert,"Sonata in C Minor, D. 960",2009,151.10027625,2009/MIDI-Unprocessed_12_R2_2009_01_ORIG_MID--AUDIO_12_R2_2009_12_R2_2009_03_WAV.midi,2009/MIDI-Unprocessed_12_R2_2009_01_ORIG_MID--AUDIO_12_R2_2009_12_R2_2009_03_WAV.wav,data\raw\maestro-v3.0.0\2009\MIDI-Unprocessed_12_R2_2009_01_ORIG_MID--AUDIO_12_R2_2009_12_R2_2009_03_WAV.midi,data\raw\maestro-v3.0.0\2009\MIDI-Unprocessed_12_R2_2009_01_ORIG_MID--AUDIO_12_R2_2009_12_R2_2009_03_WAV.wav,train,franz_schubert__sonata_in_c_minor_d_960,Romantic,2
track_000432,Franz Schubert,"Sonata in C Minor, D. 961",2009,520.219832344,2009/MIDI-Unprocessed_07_R2_2009_01_ORIG_MID--AUDIO_07_R2_2009_07_R2_2009_04_WAV.midi,2009/MIDI-Unprocessed_07_R2_2009_01_ORIG_MID--AUDIO_07_R2_2009_07_R2_2009_04_WAV.wav,data\raw\maestro-v3.0.0\2009\MIDI-Unprocessed_07_R2_2009_01_ORIG_MID--AUDIO_07_R2_2009_07_R2_2009_04_WAV.midi,data\raw\maestro-v3.0.0\2009\MIDI-Unprocessed_07_R2_2009_01_ORIG_MID--AUDIO_07_R2_2009_07_R2_2009_04_WAV.wav,train,franz_schubert__sonata_in_c_minor_d_961,Romantic,2
track_000433,Franz Schubert,"Sonata in C Minor, D. 961",2009,560.5763625,2009/MIDI-Unprocessed_12_R2_2009_01_ORIG_MID--AUDIO_12_R2_2009_12_R2_2009_04_WAV.midi,2009/MIDI-Unprocessed_12_R2_2009_01_ORIG_MID--AUDIO_12_R2_2009_12_R2_2009_04_WAV.wav,data\raw\maestro-v3.0.0\2009\MIDI-Unprocessed_12_R2_2009_01_ORIG_MID--AUDIO_12_R2_2009_12_R2_2009_04_WAV.midi,data\raw\maestro-v3.0.0\2009\MIDI-Unprocessed_12_R2_2009_01_ORIG_MID--AUDIO_12_R2_2009_12_R2_2009_04_WAV.wav,train,franz_schubert__sonata_in_c_minor_d_961,Romantic,2
track_000434,Franz Schubert,"Sonata in C Minor, D958",2004,692.722315437,2004/MIDI-Unprocessed_XP_06_R2_2004_01_ORIG_MID--AUDIO_06_R2_2004_01_Track01_wav.midi,2004/MIDI-Unprocessed_XP_06_R2_2004_01_ORIG_MID--AUDIO_06_R2_2004_01_Track01_wav.wav,data\raw\maestro-v3.0.0\2004\MIDI-Unprocessed_XP_06_R2_2004_01_ORIG_MID--AUDIO_06_R2_2004_01_Track01_wav.midi,data\raw\maestro-v3.0.0\2004\MIDI-Unprocessed_XP_06_R2_2004_01_ORIG_MID--AUDIO_06_R2_2004_01_Track01_wav.wav,train,franz_schubert__sonata_in_c_minor_d958,Romantic,2
track_000435,Franz Schubert,"Sonata in C Minor, D958",2004,525.664047577,2004/MIDI-Unprocessed_XP_06_R2_2004_01_ORIG_MID--AUDIO_06_R2_2004_02_Track02_wav.midi,2004/MIDI-Unprocessed_XP_06_R2_2004_01_ORIG_MID--AUDIO_06_R2_2004_02_Track02_wav.wav,data\raw\maestro-v3.0.0\2004\MIDI-Unprocessed_XP_06_R2_2004_01_ORIG_MID--AUDIO_06_R2_2004_02_Track02_wav.midi,data\raw\maestro-v3.0.0\2004\MIDI-Unprocessed_XP_06_R2_2004_01_ORIG_MID--AUDIO_06_R2_2004_02_Track02_wav.wav,train,franz_schubert__sonata_in_c_minor_d958,Romantic,2
track_000436,Franz Schubert,"Sonata in C Minor, D958",2004,745.937970417,2004/MIDI-Unprocessed_XP_06_R2_2004_01_ORIG_MID--AUDIO_06_R2_2004_03_Track03_wav.midi,2004/MIDI-Unprocessed_XP_06_R2_2004_01_ORIG_MID--AUDIO_06_R2_2004_03_Track03_wav.wav,data\raw\maestro-v3.0.0\2004\MIDI-Unprocessed_XP_06_R2_2004_01_ORIG_MID--AUDIO_06_R2_2004_03_Track03_wav.midi,data\raw\maestro-v3.0.0\2004\MIDI-Unprocessed_XP_06_R2_2004_01_ORIG_MID--AUDIO_06_R2_2004_03_Track03_wav.wav,train,franz_schubert__sonata_in_c_minor_d958,Romantic,2
track_000437,Franz Schubert,"Sonata in C Minor, D958",2004,452.828792356,2004/MIDI-Unprocessed_XP_19_R2_2004_01_ORIG_MID--AUDIO_19_R2_2004_01_Track01_wav.midi,2004/MIDI-Unprocessed_XP_19_R2_2004_01_ORIG_MID--AUDIO_19_R2_2004_01_Track01_wav.wav,data\raw\maestro-v3.0.0\2004\MIDI-Unprocessed_XP_19_R2_2004_01_ORIG_MID--AUDIO_19_R2_2004_01_Track01_wav.midi,data\raw\maestro-v3.0.0\2004\MIDI-Unprocessed_XP_19_R2_2004_01_ORIG_MID--AUDIO_19_R2_2004_01_Track01_wav.wav,train,franz_schubert__sonata_in_c_minor_d958,Romantic,2
track_000438,Franz Schubert,"Sonata in C Minor, D958",2004,465.319140125,2004/MIDI-Unprocessed_XP_19_R2_2004_01_ORIG_MID--AUDIO_19_R2_2004_02_Track02_wav.midi,2004/MIDI-Unprocessed_XP_19_R2_2004_01_ORIG_MID--AUDIO_19_R2_2004_02_Track02_wav.wav,data\raw\maestro-v3.0.0\2004\MIDI-Unprocessed_XP_19_R2_2004_01_ORIG_MID--AUDIO_19_R2_2004_02_Track02_wav.midi,data\raw\maestro-v3.0.0\2004\MIDI-Unprocessed_XP_19_R2_2004_01_ORIG_MID--AUDIO_19_R2_2004_02_Track02_wav.wav,train,franz_schubert__sonata_in_c_minor_d958,Romantic,2
track_000439,Franz Schubert,"Sonata in C Minor, D958",2004,705.474414571,2004/MIDI-Unprocessed_XP_19_R2_2004_01_ORIG_MID--AUDIO_19_R2_2004_03_Track03_wav.midi,2004/MIDI-Unprocessed_XP_19_R2_2004_01_ORIG_MID--AUDIO_19_R2_2004_03_Track03_wav.wav,data\raw\maestro-v3.0.0\2004\MIDI-Unprocessed_XP_19_R2_2004_01_ORIG_MID--AUDIO_19_R2_2004_03_Track03_wav.midi,data\raw\maestro-v3.0.0\2004\MIDI-Unprocessed_XP_19_R2_2004_01_ORIG_MID--AUDIO_19_R2_2004_03_Track03_wav.wav,train,franz_schubert__sonata_in_c_minor_d958,Romantic,2
track_000440,Franz Schubert,"Sonata in C Minor, D958",2004,463.915298113,2004/MIDI-Unprocessed_XP_22_R2_2004_01_ORIG_MID--AUDIO_22_R2_2004_01_Track01_wav.midi,2004/MIDI-Unprocessed_XP_22_R2_2004_01_ORIG_MID--AUDIO_22_R2_2004_01_Track01_wav.wav,data\raw\maestro-v3.0.0\2004\MIDI-Unprocessed_XP_22_R2_2004_01_ORIG_MID--AUDIO_22_R2_2004_01_Track01_wav.midi,data\raw\maestro-v3.0.0\2004\MIDI-Unprocessed_XP_22_R2_2004_01_ORIG_MID--AUDIO_22_R2_2004_01_Track01_wav.wav,train,franz_schubert__sonata_in_c_minor_d958,Romantic,2
track_000441,Franz Schubert,"Sonata in C Minor, D958",2004,466.286017615,2004/MIDI-Unprocessed_XP_22_R2_2004_01_ORIG_MID--AUDIO_22_R2_2004_02_Track02_wav.midi,2004/MIDI-Unprocessed_XP_22_R2_2004_01_ORIG_MID--AUDIO_22_R2_2004_02_Track02_wav.wav,data\raw\maestro-v3.0.0\2004\MIDI-Unprocessed_XP_22_R2_2004_01_ORIG_MID--AUDIO_22_R2_2004_02_Track02_wav.midi,data\raw\maestro-v3.0.0\2004\MIDI-Unprocessed_XP_22_R2_2004_01_ORIG_MID--AUDIO_22_R2_2004_02_Track02_wav.wav,train,franz_schubert__sonata_in_c_minor_d958,Romantic,2
track_000442,Franz Schubert,"Sonata in C Minor, D958",2004,152.737797285,2004/MIDI-Unprocessed_XP_22_R2_2004_01_ORIG_MID--AUDIO_22_R2_2004_03_Track03_wav.midi,2004/MIDI-Unprocessed_XP_22_R2_2004_01_ORIG_MID--AUDIO_22_R2_2004_03_Track03_wav.wav,data\raw\maestro-v3.0.0\2004\MIDI-Unprocessed_XP_22_R2_2004_01_ORIG_MID--AUDIO_22_R2_2004_03_Track03_wav.midi,data\raw\maestro-v3.0.0\2004\MIDI-Unprocessed_XP_22_R2_2004_01_ORIG_MID--AUDIO_22_R2_2004_03_Track03_wav.wav,train,franz_schubert__sonata_in_c_minor_d958,Romantic,2
track_000443,Franz Schubert,"Sonata in C Minor, D958",2004,547.810349767,2004/MIDI-Unprocessed_XP_22_R2_2004_01_ORIG_MID--AUDIO_22_R2_2004_04_Track04_wav.midi,2004/MIDI-Unprocessed_XP_22_R2_2004_01_ORIG_MID--AUDIO_22_R2_2004_04_Track04_wav.wav,data\raw\maestro-v3.0.0\2004\MIDI-Unprocessed_XP_22_R2_2004_01_ORIG_MID--AUDIO_22_R2_2004_04_Track04_wav.midi,data\raw\maestro-v3.0.0\2004\MIDI-Unprocessed_XP_22_R2_2004_01_ORIG_MID--AUDIO_22_R2_2004_04_Track04_wav.wav,train,franz_schubert__sonata_in_c_minor_d958,Romantic,2
track_000444,Franz Schubert,"Sonata in C Minor, D958",2018,1743.52523297,2018/MIDI-Unprocessed_Schubert1-3_MID--AUDIO_05_R2_2018_wav.midi,2018/MIDI-Unprocessed_Schubert1-3_MID--AUDIO_05_R2_2018_wav.wav,data\raw\maestro-v3.0.0\2018\MIDI-Unprocessed_Schubert1-3_MID--AUDIO_05_R2_2018_wav.midi,data\raw\maestro-v3.0.0\2018\MIDI-Unprocessed_Schubert1-3_MID--AUDIO_05_R2_2018_wav.wav,train,franz_schubert__sonata_in_c_minor_d958,Romantic,2
track_000445,Franz Schubert,"Sonata in C Minor, D958",2018,1749.02602875,2018/MIDI-Unprocessed_Schubert4-6_MID--AUDIO_08_R2_2018_wav.midi,2018/MIDI-Unprocessed_Schubert4-6_MID--AUDIO_08_R2_2018_wav.wav,data\raw\maestro-v3.0.0\2018\MIDI-Unprocessed_Schubert4-6_MID--AUDIO_08_R2_2018_wav.midi,data\raw\maestro-v3.0.0\2018\MIDI-Unprocessed_Schubert4-6_MID--AUDIO_08_R2_2018_wav.wav,train,franz_schubert__sonata_in_c_minor_d958,Romantic,2
track_000446,Franz Schubert,"Sonata in C Minor, D958",2018,1631.10547359,2018/MIDI-Unprocessed_Schubert7-9_MID--AUDIO_11_R2_2018_wav.midi,2018/MIDI-Unprocessed_Schubert7-9_MID--AUDIO_11_R2_2018_wav.wav,data\raw\maestro-v3.0.0\2018\MIDI-Unprocessed_Schubert7-9_MID--AUDIO_11_R2_2018_wav.midi,data\raw\maestro-v3.0.0\2018\MIDI-Unprocessed_Schubert7-9_MID--AUDIO_11_R2_2018_wav.wav,train,franz_schubert__sonata_in_c_minor_d958,Romantic,2
track_000447,Franz Schubert,"Sonata in C Minor, D958",2018,1758.36229078,2018/MIDI-Unprocessed_Schubert7-9_MID--AUDIO_16_R2_2018_wav.midi,2018/MIDI-Unprocessed_Schubert7-9_MID--AUDIO_16_R2_2018_wav.wav,data\raw\maestro-v3.0.0\2018\MIDI-Unprocessed_Schubert7-9_MID--AUDIO_16_R2_2018_wav.midi,data\raw\maestro-v3.0.0\2018\MIDI-Unprocessed_Schubert7-9_MID--AUDIO_16_R2_2018_wav.wav,train,franz_schubert__sonata_in_c_minor_d958,Romantic,2
track_000448,Franz Schubert,"Sonata in C major, D. 840 (Complete)",2014,1579.19446781,2014/MIDI-UNPROCESSED_19-20-21_R2_2014_MID--AUDIO_20_R2_2014_wav.midi,2014/MIDI-UNPROCESSED_19-20-21_R2_2014_MID--AUDIO_20_R2_2014_wav.wav,data\raw\maestro-v3.0.0\2014\MIDI-UNPROCESSED_19-20-21_R2_2014_MID--AUDIO_20_R2_2014_wav.midi,data\raw\maestro-v3.0.0\2014\MIDI-UNPROCESSED_19-20-21_R2_2014_MID--AUDIO_20_R2_2014_wav.wav,test,franz_schubert__sonata_in_c_major_d_840_complete,Romantic,2
track_000449,Franz Schubert,"Sonata in D Major, D. 850 (Complete)",2014,1974.04316484,2014/MIDI-UNPROCESSED_04-07-08-10-12-15-17_R2_2014_MID--AUDIO_10_R2_2014_wav.midi,2014/MIDI-UNPROCESSED_04-07-08-10-12-15-17_R2_2014_MID--AUDIO_10_R2_2014_wav.wav,data\raw\maestro-v3.0.0\2014\MIDI-UNPROCESSED_04-07-08-10-12-15-17_R2_2014_MID--AUDIO_10_R2_2014_wav.midi,data\raw\maestro-v3.0.0\2014\MIDI-UNPROCESSED_04-07-08-10-12-15-17_R2_2014_MID--AUDIO_10_R2_2014_wav.wav,train,franz_schubert__sonata_in_d_major_d_850_complete,Romantic,2
track_000450,Franz Schubert,"Sonata in D Major, D850",2004,396.018062513,2004/MIDI-Unprocessed_XP_15_R2_2004_01_ORIG_MID--AUDIO_15_R2_2004_01_Track01_wav.midi,2004/MIDI-Unprocessed_XP_15_R2_2004_01_ORIG_MID--AUDIO_15_R2_2004_01_Track01_wav.wav,data\raw\maestro-v3.0.0\2004\MIDI-Unprocessed_XP_15_R2_2004_01_ORIG_MID--AUDIO_15_R2_2004_01_Track01_wav.midi,data\raw\maestro-v3.0.0\2004\MIDI-Unprocessed_XP_15_R2_2004_01_ORIG_MID--AUDIO_15_R2_2004_01_Track01_wav.wav,train,franz_schubert__sonata_in_d_major_d850,Romantic,2
track_000451,Franz Schubert,"Sonata in D Major, D850",2004,682.401833062,2004/MIDI-Unprocessed_XP_15_R2_2004_01_ORIG_MID--AUDIO_15_R2_2004_02_Track02_wav.midi,2004/MIDI-Unprocessed_XP_15_R2_2004_01_ORIG_MID--AUDIO_15_R2_2004_02_Track02_wav.wav,data\raw\maestro-v3.0.0\2004\MIDI-Unprocessed_XP_15_R2_2004_01_ORIG_MID--AUDIO_15_R2_2004_02_Track02_wav.midi,data\raw\maestro-v3.0.0\2004\MIDI-Unprocessed_XP_15_R2_2004_01_ORIG_MID--AUDIO_15_R2_2004_02_Track02_wav.wav,train,franz_schubert__sonata_in_d_major_d850,Romantic,2
track_000452,Franz Schubert,"Sonata in D Major, D850",2004,351.6399883,2004/MIDI-Unprocessed_XP_15_R2_2004_01_ORIG_MID--AUDIO_15_R2_2004_03_Track03_wav.midi,2004/MIDI-Unprocessed_XP_15_R2_2004_01_ORIG_MID--AUDIO_15_R2_2004_03_Track03_wav.wav,data\raw\maestro-v3.0.0\2004\MIDI-Unprocessed_XP_15_R2_2004_01_ORIG_MID--AUDIO_15_R2_2004_03_Track03_wav.midi,data\raw\maestro-v3.0.0\2004\MIDI-Unprocessed_XP_15_R2_2004_01_ORIG_MID--AUDIO_15_R2_2004_03_Track03_wav.wav,train,franz_schubert__sonata_in_d_major_d850,Romantic,2
track_000453,Franz Schubert,"Sonata in D Major, D850",2004,440.98053671,2004/MIDI-Unprocessed_XP_15_R2_2004_01_ORIG_MID--AUDIO_15_R2_2004_04_Track04_wav.midi,2004/MIDI-Unprocessed_XP_15_R2_2004_01_ORIG_MID--AUDIO_15_R2_2004_04_Track04_wav.wav,data\raw\maestro-v3.0.0\2004\MIDI-Unprocessed_XP_15_R2_2004_01_ORIG_MID--AUDIO_15_R2_2004_04_Track04_wav.midi,data\raw\maestro-v3.0.0\2004\MIDI-Unprocessed_XP_15_R2_2004_01_ORIG_MID--AUDIO_15_R2_2004_04_Track04_wav.wav,train,franz_schubert__sonata_in_d_major_d850,Romantic,2
track_000454,Franz Schubert,"Sonata in D Major, D850",2018,2346.84060188,2018/MIDI-Unprocessed_Schubert10-12_MID--AUDIO_20_R2_2018_wav.midi,2018/MIDI-Unprocessed_Schubert10-12_MID--AUDIO_20_R2_2018_wav.wav,data\raw\maestro-v3.0.0\2018\MIDI-Unprocessed_Schubert10-12_MID--AUDIO_20_R2_2018_wav.midi,data\raw\maestro-v3.0.0\2018\MIDI-Unprocessed_Schubert10-12_MID--AUDIO_20_R2_2018_wav.wav,train,franz_schubert__sonata_in_d_major_d850,Romantic,2
track_000455,Franz Schubert,Sonata in G Major D894,2018,2076.61384219,2018/MIDI-Unprocessed_Schubert7-9_MID--AUDIO_15_R2_2018_wav.midi,2018/MIDI-Unprocessed_Schubert7-9_MID--AUDIO_15_R2_2018_wav.wav,data\raw\maestro-v3.0.0\2018\MIDI-Unprocessed_Schubert7-9_MID--AUDIO_15_R2_2018_wav.midi,data\raw\maestro-v3.0.0\2018\MIDI-Unprocessed_Schubert7-9_MID--AUDIO_15_R2_2018_wav.wav,train,franz_schubert__sonata_in_g_major_d894,Romantic,2
track_000456,Franz Schubert,Sonata in G Major D894,2018,1898.29804828,2018/MIDI-Unprocessed_Schubert10-12_MID--AUDIO_17_R2_2018_wav.midi,2018/MIDI-Unprocessed_Schubert10-12_MID--AUDIO_17_R2_2018_wav.wav,data\raw\maestro-v3.0.0\2018\MIDI-Unprocessed_Schubert10-12_MID--AUDIO_17_R2_2018_wav.midi,data\raw\maestro-v3.0.0\2018\MIDI-Unprocessed_Schubert10-12_MID--AUDIO_17_R2_2018_wav.wav,train,franz_schubert__sonata_in_g_major_d894,Romantic,2
track_000457,Franz Schubert,Sonata in G Major D894,2018,1990.15425984,2018/MIDI-Unprocessed_Schubert10-12_MID--AUDIO_18_R2_2018_wav.midi,2018/MIDI-Unprocessed_Schubert10-12_MID--AUDIO_18_R2_2018_wav.wav,data\raw\maestro-v3.0.0\2018\MIDI-Unprocessed_Schubert10-12_MID--AUDIO_18_R2_2018_wav.midi,data\raw\maestro-v3.0.0\2018\MIDI-Unprocessed_Schubert10-12_MID--AUDIO_18_R2_2018_wav.wav,train,franz_schubert__sonata_in_g_major_d894,Romantic,2
track_000458,Franz Schubert,"Sonata in G Major, D 894",2004,749.203986423,2004/MIDI-Unprocessed_XP_17_R2_2004_01_ORIG_MID--AUDIO_17_R2_2004_01_Track01_wav.midi,2004/MIDI-Unprocessed_XP_17_R2_2004_01_ORIG_MID--AUDIO_17_R2_2004_01_Track01_wav.wav,data\raw\maestro-v3.0.0\2004\MIDI-Unprocessed_XP_17_R2_2004_01_ORIG_MID--AUDIO_17_R2_2004_01_Track01_wav.midi,data\raw\maestro-v3.0.0\2004\MIDI-Unprocessed_XP_17_R2_2004_01_ORIG_MID--AUDIO_17_R2_2004_01_Track01_wav.wav,train,franz_schubert__sonata_in_g_major_d_894,Romantic,2
track_000459,Franz Schubert,"Sonata in G Major, D 894",2004,417.901544965,2004/MIDI-Unprocessed_XP_17_R2_2004_01_ORIG_MID--AUDIO_17_R2_2004_02_Track02_wav.midi,2004/MIDI-Unprocessed_XP_17_R2_2004_01_ORIG_MID--AUDIO_17_R2_2004_02_Track02_wav.wav,data\raw\maestro-v3.0.0\2004\MIDI-Unprocessed_XP_17_R2_2004_01_ORIG_MID--AUDIO_17_R2_2004_02_Track02_wav.midi,data\raw\maestro-v3.0.0\2004\MIDI-Unprocessed_XP_17_R2_2004_01_ORIG_MID--AUDIO_17_R2_2004_02_Track02_wav.wav,train,franz_schubert__sonata_in_g_major_d_894,Romantic,2
track_000460,Franz Schubert,"Sonata in G Major, D 894",2004,224.28886826,2004/MIDI-Unprocessed_XP_17_R2_2004_01_ORIG_MID--AUDIO_17_R2_2004_03_Track03_wav.midi,2004/MIDI-Unprocessed_XP_17_R2_2004_01_ORIG_MID--AUDIO_17_R2_2004_03_Track03_wav.wav,data\raw\maestro-v3.0.0\2004\MIDI-Unprocessed_XP_17_R2_2004_01_ORIG_MID--AUDIO_17_R2_2004_03_Track03_wav.midi,data\raw\maestro-v3.0.0\2004\MIDI-Unprocessed_XP_17_R2_2004_01_ORIG_MID--AUDIO_17_R2_2004_03_Track03_wav.wav,train,franz_schubert__sonata_in_g_major_d_894,Romantic,2
track_000461,Franz Schubert,"Sonata in G Major, D 894",2004,506.776282783,2004/MIDI-Unprocessed_XP_17_R2_2004_01_ORIG_MID--AUDIO_17_R2_2004_04_Track04_wav.midi,2004/MIDI-Unprocessed_XP_17_R2_2004_01_ORIG_MID--AUDIO_17_R2_2004_04_Track04_wav.wav,data\raw\maestro-v3.0.0\2004\MIDI-Unprocessed_XP_17_R2_2004_01_ORIG_MID--AUDIO_17_R2_2004_04_Track04_wav.midi,data\raw\maestro-v3.0.0\2004\MIDI-Unprocessed_XP_17_R2_2004_01_ORIG_MID--AUDIO_17_R2_2004_04_Track04_wav.wav,train,franz_schubert__sonata_in_g_major_d_894,Romantic,2
track_000462,Franz Schubert,"Sonata in G Major, D. 894",2009,774.434321719,2009/MIDI-Unprocessed_08_R2_2009_01_ORIG_MID--AUDIO_08_R2_2009_08_R2_2009_01_WAV.midi,2009/MIDI-Unprocessed_08_R2_2009_01_ORIG_MID--AUDIO_08_R2_2009_08_R2_2009_01_WAV.wav,data\raw\maestro-v3.0.0\2009\MIDI-Unprocessed_08_R2_2009_01_ORIG_MID--AUDIO_08_R2_2009_08_R2_2009_01_WAV.midi,data\raw\maestro-v3.0.0\2009\MIDI-Unprocessed_08_R2_2009_01_ORIG_MID--AUDIO_08_R2_2009_08_R2_2009_01_WAV.wav,train,franz_schubert__sonata_in_g_major_d_894,Romantic,2
track_000463,Franz Schubert,"Sonata in G Major, D. 894",2009,928.51402875,2009/MIDI-Unprocessed_19_R2_2009_01_ORIG_MID--AUDIO_19_R2_2009_19_R2_2009_01_WAV.midi,2009/MIDI-Unprocessed_19_R2_2009_01_ORIG_MID--AUDIO_19_R2_2009_19_R2_2009_01_WAV.wav,data\raw\maestro-v3.0.0\2009\MIDI-Unprocessed_19_R2_2009_01_ORIG_MID--AUDIO_19_R2_2009_19_R2_2009_01_WAV.midi,data\raw\maestro-v3.0.0\2009\MIDI-Unprocessed_19_R2_2009_01_ORIG_MID--AUDIO_19_R2_2009_19_R2_2009_01_WAV.wav,train,franz_schubert__sonata_in_g_major_d_894,Romantic,2
track_000464,Franz Schubert,"Sonata in G Major, D. 895",2009,410.555145,2009/MIDI-Unprocessed_08_R2_2009_01_ORIG_MID--AUDIO_08_R2_2009_08_R2_2009_02_WAV.midi,2009/MIDI-Unprocessed_08_R2_2009_01_ORIG_MID--AUDIO_08_R2_2009_08_R2_2009_02_WAV.wav,data\raw\maestro-v3.0.0\2009\MIDI-Unprocessed_08_R2_2009_01_ORIG_MID--AUDIO_08_R2_2009_08_R2_2009_02_WAV.midi,data\raw\maestro-v3.0.0\2009\MIDI-Unprocessed_08_R2_2009_01_ORIG_MID--AUDIO_08_R2_2009_08_R2_2009_02_WAV.wav,train,franz_schubert__sonata_in_g_major_d_895,Romantic,2
track_000465,Franz Schubert,"Sonata in G Major, D. 895",2009,459.31578,2009/MIDI-Unprocessed_19_R2_2009_01_ORIG_MID--AUDIO_19_R2_2009_19_R2_2009_02_WAV.midi,2009/MIDI-Unprocessed_19_R2_2009_01_ORIG_MID--AUDIO_19_R2_2009_19_R2_2009_02_WAV.wav,data\raw\maestro-v3.0.0\2009\MIDI-Unprocessed_19_R2_2009_01_ORIG_MID--AUDIO_19_R2_2009_19_R2_2009_02_WAV.midi,data\raw\maestro-v3.0.0\2009\MIDI-Unprocessed_19_R2_2009_01_ORIG_MID--AUDIO_19_R2_2009_19_R2_2009_02_WAV.wav,train,franz_schubert__sonata_in_g_major_d_895,Romantic,2
track_000466,Franz Schubert,"Sonata in G Major, D. 896",2009,227.10447375,2009/MIDI-Unprocessed_08_R2_2009_01_ORIG_MID--AUDIO_08_R2_2009_08_R2_2009_03_WAV.midi,2009/MIDI-Unprocessed_08_R2_2009_01_ORIG_MID--AUDIO_08_R2_2009_08_R2_2009_03_WAV.wav,data\raw\maestro-v3.0.0\2009\MIDI-Unprocessed_08_R2_2009_01_ORIG_MID--AUDIO_08_R2_2009_08_R2_2009_03_WAV.midi,data\raw\maestro-v3.0.0\2009\MIDI-Unprocessed_08_R2_2009_01_ORIG_MID--AUDIO_08_R2_2009_08_R2_2009_03_WAV.wav,train,franz_schubert__sonata_in_g_major_d_896,Romantic,2
track_000467,Franz Schubert,"Sonata in G Major, D. 896",2009,241.472782031,2009/MIDI-Unprocessed_19_R2_2009_01_ORIG_MID--AUDIO_19_R2_2009_19_R2_2009_03_WAV.midi,2009/MIDI-Unprocessed_19_R2_2009_01_ORIG_MID--AUDIO_19_R2_2009_19_R2_2009_03_WAV.wav,data\raw\maestro-v3.0.0\2009\MIDI-Unprocessed_19_R2_2009_01_ORIG_MID--AUDIO_19_R2_2009_19_R2_2009_03_WAV.midi,data\raw\maestro-v3.0.0\2009\MIDI-Unprocessed_19_R2_2009_01_ORIG_MID--AUDIO_19_R2_2009_19_R2_2009_03_WAV.wav,train,franz_schubert__sonata_in_g_major_d_896,Romantic,2
track_000468,Franz Schubert,"Sonata in G Major, D. 897",2009,513.018984844,2009/MIDI-Unprocessed_08_R2_2009_01_ORIG_MID--AUDIO_08_R2_2009_08_R2_2009_04_WAV.midi,2009/MIDI-Unprocessed_08_R2_2009_01_ORIG_MID--AUDIO_08_R2_2009_08_R2_2009_04_WAV.wav,data\raw\maestro-v3.0.0\2009\MIDI-Unprocessed_08_R2_2009_01_ORIG_MID--AUDIO_08_R2_2009_08_R2_2009_04_WAV.midi,data\raw\maestro-v3.0.0\2009\MIDI-Unprocessed_08_R2_2009_01_ORIG_MID--AUDIO_08_R2_2009_08_R2_2009_04_WAV.wav,train,franz_schubert__sonata_in_g_major_d_897,Romantic,2
track_000469,Franz Schubert,"Sonata in G Major, D. 897",2009,460.102371094,2009/MIDI-Unprocessed_19_R2_2009_01_ORIG_MID--AUDIO_19_R2_2009_19_R2_2009_04_WAV.midi,2009/MIDI-Unprocessed_19_R2_2009_01_ORIG_MID--AUDIO_19_R2_2009_19_R2_2009_04_WAV.wav,data\raw\maestro-v3.0.0\2009\MIDI-Unprocessed_19_R2_2009_01_ORIG_MID--AUDIO_19_R2_2009_19_R2_2009_04_WAV.midi,data\raw\maestro-v3.0.0\2009\MIDI-Unprocessed_19_R2_2009_01_ORIG_MID--AUDIO_19_R2_2009_19_R2_2009_04_WAV.wav,train,franz_schubert__sonata_in_g_major_d_897,Romantic,2
track_000470,Franz Schubert,"Sonata in G Major, D894",2004,1025.03650605,2004/MIDI-Unprocessed_XP_04_R2_2004_01_ORIG_MID--AUDIO_04_R2_2004_01_Track01_wav.midi,2004/MIDI-Unprocessed_XP_04_R2_2004_01_ORIG_MID--AUDIO_04_R2_2004_01_Track01_wav.wav,data\raw\maestro-v3.0.0\2004\MIDI-Unprocessed_XP_04_R2_2004_01_ORIG_MID--AUDIO_04_R2_2004_01_Track01_wav.midi,data\raw\maestro-v3.0.0\2004\MIDI-Unprocessed_XP_04_R2_2004_01_ORIG_MID--AUDIO_04_R2_2004_01_Track01_wav.wav,train,franz_schubert__sonata_in_g_major_d894,Romantic,2
track_000471,Franz Schubert,"Sonata in G Major, D894",2004,1298.3273665,2004/MIDI-Unprocessed_XP_04_R2_2004_01_ORIG_MID--AUDIO_04_R2_2004_02_Track02_wav.midi,2004/MIDI-Unprocessed_XP_04_R2_2004_01_ORIG_MID--AUDIO_04_R2_2004_02_Track02_wav.wav,data\raw\maestro-v3.0.0\2004\MIDI-Unprocessed_XP_04_R2_2004_01_ORIG_MID--AUDIO_04_R2_2004_02_Track02_wav.midi,data\raw\maestro-v3.0.0\2004\MIDI-Unprocessed_XP_04_R2_2004_01_ORIG_MID--AUDIO_04_R2_2004_02_Track02_wav.wav,train,franz_schubert__sonata_in_g_major_d894,Romantic,2
track_000472,Franz Schubert,"Sonata in G Major, D894",2004,754.754183725,2004/MIDI-Unprocessed_XP_20_R2_2004_01_ORIG_MID--AUDIO_20_R1_2004_01_Track01_wav.midi,2004/MIDI-Unprocessed_XP_20_R2_2004_01_ORIG_MID--AUDIO_20_R1_2004_01_Track01_wav.wav,data\raw\maestro-v3.0.0\2004\MIDI-Unprocessed_XP_20_R2_2004_01_ORIG_MID--AUDIO_20_R1_2004_01_Track01_wav.midi,data\raw\maestro-v3.0.0\2004\MIDI-Unprocessed_XP_20_R2_2004_01_ORIG_MID--AUDIO_20_R1_2004_01_Track01_wav.wav,train,franz_schubert__sonata_in_g_major_d894,Romantic,2
track_000473,Franz Schubert,"Sonata in G Major, D894",2004,433.1782093,2004/MIDI-Unprocessed_XP_20_R2_2004_01_ORIG_MID--AUDIO_20_R1_2004_02_Track02_wav.midi,2004/MIDI-Unprocessed_XP_20_R2_2004_01_ORIG_MID--AUDIO_20_R1_2004_02_Track02_wav.wav,data\raw\maestro-v3.0.0\2004\MIDI-Unprocessed_XP_20_R2_2004_01_ORIG_MID--AUDIO_20_R1_2004_02_Track02_wav.midi,data\raw\maestro-v3.0.0\2004\MIDI-Unprocessed_XP_20_R2_2004_01_ORIG_MID--AUDIO_20_R1_2004_02_Track02_wav.wav,train,franz_schubert__sonata_in_g_major_d894,Romantic,2
track_000474,Franz Schubert,"Sonata in G Major, D894",2004,685.919985077,2004/MIDI-Unprocessed_XP_20_R2_2004_01_ORIG_MID--AUDIO_20_R1_2004_03_Track03_wav.midi,2004/MIDI-Unprocessed_XP_20_R2_2004_01_ORIG_MID--AUDIO_20_R1_2004_03_Track03_wav.wav,data\raw\maestro-v3.0.0\2004\MIDI-Unprocessed_XP_20_R2_2004_01_ORIG_MID--AUDIO_20_R1_2004_03_Track03_wav.midi,data\raw\maestro-v3.0.0\2004\MIDI-Unprocessed_XP_20_R2_2004_01_ORIG_MID--AUDIO_20_R1_2004_03_Track03_wav.wav,train,franz_schubert__sonata_in_g_major_d894,Romantic,2
track_000475,Franz Schubert,Valse-Caprice No. 6 from Soirees de Vienne,2009,442.276534219,2009/MIDI-Unprocessed_03_R1_2009_03-08_ORIG_MID--AUDIO_03_R1_2009_03_R1_2009_03_WAV.midi,2009/MIDI-Unprocessed_03_R1_2009_03-08_ORIG_MID--AUDIO_03_R1_2009_03_R1_2009_03_WAV.wav,data\raw\maestro-v3.0.0\2009\MIDI-Unprocessed_03_R1_2009_03-08_ORIG_MID--AUDIO_03_R1_2009_03_R1_2009_03_WAV.midi,data\raw\maestro-v3.0.0\2009\MIDI-Unprocessed_03_R1_2009_03-08_ORIG_MID--AUDIO_03_R1_2009_03_R1_2009_03_WAV.wav,test,franz_schubert__valse_caprice_no_6_from_soirees_de_vienne,Romantic,2
track_000476,Franz Schubert,Wanderer Fantasy,2006,1263.03426047,2006/MIDI-Unprocessed_10_R1_2006_01-04_ORIG_MID--AUDIO_10_R1_2006_03_Track03_wav.midi,2006/MIDI-Unprocessed_10_R1_2006_01-04_ORIG_MID--AUDIO_10_R1_2006_03_Track03_wav.wav,data\raw\maestro-v3.0.0\2006\MIDI-Unprocessed_10_R1_2006_01-04_ORIG_MID--AUDIO_10_R1_2006_03_Track03_wav.midi,data\raw\maestro-v3.0.0\2006\MIDI-Unprocessed_10_R1_2006_01-04_ORIG_MID--AUDIO_10_R1_2006_03_Track03_wav.wav,test,franz_schubert__wanderer_fantasy,Romantic,2
track_000489,Frédéric Chopin,"12 Etudes, Op. 25",2004,1409.28857763,2004/MIDI-Unprocessed_SMF_05_R1_2004_01_ORIG_MID--AUDIO_05_R1_2004_02_Track02_wav.midi,2004/MIDI-Unprocessed_SMF_05_R1_2004_01_ORIG_MID--AUDIO_05_R1_2004_02_Track02_wav.wav,data\raw\maestro-v3.0.0\2004\MIDI-Unprocessed_SMF_05_R1_2004_01_ORIG_MID--AUDIO_05_R1_2004_02_Track02_wav.midi,data\raw\maestro-v3.0.0\2004\MIDI-Unprocessed_SMF_05_R1_2004_01_ORIG_MID--AUDIO_05_R1_2004_02_Track02_wav.wav,train,fr_d_ric_chopin__12_etudes_op_25,Romantic,2
track_000490,Frédéric Chopin,"12 Etudes, Op. 25",2004,327.327025835,2004/MIDI-Unprocessed_SMF_05_R1_2004_01_ORIG_MID--AUDIO_05_R1_2004_03_Track03_wav.midi,2004/MIDI-Unprocessed_SMF_05_R1_2004_01_ORIG_MID--AUDIO_05_R1_2004_03_Track03_wav.wav,data\raw\maestro-v3.0.0\2004\MIDI-Unprocessed_SMF_05_R1_2004_01_ORIG_MID--AUDIO_05_R1_2004_03_Track03_wav.midi,data\raw\maestro-v3.0.0\2004\MIDI-Unprocessed_SMF_05_R1_2004_01_ORIG_MID--AUDIO_05_R1_2004_03_Track03_wav.wav,train,fr_d_ric_chopin__12_etudes_op_25,Romantic,2
track_000491,Frédéric Chopin,"24 Preludes, Op. 28",2004,2398.64035989,2004/MIDI-Unprocessed_XP_06_R1_2004_01_ORIG_MID--AUDIO_06_R1_2004_01_Track01_wav.midi,2004/MIDI-Unprocessed_XP_06_R1_2004_01_ORIG_MID--AUDIO_06_R1_2004_01_Track01_wav.wav,data\raw\maestro-v3.0.0\2004\MIDI-Unprocessed_XP_06_R1_2004_01_ORIG_MID--AUDIO_06_R1_2004_01_Track01_wav.midi,data\raw\maestro-v3.0.0\2004\MIDI-Unprocessed_XP_06_R1_2004_01_ORIG_MID--AUDIO_06_R1_2004_01_Track01_wav.wav,train,fr_d_ric_chopin__24_preludes_op_28,Romantic,2
track_000492,Frédéric Chopin,"Andante Spianato and Grand Polonaise Brilliante, Op. 22",2008,809.804211563,2008/MIDI-Unprocessed_10_R3_2008_01-05_ORIG_MID--AUDIO_10_R3_2008_wav--5.midi,2008/MIDI-Unprocessed_10_R3_2008_01-05_ORIG_MID--AUDIO_10_R3_2008_wav--5.wav,data\raw\maestro-v3.0.0\2008\MIDI-Unprocessed_10_R3_2008_01-05_ORIG_MID--AUDIO_10_R3_2008_wav--5.midi,data\raw\maestro-v3.0.0\2008\MIDI-Unprocessed_10_R3_2008_01-05_ORIG_MID--AUDIO_10_R3_2008_wav--5.wav,train,fr_d_ric_chopin__andante_spianato_and_grand_polonaise_brilliante_op_22,Romantic,2
track_000493,Frédéric Chopin,"Andante Spianato and Grand Polonaise Brilliante, Op. 22",2008,819.874981406,2008/MIDI-Unprocessed_11_R3_2008_01-04_ORIG_MID--AUDIO_11_R3_2008_wav--4.midi,2008/MIDI-Unprocessed_11_R3_2008_01-04_ORIG_MID--AUDIO_11_R3_2008_wav--4.wav,data\raw\maestro-v3.0.0\2008\MIDI-Unprocessed_11_R3_2008_01-04_ORIG_MID--AUDIO_11_R3_2008_wav--4.midi,data\raw\maestro-v3.0.0\2008\MIDI-Unprocessed_11_R3_2008_01-04_ORIG_MID--AUDIO_11_R3_2008_wav--4.wav,train,fr_d_ric_chopin__andante_spianato_and_grand_polonaise_brilliante_op_22,Romantic,2
track_000494,Frédéric Chopin,"Andante Spianato and Grande Polonaise Brillante, Op. 22",2009,779.574540938,2009/MIDI-Unprocessed_13_R1_2009_01-03_ORIG_MID--AUDIO_13_R1_2009_13_R1_2009_03_WAV.midi,2009/MIDI-Unprocessed_13_R1_2009_01-03_ORIG_MID--AUDIO_13_R1_2009_13_R1_2009_03_WAV.wav,data\raw\maestro-v3.0.0\2009\MIDI-Unprocessed_13_R1_2009_01-03_ORIG_MID--AUDIO_13_R1_2009_13_R1_2009_03_WAV.midi,data\raw\maestro-v3.0.0\2009\MIDI-Unprocessed_13_R1_2009_01-03_ORIG_MID--AUDIO_13_R1_2009_13_R1_2009_03_WAV.wav,train,fr_d_ric_chopin__andante_spianato_and_grande_polonaise_brillante_op_22,Romantic,2
track_000495,Frédéric Chopin,"Andante Spianato and Grande Polonaise Brillante, Op. 22",2009,794.2513425,2009/MIDI-Unprocessed_21_R1_2009_01-03_ORIG_MID--AUDIO_21_R1_2009_21_R1_2009_03_WAV.midi,2009/MIDI-Unprocessed_21_R1_2009_01-03_ORIG_MID--AUDIO_21_R1_2009_21_R1_2009_03_WAV.wav,data\raw\maestro-v3.0.0\2009\MIDI-Unprocessed_21_R1_2009_01-03_ORIG_MID--AUDIO_21_R1_2009_21_R1_2009_03_WAV.midi,data\raw\maestro-v3.0.0\2009\MIDI-Unprocessed_21_R1_2009_01-03_ORIG_MID--AUDIO_21_R1_2009_21_R1_2009_03_WAV.wav,train,fr_d_ric_chopin__andante_spianato_and_grande_polonaise_brillante_op_22,Romantic,2
track_000496,Frédéric Chopin,"Andante Spianato et Grande Polonaise Brillante, Op. 22",2011,802.590009375,2011/MIDI-Unprocessed_04_R3_2011_MID--AUDIO_R3-D2_06_Track06_wav.midi,2011/MIDI-Unprocessed_04_R3_2011_MID--AUDIO_R3-D2_06_Track06_wav.wav,data\raw\maestro-v3.0.0\2011\MIDI-Unprocessed_04_R3_2011_MID--AUDIO_R3-D2_06_Track06_wav.midi,data\raw\maestro-v3.0.0\2011\MIDI-Unprocessed_04_R3_2011_MID--AUDIO_R3-D2_06_Track06_wav.wav,train,fr_d_ric_chopin__andante_spianato_et_grande_polonaise_brillante_op_22,Romantic,2
track_000497,Frédéric Chopin,"Andante Spianato et Grande Polonaise Brillante, Op. 22",2011,761.139730313,2011/MIDI-Unprocessed_06_R1_2011_MID--AUDIO_R1-D2_17_Track17_wav.midi,2011/MIDI-Unprocessed_06_R1_2011_MID--AUDIO_R1-D2_17_Track17_wav.wav,data\raw\maestro-v3.0.0\2011\MIDI-Unprocessed_06_R1_2011_MID--AUDIO_R1-D2_17_Track17_wav.midi,data\raw\maestro-v3.0.0\2011\MIDI-Unprocessed_06_R1_2011_MID--AUDIO_R1-D2_17_Track17_wav.wav,train,fr_d_ric_chopin__andante_spianato_et_grande_polonaise_brillante_op_22,Romantic,2
track_000498,Frédéric Chopin,"Andante spianato e grande polonaise, Op. 22",2017,829.847429454,2017/MIDI-Unprocessed_071_PIANO071_MID--AUDIO-split_07-08-17_Piano-e_1-04_wav--3.midi,2017/MIDI-Unprocessed_071_PIANO071_MID--AUDIO-split_07-08-17_Piano-e_1-04_wav--3.wav,data\raw\maestro-v3.0.0\2017\MIDI-Unprocessed_071_PIANO071_MID--AUDIO-split_07-08-17_Piano-e_1-04_wav--3.midi,data\raw\maestro-v3.0.0\2017\MIDI-Unprocessed_071_PIANO071_MID--AUDIO-split_07-08-17_Piano-e_1-04_wav--3.wav,train,fr_d_ric_chopin__andante_spianato_e_grande_polonaise_op_22,Romantic,2
track_000499,Frédéric Chopin,"Andante spianato e grande polonaise, Op. 22",2017,824.448951633,2017/MIDI-Unprocessed_082_PIANO082_MID--AUDIO-split_07-09-17_Piano-e_2_-04_wav--2.midi,2017/MIDI-Unprocessed_082_PIANO082_MID--AUDIO-split_07-09-17_Piano-e_2_-04_wav--2.wav,data\raw\maestro-v3.0.0\2017\MIDI-Unprocessed_082_PIANO082_MID--AUDIO-split_07-09-17_Piano-e_2_-04_wav--2.midi,data\raw\maestro-v3.0.0\2017\MIDI-Unprocessed_082_PIANO082_MID--AUDIO-split_07-09-17_Piano-e_2_-04_wav--2.wav,train,fr_d_ric_chopin__andante_spianato_e_grande_polonaise_op_22,Romantic,2
track_000500,Frédéric Chopin,"Andante spianato et grande polonaise brillante, Op. 22",2014,780.15947625,2014/MIDI-UNPROCESSED_04-05_R1_2014_MID--AUDIO_05_R1_2014_wav--7.midi,2014/MIDI-UNPROCESSED_04-05_R1_2014_MID--AUDIO_05_R1_2014_wav--7.wav,data\raw\maestro-v3.0.0\2014\MIDI-UNPROCESSED_04-05_R1_2014_MID--AUDIO_05_R1_2014_wav--7.midi,data\raw\maestro-v3.0.0\2014\MIDI-UNPROCESSED_04-05_R1_2014_MID--AUDIO_05_R1_2014_wav--7.wav,train,fr_d_ric_chopin__andante_spianato_et_grande_polonaise_brillante_op_22,Romantic,2
track_000501,Frédéric Chopin,"Andante spianato et grande polonaise brillante, Op. 22",2015,826.469791667,2015/MIDI-Unprocessed_R2_D1-2-3-6-7-8-11_mid--AUDIO-from_mp3_11_R2_2015_wav--4.midi,2015/MIDI-Unprocessed_R2_D1-2-3-6-7-8-11_mid--AUDIO-from_mp3_11_R2_2015_wav--4.wav,data\raw\maestro-v3.0.0\2015\MIDI-Unprocessed_R2_D1-2-3-6-7-8-11_mid--AUDIO-from_mp3_11_R2_2015_wav--4.midi,data\raw\maestro-v3.0.0\2015\MIDI-Unprocessed_R2_D1-2-3-6-7-8-11_mid--AUDIO-from_mp3_11_R2_2015_wav--4.wav,train,fr_d_ric_chopin__andante_spianato_et_grande_polonaise_brillante_op_22,Romantic,2
track_000502,Frédéric Chopin,"Andante spianato et grande polonaise brillante, Op. 22",2015,818.453125,2015/MIDI-Unprocessed_R2_D2-19-21-22_mid--AUDIO-from_mp3_22_R2_2015_wav--4.midi,2015/MIDI-Unprocessed_R2_D2-19-21-22_mid--AUDIO-from_mp3_22_R2_2015_wav--4.wav,data\raw\maestro-v3.0.0\2015\MIDI-Unprocessed_R2_D2-19-21-22_mid--AUDIO-from_mp3_22_R2_2015_wav--4.midi,data\raw\maestro-v3.0.0\2015\MIDI-Unprocessed_R2_D2-19-21-22_mid--AUDIO-from_mp3_22_R2_2015_wav--4.wav,train,fr_d_ric_chopin__andante_spianato_et_grande_polonaise_brillante_op_22,Romantic,2
track_000503,Frédéric Chopin,"Andante spianato et grande polonaise brillante, Op. 22",2013,769.017660469,2013/ORIG-MIDI_01_7_7_13_Group__MID--AUDIO_14_R1_2013_wav--4.midi,2013/ORIG-MIDI_01_7_7_13_Group__MID--AUDIO_14_R1_2013_wav--4.wav,data\raw\maestro-v3.0.0\2013\ORIG-MIDI_01_7_7_13_Group__MID--AUDIO_14_R1_2013_wav--4.midi,data\raw\maestro-v3.0.0\2013\ORIG-MIDI_01_7_7_13_Group__MID--AUDIO_14_R1_2013_wav--4.wav,train,fr_d_ric_chopin__andante_spianato_et_grande_polonaise_brillante_op_22,Romantic,2
track_000504,Frédéric Chopin,Ballade 4 Op. 52,2006,603.939032813,2006/MIDI-Unprocessed_04_R1_2006_01-04_ORIG_MID--AUDIO_04_R1_2006_01_Track01_wav.midi,2006/MIDI-Unprocessed_04_R1_2006_01-04_ORIG_MID--AUDIO_04_R1_2006_01_Track01_wav.wav,data\raw\maestro-v3.0.0\2006\MIDI-Unprocessed_04_R1_2006_01-04_ORIG_MID--AUDIO_04_R1_2006_01_Track01_wav.midi,data\raw\maestro-v3.0.0\2006\MIDI-Unprocessed_04_R1_2006_01-04_ORIG_MID--AUDIO_04_R1_2006_01_Track01_wav.wav,train,fr_d_ric_chopin__ballade_4_op_52,Romantic,2
track_000505,Frédéric Chopin,"Ballade No. 1 in G Minor, Op. 23",2004,551.649013656,2004/MIDI-Unprocessed_SMF_12_01_2004_01-05_ORIG_MID--AUDIO_12_R1_2004_07_Track07_wav.midi,2004/MIDI-Unprocessed_SMF_12_01_2004_01-05_ORIG_MID--AUDIO_12_R1_2004_07_Track07_wav.wav,data\raw\maestro-v3.0.0\2004\MIDI-Unprocessed_SMF_12_01_2004_01-05_ORIG_MID--AUDIO_12_R1_2004_07_Track07_wav.midi,data\raw\maestro-v3.0.0\2004\MIDI-Unprocessed_SMF_12_01_2004_01-05_ORIG_MID--AUDIO_12_R1_2004_07_Track07_wav.wav,train,fr_d_ric_chopin__ballade_no_1_in_g_minor_op_23,Romantic,2
track_000506,Frédéric Chopin,"Ballade No. 1 in G Minor, Op. 23",2004,544.937494994,2004/MIDI-Unprocessed_SMF_17_R1_2004_01-03_ORIG_MID--AUDIO_17_R1_2004_06_Track06_wav.midi,2004/MIDI-Unprocessed_SMF_17_R1_2004_01-03_ORIG_MID--AUDIO_17_R1_2004_06_Track06_wav.wav,data\raw\maestro-v3.0.0\2004\MIDI-Unprocessed_SMF_17_R1_2004_01-03_ORIG_MID--AUDIO_17_R1_2004_06_Track06_wav.midi,data\raw\maestro-v3.0.0\2004\MIDI-Unprocessed_SMF_17_R1_2004_01-03_ORIG_MID--AUDIO_17_R1_2004_06_Track06_wav.wav,train,fr_d_ric_chopin__ballade_no_1_in_g_minor_op_23,Romantic,2
track_000507,Frédéric Chopin,"Ballade No. 1 in G Minor, Op. 23",2004,516.970757429,2004/MIDI-Unprocessed_SMF_17_R1_2004_03-06_ORIG_MID--AUDIO_20_R2_2004_12_Track12_wav--2.midi,2004/MIDI-Unprocessed_SMF_17_R1_2004_03-06_ORIG_MID--AUDIO_20_R2_2004_12_Track12_wav--2.wav,data\raw\maestro-v3.0.0\2004\MIDI-Unprocessed_SMF_17_R1_2004_03-06_ORIG_MID--AUDIO_20_R2_2004_12_Track12_wav--2.midi,data\raw\maestro-v3.0.0\2004\MIDI-Unprocessed_SMF_17_R1_2004_03-06_ORIG_MID--AUDIO_20_R2_2004_12_Track12_wav--2.wav,train,fr_d_ric_chopin__ballade_no_1_in_g_minor_op_23,Romantic,2
track_000508,Frédéric Chopin,"Ballade No. 1 in G Minor, Op. 23",2015,511.25625,2015/MIDI-Unprocessed_R2_D2-12-13-15_mid--AUDIO-from_mp3_12_R2_2015_wav--5.midi,2015/MIDI-Unprocessed_R2_D2-12-13-15_mid--AUDIO-from_mp3_12_R2_2015_wav--5.wav,data\raw\maestro-v3.0.0\2015\MIDI-Unprocessed_R2_D2-12-13-15_mid--AUDIO-from_mp3_12_R2_2015_wav--5.midi,data\raw\maestro-v3.0.0\2015\MIDI-Unprocessed_R2_D2-12-13-15_mid--AUDIO-from_mp3_12_R2_2015_wav--5.wav,train,fr_d_ric_chopin__ballade_no_1_in_g_minor_op_23,Romantic,2
track_000509,Frédéric Chopin,"Ballade No. 1 in G Minor, Op. 23",2013,590.019442031,2013/ORIG-MIDI_02_7_8_13_Group__MID--AUDIO_12_R2_2013_wav--3.midi,2013/ORIG-MIDI_02_7_8_13_Group__MID--AUDIO_12_R2_2013_wav--3.wav,data\raw\maestro-v3.0.0\2013\ORIG-MIDI_02_7_8_13_Group__MID--AUDIO_12_R2_2013_wav--3.midi,data\raw\maestro-v3.0.0\2013\ORIG-MIDI_02_7_8_13_Group__MID--AUDIO_12_R2_2013_wav--3.wav,train,fr_d_ric_chopin__ballade_no_1_in_g_minor_op_23,Romantic,2
track_000510,Frédéric Chopin,"Ballade No. 1 in G Minor, Op. 23",2013,511.011775313,2013/ORIG-MIDI_01_7_10_13_Group_MID--AUDIO_08_R3_2013_wav--3.midi,2013/ORIG-MIDI_01_7_10_13_Group_MID--AUDIO_08_R3_2013_wav--3.wav,data\raw\maestro-v3.0.0\2013\ORIG-MIDI_01_7_10_13_Group_MID--AUDIO_08_R3_2013_wav--3.midi,data\raw\maestro-v3.0.0\2013\ORIG-MIDI_01_7_10_13_Group_MID--AUDIO_08_R3_2013_wav--3.wav,train,fr_d_ric_chopin__ballade_no_1_in_g_minor_op_23,Romantic,2
track_000511,Frédéric Chopin,"Ballade No. 1 in G Minor, Op. 23",2011,538.139152031,2011/MIDI-Unprocessed_04_R2_2011_MID--AUDIO_R2-D2_03_Track03_wav.midi,2011/MIDI-Unprocessed_04_R2_2011_MID--AUDIO_R2-D2_03_Track03_wav.wav,data\raw\maestro-v3.0.0\2011\MIDI-Unprocessed_04_R2_2011_MID--AUDIO_R2-D2_03_Track03_wav.midi,data\raw\maestro-v3.0.0\2011\MIDI-Unprocessed_04_R2_2011_MID--AUDIO_R2-D2_03_Track03_wav.wav,train,fr_d_ric_chopin__ballade_no_1_in_g_minor_op_23,Romantic,2
track_000512,Frédéric Chopin,"Ballade No. 1 in G Minor, Op. 23",2011,527.426021719,2011/MIDI-Unprocessed_17_R1_2011_MID--AUDIO_R1-D7_05_Track05_wav.midi,2011/MIDI-Unprocessed_17_R1_2011_MID--AUDIO_R1-D7_05_Track05_wav.wav,data\raw\maestro-v3.0.0\2011\MIDI-Unprocessed_17_R1_2011_MID--AUDIO_R1-D7_05_Track05_wav.midi,data\raw\maestro-v3.0.0\2011\MIDI-Unprocessed_17_R1_2011_MID--AUDIO_R1-D7_05_Track05_wav.wav,train,fr_d_ric_chopin__ballade_no_1_in_g_minor_op_23,Romantic,2
track_000513,Frédéric Chopin,"Ballade No. 1 in G Minor, Op. 23",2011,502.698482344,2011/MIDI-Unprocessed_18_R1_2011_MID--AUDIO_R1-D7_10_Track10_wav.midi,2011/MIDI-Unprocessed_18_R1_2011_MID--AUDIO_R1-D7_10_Track10_wav.wav,data\raw\maestro-v3.0.0\2011\MIDI-Unprocessed_18_R1_2011_MID--AUDIO_R1-D7_10_Track10_wav.midi,data\raw\maestro-v3.0.0\2011\MIDI-Unprocessed_18_R1_2011_MID--AUDIO_R1-D7_10_Track10_wav.wav,train,fr_d_ric_chopin__ballade_no_1_in_g_minor_op_23,Romantic,2
track_000514,Frédéric Chopin,"Ballade No. 1 in G Minor, Op. 23",2017,558.778244879,2017/MIDI-Unprocessed_046_PIANO046_MID--AUDIO-split_07-06-17_Piano-e_2-02_wav--4.midi,2017/MIDI-Unprocessed_046_PIANO046_MID--AUDIO-split_07-06-17_Piano-e_2-02_wav--4.wav,data\raw\maestro-v3.0.0\2017\MIDI-Unprocessed_046_PIANO046_MID--AUDIO-split_07-06-17_Piano-e_2-02_wav--4.midi,data\raw\maestro-v3.0.0\2017\MIDI-Unprocessed_046_PIANO046_MID--AUDIO-split_07-06-17_Piano-e_2-02_wav--4.wav,train,fr_d_ric_chopin__ballade_no_1_in_g_minor_op_23,Romantic,2
track_000515,Frédéric Chopin,Ballade No. 2 in F Major,2008,340.642020469,2008/MIDI-Unprocessed_02_R3_2008_01-03_ORIG_MID--AUDIO_02_R3_2008_wav--2.midi,2008/MIDI-Unprocessed_02_R3_2008_01-03_ORIG_MID--AUDIO_02_R3_2008_wav--2.wav,data\raw\maestro-v3.0.0\2008\MIDI-Unprocessed_02_R3_2008_01-03_ORIG_MID--AUDIO_02_R3_2008_wav--2.midi,data\raw\maestro-v3.0.0\2008\MIDI-Unprocessed_02_R3_2008_01-03_ORIG_MID--AUDIO_02_R3_2008_wav--2.wav,train,fr_d_ric_chopin__ballade_no_2_in_f_major,Romantic,2
track_000516,Frédéric Chopin,"Ballade No. 2 in F Major, Op. 38",2009,426.929327344,2009/MIDI-Unprocessed_03_R1_2009_03-08_ORIG_MID--AUDIO_03_R1_2009_03_R1_2009_04_WAV.midi,2009/MIDI-Unprocessed_03_R1_2009_03-08_ORIG_MID--AUDIO_03_R1_2009_03_R1_2009_04_WAV.wav,data\raw\maestro-v3.0.0\2009\MIDI-Unprocessed_03_R1_2009_03-08_ORIG_MID--AUDIO_03_R1_2009_03_R1_2009_04_WAV.midi,data\raw\maestro-v3.0.0\2009\MIDI-Unprocessed_03_R1_2009_03-08_ORIG_MID--AUDIO_03_R1_2009_03_R1_2009_04_WAV.wav,train,fr_d_ric_chopin__ballade_no_2_in_f_major_op_38,Romantic,2
track_000517,Frédéric Chopin,"Ballade No. 2 in F Major, Op. 38",2008,411.467270156,2008/MIDI-Unprocessed_15_R1_2008_01-04_ORIG_MID--AUDIO_15_R1_2008_wav--3.midi,2008/MIDI-Unprocessed_15_R1_2008_01-04_ORIG_MID--AUDIO_15_R1_2008_wav--3.wav,data\raw\maestro-v3.0.0\2008\MIDI-Unprocessed_15_R1_2008_01-04_ORIG_MID--AUDIO_15_R1_2008_wav--3.midi,data\raw\maestro-v3.0.0\2008\MIDI-Unprocessed_15_R1_2008_01-04_ORIG_MID--AUDIO_15_R1_2008_wav--3.wav,train,fr_d_ric_chopin__ballade_no_2_in_f_major_op_38,Romantic,2
track_000518,Frédéric Chopin,"Ballade No. 2 in F Major, Op. 38",2017,459.913344704,2017/MIDI-Unprocessed_050_PIANO050_MID--AUDIO-split_07-06-17_Piano-e_3-01_wav--4.midi,2017/MIDI-Unprocessed_050_PIANO050_MID--AUDIO-split_07-06-17_Piano-e_3-01_wav--4.wav,data\raw\maestro-v3.0.0\2017\MIDI-Unprocessed_050_PIANO050_MID--AUDIO-split_07-06-17_Piano-e_3-01_wav--4.midi,data\raw\maestro-v3.0.0\2017\MIDI-Unprocessed_050_PIANO050_MID--AUDIO-split_07-06-17_Piano-e_3-01_wav--4.wav,train,fr_d_ric_chopin__ballade_no_2_in_f_major_op_38,Romantic,2
track_000519,Frédéric Chopin,"Ballade No. 3 in A-flat Major, Op. 47",2008,418.390340156,2008/MIDI-Unprocessed_07_R2_2008_01-05_ORIG_MID--AUDIO_07_R2_2008_wav--4.midi,2008/MIDI-Unprocessed_07_R2_2008_01-05_ORIG_MID--AUDIO_07_R2_2008_wav--4.wav,data\raw\maestro-v3.0.0\2008\MIDI-Unprocessed_07_R2_2008_01-05_ORIG_MID--AUDIO_07_R2_2008_wav--4.midi,data\raw\maestro-v3.0.0\2008\MIDI-Unprocessed_07_R2_2008_01-05_ORIG_MID--AUDIO_07_R2_2008_wav--4.wav,train,fr_d_ric_chopin__ballade_no_3_in_a_flat_major_op_47,Romantic,2
track_000520,Frédéric Chopin,"Ballade No. 3 in A-flat Major, Op. 47",2011,424.21966125,2011/MIDI-Unprocessed_10_R2_2011_MID--AUDIO_R2-D3_11_Track11_wav.midi,2011/MIDI-Unprocessed_10_R2_2011_MID--AUDIO_R2-D3_11_Track11_wav.wav,data\raw\maestro-v3.0.0\2011\MIDI-Unprocessed_10_R2_2011_MID--AUDIO_R2-D3_11_Track11_wav.midi,data\raw\maestro-v3.0.0\2011\MIDI-Unprocessed_10_R2_2011_MID--AUDIO_R2-D3_11_Track11_wav.wav,train,fr_d_ric_chopin__ballade_no_3_in_a_flat_major_op_47,Romantic,2
track_000521,Frédéric Chopin,"Ballade No. 4 in F Minor, Op. 52",2008,647.477985,2008/MIDI-Unprocessed_08_R1_2008_01-05_ORIG_MID--AUDIO_08_R1_2008_wav--4.midi,2008/MIDI-Unprocessed_08_R1_2008_01-05_ORIG_MID--AUDIO_08_R1_2008_wav--4.wav,data\raw\maestro-v3.0.0\2008\MIDI-Unprocessed_08_R1_2008_01-05_ORIG_MID--AUDIO_08_R1_2008_wav--4.midi,data\raw\maestro-v3.0.0\2008\MIDI-Unprocessed_08_R1_2008_01-05_ORIG_MID--AUDIO_08_R1_2008_wav--4.wav,train,fr_d_ric_chopin__ballade_no_4_in_f_minor_op_52,Romantic,2
track_000522,Frédéric Chopin,"Ballade No. 4 in F Minor, Op. 52",2008,616.031702344,2008/MIDI-Unprocessed_12_R3_2008_01-04_ORIG_MID--AUDIO_12_R3_2008_wav--2.midi,2008/MIDI-Unprocessed_12_R3_2008_01-04_ORIG_MID--AUDIO_12_R3_2008_wav--2.wav,data\raw\maestro-v3.0.0\2008\MIDI-Unprocessed_12_R3_2008_01-04_ORIG_MID--AUDIO_12_R3_2008_wav--2.midi,data\raw\maestro-v3.0.0\2008\MIDI-Unprocessed_12_R3_2008_01-04_ORIG_MID--AUDIO_12_R3_2008_wav--2.wav,train,fr_d_ric_chopin__ballade_no_4_in_f_minor_op_52,Romantic,2
track_000523,Frédéric Chopin,"Ballade No. 4 in F Minor, Op. 52",2014,611.620649062,2014/MIDI-UNPROCESSED_01-03_R1_2014_MID--AUDIO_03_R1_2014_wav--5.midi,2014/MIDI-UNPROCESSED_01-03_R1_2014_MID--AUDIO_03_R1_2014_wav--5.wav,data\raw\maestro-v3.0.0\2014\MIDI-UNPROCESSED_01-03_R1_2014_MID--AUDIO_03_R1_2014_wav--5.midi,data\raw\maestro-v3.0.0\2014\MIDI-UNPROCESSED_01-03_R1_2014_MID--AUDIO_03_R1_2014_wav--5.wav,train,fr_d_ric_chopin__ballade_no_4_in_f_minor_op_52,Romantic,2
track_000524,Frédéric Chopin,"Ballade No. 4 in F Minor, Op. 52",2013,657.425891719,2013/ORIG-MIDI_02_7_7_13_Group__MID--AUDIO_17_R1_2013_wav--4.midi,2013/ORIG-MIDI_02_7_7_13_Group__MID--AUDIO_17_R1_2013_wav--4.wav,data\raw\maestro-v3.0.0\2013\ORIG-MIDI_02_7_7_13_Group__MID--AUDIO_17_R1_2013_wav--4.midi,data\raw\maestro-v3.0.0\2013\ORIG-MIDI_02_7_7_13_Group__MID--AUDIO_17_R1_2013_wav--4.wav,train,fr_d_ric_chopin__ballade_no_4_in_f_minor_op_52,Romantic,2
track_000525,Frédéric Chopin,"Ballade No. 4 in F Minor, Op. 52",2011,653.658534375,2011/MIDI-Unprocessed_12_R1_2011_MID--AUDIO_R1-D4_14_Track14_wav.midi,2011/MIDI-Unprocessed_12_R1_2011_MID--AUDIO_R1-D4_14_Track14_wav.wav,data\raw\maestro-v3.0.0\2011\MIDI-Unprocessed_12_R1_2011_MID--AUDIO_R1-D4_14_Track14_wav.midi,data\raw\maestro-v3.0.0\2011\MIDI-Unprocessed_12_R1_2011_MID--AUDIO_R1-D4_14_Track14_wav.wav,train,fr_d_ric_chopin__ballade_no_4_in_f_minor_op_52,Romantic,2
track_000526,Frédéric Chopin,"Ballade No. 4 in F Minor, Op. 52",2017,641.490446425,2017/MIDI-Unprocessed_051_PIANO051_MID--AUDIO-split_07-06-17_Piano-e_3-02_wav--4.midi,2017/MIDI-Unprocessed_051_PIANO051_MID--AUDIO-split_07-06-17_Piano-e_3-02_wav--4.wav,data\raw\maestro-v3.0.0\2017\MIDI-Unprocessed_051_PIANO051_MID--AUDIO-split_07-06-17_Piano-e_3-02_wav--4.midi,data\raw\maestro-v3.0.0\2017\MIDI-Unprocessed_051_PIANO051_MID--AUDIO-split_07-06-17_Piano-e_3-02_wav--4.wav,train,fr_d_ric_chopin__ballade_no_4_in_f_minor_op_52,Romantic,2
track_000527,Frédéric Chopin,"Ballade No. 4 in F minor, Op. 52",2008,628.508986875,2008/MIDI-Unprocessed_09_R3_2008_01-07_ORIG_MID--AUDIO_09_R3_2008_wav--5.midi,2008/MIDI-Unprocessed_09_R3_2008_01-07_ORIG_MID--AUDIO_09_R3_2008_wav--5.wav,data\raw\maestro-v3.0.0\2008\MIDI-Unprocessed_09_R3_2008_01-07_ORIG_MID--AUDIO_09_R3_2008_wav--5.midi,data\raw\maestro-v3.0.0\2008\MIDI-Unprocessed_09_R3_2008_01-07_ORIG_MID--AUDIO_09_R3_2008_wav--5.wav,train,fr_d_ric_chopin__ballade_no_4_in_f_minor_op_52,Romantic,2
track_000528,Frédéric Chopin,Barcarolle in F#,2006,486.925260938,2006/MIDI-Unprocessed_13_R1_2006_01-06_ORIG_MID--AUDIO_13_R1_2006_06_Track06_wav.midi,2006/MIDI-Unprocessed_13_R1_2006_01-06_ORIG_MID--AUDIO_13_R1_2006_06_Track06_wav.wav,data\raw\maestro-v3.0.0\2006\MIDI-Unprocessed_13_R1_2006_01-06_ORIG_MID--AUDIO_13_R1_2006_06_Track06_wav.midi,data\raw\maestro-v3.0.0\2006\MIDI-Unprocessed_13_R1_2006_01-06_ORIG_MID--AUDIO_13_R1_2006_06_Track06_wav.wav,train,fr_d_ric_chopin__barcarolle_in_f,Romantic,2
track_000529,Frédéric Chopin,"Barcarolle in F-sharp Major, Op. 60",2013,499.187535,2013/ORIG-MIDI_03_7_10_13_Group_MID--AUDIO_18_R3_2013_wav--1.midi,2013/ORIG-MIDI_03_7_10_13_Group_MID--AUDIO_18_R3_2013_wav--1.wav,data\raw\maestro-v3.0.0\2013\ORIG-MIDI_03_7_10_13_Group_MID--AUDIO_18_R3_2013_wav--1.midi,data\raw\maestro-v3.0.0\2013\ORIG-MIDI_03_7_10_13_Group_MID--AUDIO_18_R3_2013_wav--1.wav,train,fr_d_ric_chopin__barcarolle_in_f_sharp_major_op_60,Romantic,2
track_000530,Frédéric Chopin,"Barcarolle, Op. 60",2009,553.574499844,2009/MIDI-Unprocessed_10_R1_2009_03-05_ORIG_MID--AUDIO_10_R1_2009_10_R1_2009_03_WAV.midi,2009/MIDI-Unprocessed_10_R1_2009_03-05_ORIG_MID--AUDIO_10_R1_2009_10_R1_2009_03_WAV.wav,data\raw\maestro-v3.0.0\2009\MIDI-Unprocessed_10_R1_2009_03-05_ORIG_MID--AUDIO_10_R1_2009_10_R1_2009_03_WAV.midi,data\raw\maestro-v3.0.0\2009\MIDI-Unprocessed_10_R1_2009_03-05_ORIG_MID--AUDIO_10_R1_2009_10_R1_2009_03_WAV.wav,train,fr_d_ric_chopin__barcarolle_op_60,Romantic,2
track_000531,Frédéric Chopin,"Barcarolle, Op. 60",2008,476.111970469,2008/MIDI-Unprocessed_08_R3_2008_01-05_ORIG_MID--AUDIO_08_R3_2008_wav--1.midi,2008/MIDI-Unprocessed_08_R3_2008_01-05_ORIG_MID--AUDIO_08_R3_2008_wav--1.wav,data\raw\maestro-v3.0.0\2008\MIDI-Unprocessed_08_R3_2008_01-05_ORIG_MID--AUDIO_08_R3_2008_wav--1.midi,data\raw\maestro-v3.0.0\2008\MIDI-Unprocessed_08_R3_2008_01-05_ORIG_MID--AUDIO_08_R3_2008_wav--1.wav,train,fr_d_ric_chopin__barcarolle_op_60,Romantic,2
track_000532,Frédéric Chopin,"Barcarolle, Op. 60",2013,536.125265156,2013/ORIG-MIDI_01_7_10_13_Group_MID--AUDIO_07_R3_2013_wav--3.midi,2013/ORIG-MIDI_01_7_10_13_Group_MID--AUDIO_07_R3_2013_wav--3.wav,data\raw\maestro-v3.0.0\2013\ORIG-MIDI_01_7_10_13_Group_MID--AUDIO_07_R3_2013_wav--3.midi,data\raw\maestro-v3.0.0\2013\ORIG-MIDI_01_7_10_13_Group_MID--AUDIO_07_R3_2013_wav--3.wav,train,fr_d_ric_chopin__barcarolle_op_60,Romantic,2
track_000533,Frédéric Chopin,"Barcarolle, Op. 60",2017,519.593607825,2017/MIDI-Unprocessed_049_PIANO049_MID--AUDIO-split_07-06-17_Piano-e_2-06_wav--5.midi,2017/MIDI-Unprocessed_049_PIANO049_MID--AUDIO-split_07-06-17_Piano-e_2-06_wav--5.wav,data\raw\maestro-v3.0.0\2017\MIDI-Unprocessed_049_PIANO049_MID--AUDIO-split_07-06-17_Piano-e_2-06_wav--5.midi,data\raw\maestro-v3.0.0\2017\MIDI-Unprocessed_049_PIANO049_MID--AUDIO-split_07-06-17_Piano-e_2-06_wav--5.wav,train,fr_d_ric_chopin__barcarolle_op_60,Romantic,2
track_000534,Frédéric Chopin,Berceuse Op. 57,2008,261.343221562,2008/MIDI-Unprocessed_14_R1_2008_01-05_ORIG_MID--AUDIO_14_R1_2008_wav--4.midi,2008/MIDI-Unprocessed_14_R1_2008_01-05_ORIG_MID--AUDIO_14_R1_2008_wav--4.wav,data\raw\maestro-v3.0.0\2008\MIDI-Unprocessed_14_R1_2008_01-05_ORIG_MID--AUDIO_14_R1_2008_wav--4.midi,data\raw\maestro-v3.0.0\2008\MIDI-Unprocessed_14_R1_2008_01-05_ORIG_MID--AUDIO_14_R1_2008_wav--4.wav,validation,fr_d_ric_chopin__berceuse_op_57,Romantic,2
track_000535,Frédéric Chopin,Berceuse Op. 57 in D-flat Major,2017,265.093786504,2017/MIDI-Unprocessed_083_PIANO083_MID--AUDIO-split_07-09-17_Piano-e_2_-06_wav--5.midi,2017/MIDI-Unprocessed_083_PIANO083_MID--AUDIO-split_07-09-17_Piano-e_2_-06_wav--5.wav,data\raw\maestro-v3.0.0\2017\MIDI-Unprocessed_083_PIANO083_MID--AUDIO-split_07-09-17_Piano-e_2_-06_wav--5.midi,data\raw\maestro-v3.0.0\2017\MIDI-Unprocessed_083_PIANO083_MID--AUDIO-split_07-09-17_Piano-e_2_-06_wav--5.wav,validation,fr_d_ric_chopin__berceuse_op_57_in_d_flat_major,Romantic,2
track_000536,Frédéric Chopin,"Berceuse in D-Flat Major, Op. 57",2014,256.01470125,2014/MIDI-UNPROCESSED_04-05_R1_2014_MID--AUDIO_05_R1_2014_wav--4.midi,2014/MIDI-UNPROCESSED_04-05_R1_2014_MID--AUDIO_05_R1_2014_wav--4.wav,data\raw\maestro-v3.0.0\2014\MIDI-UNPROCESSED_04-05_R1_2014_MID--AUDIO_05_R1_2014_wav--4.midi,data\raw\maestro-v3.0.0\2014\MIDI-UNPROCESSED_04-05_R1_2014_MID--AUDIO_05_R1_2014_wav--4.wav,validation,fr_d_ric_chopin__berceuse_in_d_flat_major_op_57,Romantic,2
track_000537,Frédéric Chopin,"Berceuse, Op. 57",2015,273.486458333,2015/MIDI-Unprocessed_R1_D1-9-12_mid--AUDIO-from_mp3_09_R1_2015_wav--4.midi,2015/MIDI-Unprocessed_R1_D1-9-12_mid--AUDIO-from_mp3_09_R1_2015_wav--4.wav,data\raw\maestro-v3.0.0\2015\MIDI-Unprocessed_R1_D1-9-12_mid--AUDIO-from_mp3_09_R1_2015_wav--4.midi,data\raw\maestro-v3.0.0\2015\MIDI-Unprocessed_R1_D1-9-12_mid--AUDIO-from_mp3_09_R1_2015_wav--4.wav,validation,fr_d_ric_chopin__berceuse_op_57,Romantic,2
track_000538,Frédéric Chopin,"Berceuse, Op. 57",2011,293.0552625,2011/MIDI-Unprocessed_25_R3_2011_MID--AUDIO_R3-D9_05_Track05_wav.midi,2011/MIDI-Unprocessed_25_R3_2011_MID--AUDIO_R3-D9_05_Track05_wav.wav,data\raw\maestro-v3.0.0\2011\MIDI-Unprocessed_25_R3_2011_MID--AUDIO_R3-D9_05_Track05_wav.midi,data\raw\maestro-v3.0.0\2011\MIDI-Unprocessed_25_R3_2011_MID--AUDIO_R3-D9_05_Track05_wav.wav,validation,fr_d_ric_chopin__berceuse_op_57,Romantic,2
track_000539,Frédéric Chopin,"Complete Etudes, Opus 25",2004,1203.88854254,2004/MIDI-Unprocessed_SMF_17_R1_2004_04_ORIG_MID--AUDIO_17_R1_2004_09_Track09_wav.midi,2004/MIDI-Unprocessed_SMF_17_R1_2004_04_ORIG_MID--AUDIO_17_R1_2004_09_Track09_wav.wav,data\raw\maestro-v3.0.0\2004\MIDI-Unprocessed_SMF_17_R1_2004_04_ORIG_MID--AUDIO_17_R1_2004_09_Track09_wav.midi,data\raw\maestro-v3.0.0\2004\MIDI-Unprocessed_SMF_17_R1_2004_04_ORIG_MID--AUDIO_17_R1_2004_09_Track09_wav.wav,train,fr_d_ric_chopin__complete_etudes_opus_25,Romantic,2
track_000540,Frédéric Chopin,"Complete Etudes, Opus 25",2004,604.44159296,2004/MIDI-Unprocessed_SMF_17_R1_2004_04_ORIG_MID--AUDIO_17_R1_2004_11_Track11_wav.midi,2004/MIDI-Unprocessed_SMF_17_R1_2004_04_ORIG_MID--AUDIO_17_R1_2004_11_Track11_wav.wav,data\raw\maestro-v3.0.0\2004\MIDI-Unprocessed_SMF_17_R1_2004_04_ORIG_MID--AUDIO_17_R1_2004_11_Track11_wav.midi,data\raw\maestro-v3.0.0\2004\MIDI-Unprocessed_SMF_17_R1_2004_04_ORIG_MID--AUDIO_17_R1_2004_11_Track11_wav.wav,train,fr_d_ric_chopin__complete_etudes_opus_25,Romantic,2
track_000541,Frédéric Chopin,Etude Op. 10 No. 1,2015,115.228125,2015/MIDI-Unprocessed_R1_D1-1-8_mid--AUDIO-from_mp3_03_R1_2015_wav--2.midi,2015/MIDI-Unprocessed_R1_D1-1-8_mid--AUDIO-from_mp3_03_R1_2015_wav--2.wav,data\raw\maestro-v3.0.0\2015\MIDI-Unprocessed_R1_D1-1-8_mid--AUDIO-from_mp3_03_R1_2015_wav--2.midi,data\raw\maestro-v3.0.0\2015\MIDI-Unprocessed_R1_D1-1-8_mid--AUDIO-from_mp3_03_R1_2015_wav--2.wav,train,fr_d_ric_chopin__etude_op_10_no_1,Romantic,2
track_000542,Frédéric Chopin,Etude Op. 10 No. 1,2015,115.634375,2015/MIDI-Unprocessed_R1_D1-9-12_mid--AUDIO-from_mp3_10_R1_2015_wav--2.midi,2015/MIDI-Unprocessed_R1_D1-9-12_mid--AUDIO-from_mp3_10_R1_2015_wav--2.wav,data\raw\maestro-v3.0.0\2015\MIDI-Unprocessed_R1_D1-9-12_mid--AUDIO-from_mp3_10_R1_2015_wav--2.midi,data\raw\maestro-v3.0.0\2015\MIDI-Unprocessed_R1_D1-9-12_mid--AUDIO-from_mp3_10_R1_2015_wav--2.wav,train,fr_d_ric_chopin__etude_op_10_no_1,Romantic,2
track_000543,Frédéric Chopin,Etude Op. 10 No. 1,2015,104.165625,2015/MIDI-Unprocessed_R1_D1-9-12_mid--AUDIO-from_mp3_12_R1_2015_wav--4.midi,2015/MIDI-Unprocessed_R1_D1-9-12_mid--AUDIO-from_mp3_12_R1_2015_wav--4.wav,data\raw\maestro-v3.0.0\2015\MIDI-Unprocessed_R1_D1-9-12_mid--AUDIO-from_mp3_12_R1_2015_wav--4.midi,data\raw\maestro-v3.0.0\2015\MIDI-Unprocessed_R1_D1-9-12_mid--AUDIO-from_mp3_12_R1_2015_wav--4.wav,train,fr_d_ric_chopin__etude_op_10_no_1,Romantic,2
track_000544,Frédéric Chopin,Etude Op. 10 No. 1,2015,116.702083333,2015/MIDI-Unprocessed_R1_D2-13-20_mid--AUDIO-from_mp3_20_R1_2015_wav--3.midi,2015/MIDI-Unprocessed_R1_D2-13-20_mid--AUDIO-from_mp3_20_R1_2015_wav--3.wav,data\raw\maestro-v3.0.0\2015\MIDI-Unprocessed_R1_D2-13-20_mid--AUDIO-from_mp3_20_R1_2015_wav--3.midi,data\raw\maestro-v3.0.0\2015\MIDI-Unprocessed_R1_D2-13-20_mid--AUDIO-from_mp3_20_R1_2015_wav--3.wav,train,fr_d_ric_chopin__etude_op_10_no_1,Romantic,2
track_000545,Frédéric Chopin,Etude Op. 10 No. 1,2013,114.585889687,2013/ORIG-MIDI_02_7_7_13_Group__MID--AUDIO_19_R1_2013_wav--3.midi,2013/ORIG-MIDI_02_7_7_13_Group__MID--AUDIO_19_R1_2013_wav--3.wav,data\raw\maestro-v3.0.0\2013\ORIG-MIDI_02_7_7_13_Group__MID--AUDIO_19_R1_2013_wav--3.midi,data\raw\maestro-v3.0.0\2013\ORIG-MIDI_02_7_7_13_Group__MID--AUDIO_19_R1_2013_wav--3.wav,train,fr_d_ric_chopin__etude_op_10_no_1,Romantic,2
track_000546,Frédéric Chopin,Etude Op. 10 No. 1 in C Major,2017,116.213105767,2017/MIDI-Unprocessed_042_PIANO042_MID--AUDIO-split_07-06-17_Piano-e_1-02_wav--2.midi,2017/MIDI-Unprocessed_042_PIANO042_MID--AUDIO-split_07-06-17_Piano-e_1-02_wav--2.wav,data\raw\maestro-v3.0.0\2017\MIDI-Unprocessed_042_PIANO042_MID--AUDIO-split_07-06-17_Piano-e_1-02_wav--2.midi,data\raw\maestro-v3.0.0\2017\MIDI-Unprocessed_042_PIANO042_MID--AUDIO-split_07-06-17_Piano-e_1-02_wav--2.wav,train,fr_d_ric_chopin__etude_op_10_no_1_in_c_major,Romantic,2
track_000547,Frédéric Chopin,Etude Op. 10 No. 1 in C Major,2017,121.811368933,2017/MIDI-Unprocessed_043_PIANO043_MID--AUDIO-split_07-06-17_Piano-e_1-03_wav--3.midi,2017/MIDI-Unprocessed_043_PIANO043_MID--AUDIO-split_07-06-17_Piano-e_1-03_wav--3.wav,data\raw\maestro-v3.0.0\2017\MIDI-Unprocessed_043_PIANO043_MID--AUDIO-split_07-06-17_Piano-e_1-03_wav--3.midi,data\raw\maestro-v3.0.0\2017\MIDI-Unprocessed_043_PIANO043_MID--AUDIO-split_07-06-17_Piano-e_1-03_wav--3.wav,train,fr_d_ric_chopin__etude_op_10_no_1_in_c_major,Romantic,2
track_000548,Frédéric Chopin,Etude Op. 10 No. 1 in C Major,2017,114.474866421,2017/MIDI-Unprocessed_059_PIANO059_MID--AUDIO-split_07-07-17_Piano-e_2-03_wav--3.midi,2017/MIDI-Unprocessed_059_PIANO059_MID--AUDIO-split_07-07-17_Piano-e_2-03_wav--3.wav,data\raw\maestro-v3.0.0\2017\MIDI-Unprocessed_059_PIANO059_MID--AUDIO-split_07-07-17_Piano-e_2-03_wav--3.midi,data\raw\maestro-v3.0.0\2017\MIDI-Unprocessed_059_PIANO059_MID--AUDIO-split_07-07-17_Piano-e_2-03_wav--3.wav,train,fr_d_ric_chopin__etude_op_10_no_1_in_c_major,Romantic,2
track_000549,Frédéric Chopin,Etude Op. 10 No. 10 in A-flat Major,2017,124.78143985,2017/MIDI-Unprocessed_053_PIANO053_MID--AUDIO-split_07-06-17_Piano-e_3-04_wav--2.midi,2017/MIDI-Unprocessed_053_PIANO053_MID--AUDIO-split_07-06-17_Piano-e_3-04_wav--2.wav,data\raw\maestro-v3.0.0\2017\MIDI-Unprocessed_053_PIANO053_MID--AUDIO-split_07-06-17_Piano-e_3-04_wav--2.midi,data\raw\maestro-v3.0.0\2017\MIDI-Unprocessed_053_PIANO053_MID--AUDIO-split_07-06-17_Piano-e_3-04_wav--2.wav,train,fr_d_ric_chopin__etude_op_10_no_10_in_a_flat_major,Romantic,2
track_000550,Frédéric Chopin,Etude Op. 10 No. 12,2015,154.826041667,2015/MIDI-Unprocessed_R1_D1-1-8_mid--AUDIO-from_mp3_05_R1_2015_wav--4.midi,2015/MIDI-Unprocessed_R1_D1-1-8_mid--AUDIO-from_mp3_05_R1_2015_wav--4.wav,data\raw\maestro-v3.0.0\2015\MIDI-Unprocessed_R1_D1-1-8_mid--AUDIO-from_mp3_05_R1_2015_wav--4.midi,data\raw\maestro-v3.0.0\2015\MIDI-Unprocessed_R1_D1-1-8_mid--AUDIO-from_mp3_05_R1_2015_wav--4.wav,test,fr_d_ric_chopin__etude_op_10_no_12,Romantic,2
track_000551,Frédéric Chopin,Etude Op. 10 No. 12,2015,136.134375,2015/MIDI-Unprocessed_R1_D1-1-8_mid--AUDIO-from_mp3_06_R1_2015_wav--6.midi,2015/MIDI-Unprocessed_R1_D1-1-8_mid--AUDIO-from_mp3_06_R1_2015_wav--6.wav,data\raw\maestro-v3.0.0\2015\MIDI-Unprocessed_R1_D1-1-8_mid--AUDIO-from_mp3_06_R1_2015_wav--6.midi,data\raw\maestro-v3.0.0\2015\MIDI-Unprocessed_R1_D1-1-8_mid--AUDIO-from_mp3_06_R1_2015_wav--6.wav,test,fr_d_ric_chopin__etude_op_10_no_12,Romantic,2
track_000552,Frédéric Chopin,Etude Op. 10 No. 12,2015,150.49375,2015/MIDI-Unprocessed_R1_D1-9-12_mid--AUDIO-from_mp3_11_R1_2015_wav--3.midi,2015/MIDI-Unprocessed_R1_D1-9-12_mid--AUDIO-from_mp3_11_R1_2015_wav--3.wav,data\raw\maestro-v3.0.0\2015\MIDI-Unprocessed_R1_D1-9-12_mid--AUDIO-from_mp3_11_R1_2015_wav--3.midi,data\raw\maestro-v3.0.0\2015\MIDI-Unprocessed_R1_D1-9-12_mid--AUDIO-from_mp3_11_R1_2015_wav--3.wav,test,fr_d_ric_chopin__etude_op_10_no_12,Romantic,2
track_000553,Frédéric Chopin,Etude Op. 10 No. 12,2015,157.636458333,2015/MIDI-Unprocessed_R1_D2-21-22_mid--AUDIO-from_mp3_22_R1_2015_wav--3.midi,2015/MIDI-Unprocessed_R1_D2-21-22_mid--AUDIO-from_mp3_22_R1_2015_wav--3.wav,data\raw\maestro-v3.0.0\2015\MIDI-Unprocessed_R1_D2-21-22_mid--AUDIO-from_mp3_22_R1_2015_wav--3.midi,data\raw\maestro-v3.0.0\2015\MIDI-Unprocessed_R1_D2-21-22_mid--AUDIO-from_mp3_22_R1_2015_wav--3.wav,test,fr_d_ric_chopin__etude_op_10_no_12,Romantic,2
track_000554,Frédéric Chopin,Etude Op. 10 No. 12 in C Minor,2011,138.094146094,2011/MIDI-Unprocessed_07_R1_2011_MID--AUDIO_R1-D3_03_Track03_wav.midi,2011/MIDI-Unprocessed_07_R1_2011_MID--AUDIO_R1-D3_03_Track03_wav.wav,data\raw\maestro-v3.0.0\2011\MIDI-Unprocessed_07_R1_2011_MID--AUDIO_R1-D3_03_Track03_wav.midi,data\raw\maestro-v3.0.0\2011\MIDI-Unprocessed_07_R1_2011_MID--AUDIO_R1-D3_03_Track03_wav.wav,test,fr_d_ric_chopin__etude_op_10_no_12_in_c_minor,Romantic,2
track_000555,Frédéric Chopin,Etude Op. 10 No. 2,2015,81.2895833333,2015/MIDI-Unprocessed_R1_D2-13-20_mid--AUDIO-from_mp3_15_R1_2015_wav--2.midi,2015/MIDI-Unprocessed_R1_D2-13-20_mid--AUDIO-from_mp3_15_R1_2015_wav--2.wav,data\raw\maestro-v3.0.0\2015\MIDI-Unprocessed_R1_D2-13-20_mid--AUDIO-from_mp3_15_R1_2015_wav--2.midi,data\raw\maestro-v3.0.0\2015\MIDI-Unprocessed_R1_D2-13-20_mid--AUDIO-from_mp3_15_R1_2015_wav--2.wav,train,fr_d_ric_chopin__etude_op_10_no_2,Romantic,2
track_000556,Frédéric Chopin,Etude Op. 10 No. 2,2013,70.726425,2013/ORIG-MIDI_02_7_6_13_Group__MID--AUDIO_06_R1_2013_wav--3.midi,2013/ORIG-MIDI_02_7_6_13_Group__MID--AUDIO_06_R1_2013_wav--3.wav,data\raw\maestro-v3.0.0\2013\ORIG-MIDI_02_7_6_13_Group__MID--AUDIO_06_R1_2013_wav--3.midi,data\raw\maestro-v3.0.0\2013\ORIG-MIDI_02_7_6_13_Group__MID--AUDIO_06_R1_2013_wav--3.wav,train,fr_d_ric_chopin__etude_op_10_no_2,Romantic,2
track_000557,Frédéric Chopin,Etude Op. 10 No. 2 in A Minor,2017,79.48679,2017/MIDI-Unprocessed_070_PIANO070_MID--AUDIO-split_07-08-17_Piano-e_1-02_wav--2.midi,2017/MIDI-Unprocessed_070_PIANO070_MID--AUDIO-split_07-08-17_Piano-e_1-02_wav--2.wav,data\raw\maestro-v3.0.0\2017\MIDI-Unprocessed_070_PIANO070_MID--AUDIO-split_07-08-17_Piano-e_1-02_wav--2.midi,data\raw\maestro-v3.0.0\2017\MIDI-Unprocessed_070_PIANO070_MID--AUDIO-split_07-08-17_Piano-e_1-02_wav--2.wav,train,fr_d_ric_chopin__etude_op_10_no_2_in_a_minor,Romantic,2
track_000558,Frédéric Chopin,Etude Op. 10 No. 4,2013,119.150521875,2013/ORIG-MIDI_02_7_6_13_Group__MID--AUDIO_08_R1_2013_wav--3.midi,2013/ORIG-MIDI_02_7_6_13_Group__MID--AUDIO_08_R1_2013_wav--3.wav,data\raw\maestro-v3.0.0\2013\ORIG-MIDI_02_7_6_13_Group__MID--AUDIO_08_R1_2013_wav--3.midi,data\raw\maestro-v3.0.0\2013\ORIG-MIDI_02_7_6_13_Group__MID--AUDIO_08_R1_2013_wav--3.wav,train,fr_d_ric_chopin__etude_op_10_no_4,Romantic,2
track_000559,Frédéric Chopin,Etude Op. 10 No. 4,2013,111.881565469,2013/ORIG-MIDI_01_7_7_13_Group__MID--AUDIO_14_R1_2013_wav--3.midi,2013/ORIG-MIDI_01_7_7_13_Group__MID--AUDIO_14_R1_2013_wav--3.wav,data\raw\maestro-v3.0.0\2013\ORIG-MIDI_01_7_7_13_Group__MID--AUDIO_14_R1_2013_wav--3.midi,data\raw\maestro-v3.0.0\2013\ORIG-MIDI_01_7_7_13_Group__MID--AUDIO_14_R1_2013_wav--3.wav,train,fr_d_ric_chopin__etude_op_10_no_4,Romantic,2
track_000560,Frédéric Chopin,Etude Op. 10 No. 4 in C-Sharp Minor,2011,122.391704531,2011/MIDI-Unprocessed_01_R1_2011_MID--AUDIO_R1-D1_05_Track05_wav.midi,2011/MIDI-Unprocessed_01_R1_2011_MID--AUDIO_R1-D1_05_Track05_wav.wav,data\raw\maestro-v3.0.0\2011\MIDI-Unprocessed_01_R1_2011_MID--AUDIO_R1-D1_05_Track05_wav.midi,data\raw\maestro-v3.0.0\2011\MIDI-Unprocessed_01_R1_2011_MID--AUDIO_R1-D1_05_Track05_wav.wav,train,fr_d_ric_chopin__etude_op_10_no_4_in_c_sharp_minor,Romantic,2
track_000561,Frédéric Chopin,Etude Op. 10 No. 4 in C-Sharp Minor,2011,113.671093594,2011/MIDI-Unprocessed_18_R1_2011_MID--AUDIO_R1-D7_09_Track09_wav.midi,2011/MIDI-Unprocessed_18_R1_2011_MID--AUDIO_R1-D7_09_Track09_wav.wav,data\raw\maestro-v3.0.0\2011\MIDI-Unprocessed_18_R1_2011_MID--AUDIO_R1-D7_09_Track09_wav.midi,data\raw\maestro-v3.0.0\2011\MIDI-Unprocessed_18_R1_2011_MID--AUDIO_R1-D7_09_Track09_wav.wav,train,fr_d_ric_chopin__etude_op_10_no_4_in_c_sharp_minor,Romantic,2
track_000562,Frédéric Chopin,Etude Op. 10 No. 4 in C-Sharp Minor,2011,123.152921719,2011/MIDI-Unprocessed_21_R1_2011_MID--AUDIO_R1-D8_09_Track09_wav.midi,2011/MIDI-Unprocessed_21_R1_2011_MID--AUDIO_R1-D8_09_Track09_wav.wav,data\raw\maestro-v3.0.0\2011\MIDI-Unprocessed_21_R1_2011_MID--AUDIO_R1-D8_09_Track09_wav.midi,data\raw\maestro-v3.0.0\2011\MIDI-Unprocessed_21_R1_2011_MID--AUDIO_R1-D8_09_Track09_wav.wav,train,fr_d_ric_chopin__etude_op_10_no_4_in_c_sharp_minor,Romantic,2
track_000563,Frédéric Chopin,Etude Op. 10 No. 4 in C-sharp Minor,2008,124.61526,2008/MIDI-Unprocessed_03_R1_2008_01-04_ORIG_MID--AUDIO_03_R1_2008_wav--3.midi,2008/MIDI-Unprocessed_03_R1_2008_01-04_ORIG_MID--AUDIO_03_R1_2008_wav--3.wav,data\raw\maestro-v3.0.0\2008\MIDI-Unprocessed_03_R1_2008_01-04_ORIG_MID--AUDIO_03_R1_2008_wav--3.midi,data\raw\maestro-v3.0.0\2008\MIDI-Unprocessed_03_R1_2008_01-04_ORIG_MID--AUDIO_03_R1_2008_wav--3.wav,train,fr_d_ric_chopin__etude_op_10_no_4_in_c_sharp_minor,Romantic,2
track_000564,Frédéric Chopin,Etude Op. 10 No. 4 in C-sharp Minor,2017,123.041063763,2017/MIDI-Unprocessed_044_PIANO044_MID--AUDIO-split_07-06-17_Piano-e_1-04_wav--3.midi,2017/MIDI-Unprocessed_044_PIANO044_MID--AUDIO-split_07-06-17_Piano-e_1-04_wav--3.wav,data\raw\maestro-v3.0.0\2017\MIDI-Unprocessed_044_PIANO044_MID--AUDIO-split_07-06-17_Piano-e_1-04_wav--3.midi,data\raw\maestro-v3.0.0\2017\MIDI-Unprocessed_044_PIANO044_MID--AUDIO-split_07-06-17_Piano-e_1-04_wav--3.wav,train,fr_d_ric_chopin__etude_op_10_no_4_in_c_sharp_minor,Romantic,2
track_000565,Frédéric Chopin,Etude Op. 10 No. 4 in C-sharp Minor,2017,115.376571404,2017/MIDI-Unprocessed_049_PIANO049_MID--AUDIO-split_07-06-17_Piano-e_2-06_wav--3.midi,2017/MIDI-Unprocessed_049_PIANO049_MID--AUDIO-split_07-06-17_Piano-e_2-06_wav--3.wav,data\raw\maestro-v3.0.0\2017\MIDI-Unprocessed_049_PIANO049_MID--AUDIO-split_07-06-17_Piano-e_2-06_wav--3.midi,data\raw\maestro-v3.0.0\2017\MIDI-Unprocessed_049_PIANO049_MID--AUDIO-split_07-06-17_Piano-e_2-06_wav--3.wav,train,fr_d_ric_chopin__etude_op_10_no_4_in_c_sharp_minor,Romantic,2
track_000566,Frédéric Chopin,Etude Op. 10 No. 4 in C-sharp Minor,2017,112.612696058,2017/MIDI-Unprocessed_067_PIANO067_MID--AUDIO-split_07-07-17_Piano-e_3-03_wav--3.midi,2017/MIDI-Unprocessed_067_PIANO067_MID--AUDIO-split_07-07-17_Piano-e_3-03_wav--3.wav,data\raw\maestro-v3.0.0\2017\MIDI-Unprocessed_067_PIANO067_MID--AUDIO-split_07-07-17_Piano-e_3-03_wav--3.midi,data\raw\maestro-v3.0.0\2017\MIDI-Unprocessed_067_PIANO067_MID--AUDIO-split_07-07-17_Piano-e_3-03_wav--3.wav,train,fr_d_ric_chopin__etude_op_10_no_4_in_c_sharp_minor,Romantic,2
track_000567,Frédéric Chopin,Etude Op. 10 No. 5 in G-flat Major,2017,95.57645475,2017/MIDI-Unprocessed_058_PIANO058_MID--AUDIO-split_07-07-17_Piano-e_2-02_wav--2.midi,2017/MIDI-Unprocessed_058_PIANO058_MID--AUDIO-split_07-07-17_Piano-e_2-02_wav--2.wav,data\raw\maestro-v3.0.0\2017\MIDI-Unprocessed_058_PIANO058_MID--AUDIO-split_07-07-17_Piano-e_2-02_wav--2.midi,data\raw\maestro-v3.0.0\2017\MIDI-Unprocessed_058_PIANO058_MID--AUDIO-split_07-07-17_Piano-e_2-02_wav--2.wav,validation,fr_d_ric_chopin__etude_op_10_no_5_in_g_flat_major,Romantic,2
track_000568,Frédéric Chopin,Etude Op. 10 No. 5 in G-flat Major,2017,92.236727525,2017/MIDI-Unprocessed_060_PIANO060_MID--AUDIO-split_07-07-17_Piano-e_2-04_wav--3.midi,2017/MIDI-Unprocessed_060_PIANO060_MID--AUDIO-split_07-07-17_Piano-e_2-04_wav--3.wav,data\raw\maestro-v3.0.0\2017\MIDI-Unprocessed_060_PIANO060_MID--AUDIO-split_07-07-17_Piano-e_2-04_wav--3.midi,data\raw\maestro-v3.0.0\2017\MIDI-Unprocessed_060_PIANO060_MID--AUDIO-split_07-07-17_Piano-e_2-04_wav--3.wav,validation,fr_d_ric_chopin__etude_op_10_no_5_in_g_flat_major,Romantic,2
track_000569,Frédéric Chopin,Etude Op. 10 No. 5 in G-flat Major,2017,98.7099864042,2017/MIDI-Unprocessed_062_PIANO062_MID--AUDIO-split_07-07-17_Piano-e_2-07_wav--3.midi,2017/MIDI-Unprocessed_062_PIANO062_MID--AUDIO-split_07-07-17_Piano-e_2-07_wav--3.wav,data\raw\maestro-v3.0.0\2017\MIDI-Unprocessed_062_PIANO062_MID--AUDIO-split_07-07-17_Piano-e_2-07_wav--3.midi,data\raw\maestro-v3.0.0\2017\MIDI-Unprocessed_062_PIANO062_MID--AUDIO-split_07-07-17_Piano-e_2-07_wav--3.wav,validation,fr_d_ric_chopin__etude_op_10_no_5_in_g_flat_major,Romantic,2
track_000570,Frédéric Chopin,Etude Op. 10 No. 8,2015,138.896875,2015/MIDI-Unprocessed_R1_D1-9-12_mid--AUDIO-from_mp3_09_R1_2015_wav--3.midi,2015/MIDI-Unprocessed_R1_D1-9-12_mid--AUDIO-from_mp3_09_R1_2015_wav--3.wav,data\raw\maestro-v3.0.0\2015\MIDI-Unprocessed_R1_D1-9-12_mid--AUDIO-from_mp3_09_R1_2015_wav--3.midi,data\raw\maestro-v3.0.0\2015\MIDI-Unprocessed_R1_D1-9-12_mid--AUDIO-from_mp3_09_R1_2015_wav--3.wav,train,fr_d_ric_chopin__etude_op_10_no_8,Romantic,2
track_000571,Frédéric Chopin,Etude Op. 10 No. 8,2013,125.043945469,2013/ORIG-MIDI_02_7_7_13_Group__MID--AUDIO_17_R1_2013_wav--3.midi,2013/ORIG-MIDI_02_7_7_13_Group__MID--AUDIO_17_R1_2013_wav--3.wav,data\raw\maestro-v3.0.0\2013\ORIG-MIDI_02_7_7_13_Group__MID--AUDIO_17_R1_2013_wav--3.midi,data\raw\maestro-v3.0.0\2013\ORIG-MIDI_02_7_7_13_Group__MID--AUDIO_17_R1_2013_wav--3.wav,train,fr_d_ric_chopin__etude_op_10_no_8,Romantic,2
track_000572,Frédéric Chopin,Etude Op. 10 No. 8 in F Major,2008,135.18148875,2008/MIDI-Unprocessed_15_R1_2008_01-04_ORIG_MID--AUDIO_15_R1_2008_wav--4.midi,2008/MIDI-Unprocessed_15_R1_2008_01-04_ORIG_MID--AUDIO_15_R1_2008_wav--4.wav,data\raw\maestro-v3.0.0\2008\MIDI-Unprocessed_15_R1_2008_01-04_ORIG_MID--AUDIO_15_R1_2008_wav--4.midi,data\raw\maestro-v3.0.0\2008\MIDI-Unprocessed_15_R1_2008_01-04_ORIG_MID--AUDIO_15_R1_2008_wav--4.wav,train,fr_d_ric_chopin__etude_op_10_no_8_in_f_major,Romantic,2
track_000573,Frédéric Chopin,Etude Op. 10 No. 8 in F Major,2011,131.456866406,2011/MIDI-Unprocessed_04_R1_2011_MID--AUDIO_R1-D2_04_Track04_wav.midi,2011/MIDI-Unprocessed_04_R1_2011_MID--AUDIO_R1-D2_04_Track04_wav.wav,data\raw\maestro-v3.0.0\2011\MIDI-Unprocessed_04_R1_2011_MID--AUDIO_R1-D2_04_Track04_wav.midi,data\raw\maestro-v3.0.0\2011\MIDI-Unprocessed_04_R1_2011_MID--AUDIO_R1-D2_04_Track04_wav.wav,train,fr_d_ric_chopin__etude_op_10_no_8_in_f_major,Romantic,2
track_000574,Frédéric Chopin,Etude Op. 10 No. 8 in F Major,2011,149.950437656,2011/MIDI-Unprocessed_19_R1_2011_MID--AUDIO_R1-D7_14_Track14_wav.midi,2011/MIDI-Unprocessed_19_R1_2011_MID--AUDIO_R1-D7_14_Track14_wav.wav,data\raw\maestro-v3.0.0\2011\MIDI-Unprocessed_19_R1_2011_MID--AUDIO_R1-D7_14_Track14_wav.midi,data\raw\maestro-v3.0.0\2011\MIDI-Unprocessed_19_R1_2011_MID--AUDIO_R1-D7_14_Track14_wav.wav,train,fr_d_ric_chopin__etude_op_10_no_8_in_f_major,Romantic,2
track_000575,Frédéric Chopin,Etude Op. 25 No. 1,2015,137.86875,2015/MIDI-Unprocessed_R1_D1-1-8_mid--AUDIO-from_mp3_07_R1_2015_wav--3.midi,2015/MIDI-Unprocessed_R1_D1-1-8_mid--AUDIO-from_mp3_07_R1_2015_wav--3.wav,data\raw\maestro-v3.0.0\2015\MIDI-Unprocessed_R1_D1-1-8_mid--AUDIO-from_mp3_07_R1_2015_wav--3.midi,data\raw\maestro-v3.0.0\2015\MIDI-Unprocessed_R1_D1-1-8_mid--AUDIO-from_mp3_07_R1_2015_wav--3.wav,train,fr_d_ric_chopin__etude_op_25_no_1,Romantic,2
track_000576,Frédéric Chopin,Etude Op. 25 No. 1,2013,136.072246406,2013/ORIG-MIDI_03_7_6_13_Group__MID--AUDIO_10_R1_2013_wav--3.midi,2013/ORIG-MIDI_03_7_6_13_Group__MID--AUDIO_10_R1_2013_wav--3.wav,data\raw\maestro-v3.0.0\2013\ORIG-MIDI_03_7_6_13_Group__MID--AUDIO_10_R1_2013_wav--3.midi,data\raw\maestro-v3.0.0\2013\ORIG-MIDI_03_7_6_13_Group__MID--AUDIO_10_R1_2013_wav--3.wav,train,fr_d_ric_chopin__etude_op_25_no_1,Romantic,2
track_000577,Frédéric Chopin,Etude Op. 25 No. 1 in A-flat Major,2017,147.718293271,2017/MIDI-Unprocessed_056_PIANO056_MID--AUDIO-split_07-07-17_Piano-e_1-05_wav--2.midi,2017/MIDI-Unprocessed_056_PIANO056_MID--AUDIO-split_07-07-17_Piano-e_1-05_wav--2.wav,data\raw\maestro-v3.0.0\2017\MIDI-Unprocessed_056_PIANO056_MID--AUDIO-split_07-07-17_Piano-e_1-05_wav--2.midi,data\raw\maestro-v3.0.0\2017\MIDI-Unprocessed_056_PIANO056_MID--AUDIO-split_07-07-17_Piano-e_1-05_wav--2.wav,train,fr_d_ric_chopin__etude_op_25_no_1_in_a_flat_major,Romantic,2
track_000578,Frédéric Chopin,Etude Op. 25 No. 1 in A-flat Major,2017,143.456562017,2017/MIDI-Unprocessed_057_PIANO057_MID--AUDIO-split_07-07-17_Piano-e_1-07_wav--4.midi,2017/MIDI-Unprocessed_057_PIANO057_MID--AUDIO-split_07-07-17_Piano-e_1-07_wav--4.wav,data\raw\maestro-v3.0.0\2017\MIDI-Unprocessed_057_PIANO057_MID--AUDIO-split_07-07-17_Piano-e_1-07_wav--4.midi,data\raw\maestro-v3.0.0\2017\MIDI-Unprocessed_057_PIANO057_MID--AUDIO-split_07-07-17_Piano-e_1-07_wav--4.wav,train,fr_d_ric_chopin__etude_op_25_no_1_in_a_flat_major,Romantic,2
track_000579,Frédéric Chopin,Etude Op. 25 No. 10,2013,250.193392969,2013/ORIG-MIDI_02_7_7_13_Group__MID--AUDIO_18_R1_2013_wav--5.midi,2013/ORIG-MIDI_02_7_7_13_Group__MID--AUDIO_18_R1_2013_wav--5.wav,data\raw\maestro-v3.0.0\2013\ORIG-MIDI_02_7_7_13_Group__MID--AUDIO_18_R1_2013_wav--5.midi,data\raw\maestro-v3.0.0\2013\ORIG-MIDI_02_7_7_13_Group__MID--AUDIO_18_R1_2013_wav--5.wav,train,fr_d_ric_chopin__etude_op_25_no_10,Romantic,2
track_000580,Frédéric Chopin,Etude Op. 25 No. 10 in B Minor,2011,243.747085312,2011/MIDI-Unprocessed_20_R1_2011_MID--AUDIO_R1-D8_03_Track03_wav.midi,2011/MIDI-Unprocessed_20_R1_2011_MID--AUDIO_R1-D8_03_Track03_wav.wav,data\raw\maestro-v3.0.0\2011\MIDI-Unprocessed_20_R1_2011_MID--AUDIO_R1-D8_03_Track03_wav.midi,data\raw\maestro-v3.0.0\2011\MIDI-Unprocessed_20_R1_2011_MID--AUDIO_R1-D8_03_Track03_wav.wav,train,fr_d_ric_chopin__etude_op_25_no_10_in_b_minor,Romantic,2
track_000581,Frédéric Chopin,Etude Op. 25 No. 10 in B Minor,2011,237.826952344,2011/MIDI-Unprocessed_22_R1_2011_MID--AUDIO_R1-D8_11_Track11_wav.midi,2011/MIDI-Unprocessed_22_R1_2011_MID--AUDIO_R1-D8_11_Track11_wav.wav,data\raw\maestro-v3.0.0\2011\MIDI-Unprocessed_22_R1_2011_MID--AUDIO_R1-D8_11_Track11_wav.midi,data\raw\maestro-v3.0.0\2011\MIDI-Unprocessed_22_R1_2011_MID--AUDIO_R1-D8_11_Track11_wav.wav,train,fr_d_ric_chopin__etude_op_25_no_10_in_b_minor,Romantic,2
track_000582,Frédéric Chopin,Etude Op. 25 No. 10 in B Minor,2017,237.363153154,2017/MIDI-Unprocessed_041_PIANO041_MID--AUDIO-split_07-06-17_Piano-e_1-01_wav--3.midi,2017/MIDI-Unprocessed_041_PIANO041_MID--AUDIO-split_07-06-17_Piano-e_1-01_wav--3.wav,data\raw\maestro-v3.0.0\2017\MIDI-Unprocessed_041_PIANO041_MID--AUDIO-split_07-06-17_Piano-e_1-01_wav--3.midi,data\raw\maestro-v3.0.0\2017\MIDI-Unprocessed_041_PIANO041_MID--AUDIO-split_07-06-17_Piano-e_1-01_wav--3.wav,train,fr_d_ric_chopin__etude_op_25_no_10_in_b_minor,Romantic,2
track_000583,Frédéric Chopin,Etude Op. 25 No. 11,2015,217.536458333,2015/MIDI-Unprocessed_R1_D1-1-8_mid--AUDIO-from_mp3_08_R1_2015_wav--3.midi,2015/MIDI-Unprocessed_R1_D1-1-8_mid--AUDIO-from_mp3_08_R1_2015_wav--3.wav,data\raw\maestro-v3.0.0\2015\MIDI-Unprocessed_R1_D1-1-8_mid--AUDIO-from_mp3_08_R1_2015_wav--3.midi,data\raw\maestro-v3.0.0\2015\MIDI-Unprocessed_R1_D1-1-8_mid--AUDIO-from_mp3_08_R1_2015_wav--3.wav,train,fr_d_ric_chopin__etude_op_25_no_11,Romantic,2
track_000584,Frédéric Chopin,Etude Op. 25 No. 11,2015,210.821875,2015/MIDI-Unprocessed_R1_D2-13-20_mid--AUDIO-from_mp3_18_R1_2015_wav--2.midi,2015/MIDI-Unprocessed_R1_D2-13-20_mid--AUDIO-from_mp3_18_R1_2015_wav--2.wav,data\raw\maestro-v3.0.0\2015\MIDI-Unprocessed_R1_D2-13-20_mid--AUDIO-from_mp3_18_R1_2015_wav--2.midi,data\raw\maestro-v3.0.0\2015\MIDI-Unprocessed_R1_D2-13-20_mid--AUDIO-from_mp3_18_R1_2015_wav--2.wav,train,fr_d_ric_chopin__etude_op_25_no_11,Romantic,2
track_000585,Frédéric Chopin,Etude Op. 25 No. 11,2013,193.874004844,2013/ORIG-MIDI_02_7_8_13_Group__MID--AUDIO_08_R2_2013_wav--2.midi,2013/ORIG-MIDI_02_7_8_13_Group__MID--AUDIO_08_R2_2013_wav--2.wav,data\raw\maestro-v3.0.0\2013\ORIG-MIDI_02_7_8_13_Group__MID--AUDIO_08_R2_2013_wav--2.midi,data\raw\maestro-v3.0.0\2013\ORIG-MIDI_02_7_8_13_Group__MID--AUDIO_08_R2_2013_wav--2.wav,train,fr_d_ric_chopin__etude_op_25_no_11,Romantic,2
track_000586,Frédéric Chopin,Etude Op. 25 No. 11 in A Minor,2008,238.691000625,2008/MIDI-Unprocessed_11_R1_2008_01-04_ORIG_MID--AUDIO_11_R1_2008_wav--4.midi,2008/MIDI-Unprocessed_11_R1_2008_01-04_ORIG_MID--AUDIO_11_R1_2008_wav--4.wav,data\raw\maestro-v3.0.0\2008\MIDI-Unprocessed_11_R1_2008_01-04_ORIG_MID--AUDIO_11_R1_2008_wav--4.midi,data\raw\maestro-v3.0.0\2008\MIDI-Unprocessed_11_R1_2008_01-04_ORIG_MID--AUDIO_11_R1_2008_wav--4.wav,train,fr_d_ric_chopin__etude_op_25_no_11_in_a_minor,Romantic,2
track_000587,Frédéric Chopin,Etude Op. 25 No. 11 in A Minor,2011,200.596754531,2011/MIDI-Unprocessed_11_R1_2011_MID--AUDIO_R1-D4_09_Track09_wav.midi,2011/MIDI-Unprocessed_11_R1_2011_MID--AUDIO_R1-D4_09_Track09_wav.wav,data\raw\maestro-v3.0.0\2011\MIDI-Unprocessed_11_R1_2011_MID--AUDIO_R1-D4_09_Track09_wav.midi,data\raw\maestro-v3.0.0\2011\MIDI-Unprocessed_11_R1_2011_MID--AUDIO_R1-D4_09_Track09_wav.wav,train,fr_d_ric_chopin__etude_op_25_no_11_in_a_minor,Romantic,2
track_000588,Frédéric Chopin,Etude Op. 25 No. 11 in A Minor,2011,221.514201563,2011/MIDI-Unprocessed_13_R1_2011_MID--AUDIO_R1-D5_03_Track03_wav.midi,2011/MIDI-Unprocessed_13_R1_2011_MID--AUDIO_R1-D5_03_Track03_wav.wav,data\raw\maestro-v3.0.0\2011\MIDI-Unprocessed_13_R1_2011_MID--AUDIO_R1-D5_03_Track03_wav.midi,data\raw\maestro-v3.0.0\2011\MIDI-Unprocessed_13_R1_2011_MID--AUDIO_R1-D5_03_Track03_wav.wav,train,fr_d_ric_chopin__etude_op_25_no_11_in_a_minor,Romantic,2
track_000589,Frédéric Chopin,Etude Op. 25 No. 11 in A Minor,2011,213.302404219,2011/MIDI-Unprocessed_16_R1_2011_MID--AUDIO_R1-D6_13_Track13_wav.midi,2011/MIDI-Unprocessed_16_R1_2011_MID--AUDIO_R1-D6_13_Track13_wav.wav,data\raw\maestro-v3.0.0\2011\MIDI-Unprocessed_16_R1_2011_MID--AUDIO_R1-D6_13_Track13_wav.midi,data\raw\maestro-v3.0.0\2011\MIDI-Unprocessed_16_R1_2011_MID--AUDIO_R1-D6_13_Track13_wav.wav,train,fr_d_ric_chopin__etude_op_25_no_11_in_a_minor,Romantic,2
track_000590,Frédéric Chopin,Etude Op. 25 No. 11 in A Minor,2011,193.441312969,2011/MIDI-Unprocessed_17_R1_2011_MID--AUDIO_R1-D7_04_Track04_wav.midi,2011/MIDI-Unprocessed_17_R1_2011_MID--AUDIO_R1-D7_04_Track04_wav.wav,data\raw\maestro-v3.0.0\2011\MIDI-Unprocessed_17_R1_2011_MID--AUDIO_R1-D7_04_Track04_wav.midi,data\raw\maestro-v3.0.0\2011\MIDI-Unprocessed_17_R1_2011_MID--AUDIO_R1-D7_04_Track04_wav.wav,train,fr_d_ric_chopin__etude_op_25_no_11_in_a_minor,Romantic,2
track_000591,Frédéric Chopin,Etude Op. 25 No. 11 in A Minor,2017,219.964734133,2017/MIDI-Unprocessed_051_PIANO051_MID--AUDIO-split_07-06-17_Piano-e_3-02_wav--3.midi,2017/MIDI-Unprocessed_051_PIANO051_MID--AUDIO-split_07-06-17_Piano-e_3-02_wav--3.wav,data\raw\maestro-v3.0.0\2017\MIDI-Unprocessed_051_PIANO051_MID--AUDIO-split_07-06-17_Piano-e_3-02_wav--3.midi,data\raw\maestro-v3.0.0\2017\MIDI-Unprocessed_051_PIANO051_MID--AUDIO-split_07-06-17_Piano-e_3-02_wav--3.wav,train,fr_d_ric_chopin__etude_op_25_no_11_in_a_minor,Romantic,2
track_000592,Frédéric Chopin,Etude Op. 25 No. 12,2015,136.692708333,2015/MIDI-Unprocessed_R1_D1-1-8_mid--AUDIO-from_mp3_04_R1_2015_wav--4.midi,2015/MIDI-Unprocessed_R1_D1-1-8_mid--AUDIO-from_mp3_04_R1_2015_wav--4.wav,data\raw\maestro-v3.0.0\2015\MIDI-Unprocessed_R1_D1-1-8_mid--AUDIO-from_mp3_04_R1_2015_wav--4.midi,data\raw\maestro-v3.0.0\2015\MIDI-Unprocessed_R1_D1-1-8_mid--AUDIO-from_mp3_04_R1_2015_wav--4.wav,train,fr_d_ric_chopin__etude_op_25_no_12,Romantic,2
track_000593,Frédéric Chopin,Etude Op. 25 No. 12,2015,156.28125,2015/MIDI-Unprocessed_R1_D2-13-20_mid--AUDIO-from_mp3_14_R1_2015_wav--4.midi,2015/MIDI-Unprocessed_R1_D2-13-20_mid--AUDIO-from_mp3_14_R1_2015_wav--4.wav,data\raw\maestro-v3.0.0\2015\MIDI-Unprocessed_R1_D2-13-20_mid--AUDIO-from_mp3_14_R1_2015_wav--4.midi,data\raw\maestro-v3.0.0\2015\MIDI-Unprocessed_R1_D2-13-20_mid--AUDIO-from_mp3_14_R1_2015_wav--4.wav,train,fr_d_ric_chopin__etude_op_25_no_12,Romantic,2
track_000594,Frédéric Chopin,Etude Op. 25 No. 12 in C Minor,2011,137.845748906,2011/MIDI-Unprocessed_09_R1_2011_MID--AUDIO_R1-D3_14_Track14_wav.midi,2011/MIDI-Unprocessed_09_R1_2011_MID--AUDIO_R1-D3_14_Track14_wav.wav,data\raw\maestro-v3.0.0\2011\MIDI-Unprocessed_09_R1_2011_MID--AUDIO_R1-D3_14_Track14_wav.midi,data\raw\maestro-v3.0.0\2011\MIDI-Unprocessed_09_R1_2011_MID--AUDIO_R1-D3_14_Track14_wav.wav,train,fr_d_ric_chopin__etude_op_25_no_12_in_c_minor,Romantic,2
track_000595,Frédéric Chopin,Etude Op. 25 No. 5 in E Minor,2008,181.853450625,2008/MIDI-Unprocessed_09_R2_2008_01-05_ORIG_MID--AUDIO_09_R2_2008_wav--2.midi,2008/MIDI-Unprocessed_09_R2_2008_01-05_ORIG_MID--AUDIO_09_R2_2008_wav--2.wav,data\raw\maestro-v3.0.0\2008\MIDI-Unprocessed_09_R2_2008_01-05_ORIG_MID--AUDIO_09_R2_2008_wav--2.midi,data\raw\maestro-v3.0.0\2008\MIDI-Unprocessed_09_R2_2008_01-05_ORIG_MID--AUDIO_09_R2_2008_wav--2.wav,train,fr_d_ric_chopin__etude_op_25_no_5_in_e_minor,Romantic,2
track_000596,Frédéric Chopin,Etude Op. 25 No. 6,2015,127.005208333,2015/MIDI-Unprocessed_R1_D2-13-20_mid--AUDIO-from_mp3_19_R1_2015_wav--3.midi,2015/MIDI-Unprocessed_R1_D2-13-20_mid--AUDIO-from_mp3_19_R1_2015_wav--3.wav,data\raw\maestro-v3.0.0\2015\MIDI-Unprocessed_R1_D2-13-20_mid--AUDIO-from_mp3_19_R1_2015_wav--3.midi,data\raw\maestro-v3.0.0\2015\MIDI-Unprocessed_R1_D2-13-20_mid--AUDIO-from_mp3_19_R1_2015_wav--3.wav,train,fr_d_ric_chopin__etude_op_25_no_6,Romantic,2
track_000597,Frédéric Chopin,Etude Op. 25 No. 6,2013,120.675627187,2013/ORIG-MIDI_01_7_6_13_Group__MID--AUDIO_03_R1_2013_wav--3.midi,2013/ORIG-MIDI_01_7_6_13_Group__MID--AUDIO_03_R1_2013_wav--3.wav,data\raw\maestro-v3.0.0\2013\ORIG-MIDI_01_7_6_13_Group__MID--AUDIO_03_R1_2013_wav--3.midi,data\raw\maestro-v3.0.0\2013\ORIG-MIDI_01_7_6_13_Group__MID--AUDIO_03_R1_2013_wav--3.wav,train,fr_d_ric_chopin__etude_op_25_no_6,Romantic,2
track_000598,Frédéric Chopin,Etude Op. 25 No. 6 in G-sharp Minor,2011,116.065589062,2011/MIDI-Unprocessed_03_R1_2011_MID--AUDIO_R1-D1_17_Track17_wav.midi,2011/MIDI-Unprocessed_03_R1_2011_MID--AUDIO_R1-D1_17_Track17_wav.wav,data\raw\maestro-v3.0.0\2011\MIDI-Unprocessed_03_R1_2011_MID--AUDIO_R1-D1_17_Track17_wav.midi,data\raw\maestro-v3.0.0\2011\MIDI-Unprocessed_03_R1_2011_MID--AUDIO_R1-D1_17_Track17_wav.wav,train,fr_d_ric_chopin__etude_op_25_no_6_in_g_sharp_minor,Romantic,2
track_000599,Frédéric Chopin,Etude Op. 25 No. 6 in G-sharp Minor,2011,110.455284844,2011/MIDI-Unprocessed_06_R1_2011_MID--AUDIO_R1-D2_16_Track16_wav.midi,2011/MIDI-Unprocessed_06_R1_2011_MID--AUDIO_R1-D2_16_Track16_wav.wav,data\raw\maestro-v3.0.0\2011\MIDI-Unprocessed_06_R1_2011_MID--AUDIO_R1-D2_16_Track16_wav.midi,data\raw\maestro-v3.0.0\2011\MIDI-Unprocessed_06_R1_2011_MID--AUDIO_R1-D2_16_Track16_wav.wav,train,fr_d_ric_chopin__etude_op_25_no_6_in_g_sharp_minor,Romantic,2
track_000600,Frédéric Chopin,"Etude in A Minor, Op. 25, No. 11",2014,221.737224844,2014/MIDI-UNPROCESSED_16-18_R1_2014_MID--AUDIO_18_R1_2014_wav--4.midi,2014/MIDI-UNPROCESSED_16-18_R1_2014_MID--AUDIO_18_R1_2014_wav--4.wav,data\raw\maestro-v3.0.0\2014\MIDI-UNPROCESSED_16-18_R1_2014_MID--AUDIO_18_R1_2014_wav--4.midi,data\raw\maestro-v3.0.0\2014\MIDI-UNPROCESSED_16-18_R1_2014_MID--AUDIO_18_R1_2014_wav--4.wav,train,fr_d_ric_chopin__etude_in_a_minor_op_25_no_11,Romantic,2
track_000601,Frédéric Chopin,"Etude in F Major, Op. 10, No. 8",2014,150.433877344,2014/MIDI-UNPROCESSED_16-18_R1_2014_MID--AUDIO_18_R1_2014_wav--3.midi,2014/MIDI-UNPROCESSED_16-18_R1_2014_MID--AUDIO_18_R1_2014_wav--3.wav,data\raw\maestro-v3.0.0\2014\MIDI-UNPROCESSED_16-18_R1_2014_MID--AUDIO_18_R1_2014_wav--3.midi,data\raw\maestro-v3.0.0\2014\MIDI-UNPROCESSED_16-18_R1_2014_MID--AUDIO_18_R1_2014_wav--3.wav,train,fr_d_ric_chopin__etude_in_f_major_op_10_no_8,Romantic,2
track_000602,Frédéric Chopin,Etudes Op. 10 Nos. 8,2011,143.597612813,2011/MIDI-Unprocessed_24_R1_2011_MID--AUDIO_R1-D9_10_Track10_wav.midi,2011/MIDI-Unprocessed_24_R1_2011_MID--AUDIO_R1-D9_10_Track10_wav.wav,data\raw\maestro-v3.0.0\2011\MIDI-Unprocessed_24_R1_2011_MID--AUDIO_R1-D9_10_Track10_wav.midi,data\raw\maestro-v3.0.0\2011\MIDI-Unprocessed_24_R1_2011_MID--AUDIO_R1-D9_10_Track10_wav.wav,train,fr_d_ric_chopin__etudes_op_10_nos_8,Romantic,2
track_000603,Frédéric Chopin,Etudes Op. 10 Nos. 9,2011,124.808902969,2011/MIDI-Unprocessed_24_R1_2011_MID--AUDIO_R1-D9_11_Track11_wav.midi,2011/MIDI-Unprocessed_24_R1_2011_MID--AUDIO_R1-D9_11_Track11_wav.wav,data\raw\maestro-v3.0.0\2011\MIDI-Unprocessed_24_R1_2011_MID--AUDIO_R1-D9_11_Track11_wav.midi,data\raw\maestro-v3.0.0\2011\MIDI-Unprocessed_24_R1_2011_MID--AUDIO_R1-D9_11_Track11_wav.wav,test,fr_d_ric_chopin__etudes_op_10_nos_9,Romantic,2
track_000604,Frédéric Chopin,Etudes Op. 25 Nos. 1-5,2013,656.746138125,2013/ORIG-MIDI_01_7_8_13_Group__MID--AUDIO_03_R2_2013_wav--1.midi,2013/ORIG-MIDI_01_7_8_13_Group__MID--AUDIO_03_R2_2013_wav--1.wav,data\raw\maestro-v3.0.0\2013\ORIG-MIDI_01_7_8_13_Group__MID--AUDIO_03_R2_2013_wav--1.midi,data\raw\maestro-v3.0.0\2013\ORIG-MIDI_01_7_8_13_Group__MID--AUDIO_03_R2_2013_wav--1.wav,train,fr_d_ric_chopin__etudes_op_25_nos_1_5,Romantic,2
track_000605,Frédéric Chopin,"Fantasie in F Minor, Op. 49",2017,715.326623087,2017/MIDI-Unprocessed_061_PIANO061_MID--AUDIO-split_07-07-17_Piano-e_2-05_wav--3.midi,2017/MIDI-Unprocessed_061_PIANO061_MID--AUDIO-split_07-07-17_Piano-e_2-05_wav--3.wav,data\raw\maestro-v3.0.0\2017\MIDI-Unprocessed_061_PIANO061_MID--AUDIO-split_07-07-17_Piano-e_2-05_wav--3.midi,data\raw\maestro-v3.0.0\2017\MIDI-Unprocessed_061_PIANO061_MID--AUDIO-split_07-07-17_Piano-e_2-05_wav--3.wav,validation,fr_d_ric_chopin__fantasie_in_f_minor_op_49,Romantic,2
track_000606,Frédéric Chopin,"Fantasy in F Minor, Op.49",2009,766.870226719,2009/MIDI-Unprocessed_06_R1_2009_03-07_ORIG_MID--AUDIO_06_R1_2009_06_R1_2009_06_WAV.midi,2009/MIDI-Unprocessed_06_R1_2009_03-07_ORIG_MID--AUDIO_06_R1_2009_06_R1_2009_06_WAV.wav,data\raw\maestro-v3.0.0\2009\MIDI-Unprocessed_06_R1_2009_03-07_ORIG_MID--AUDIO_06_R1_2009_06_R1_2009_06_WAV.midi,data\raw\maestro-v3.0.0\2009\MIDI-Unprocessed_06_R1_2009_03-07_ORIG_MID--AUDIO_06_R1_2009_06_R1_2009_06_WAV.wav,validation,fr_d_ric_chopin__fantasy_in_f_minor_op_49,Romantic,2
track_000607,Frédéric Chopin,Mazurka Op. 50 No. 3 in C-sharp Minor,2013,265.483174688,2013/ORIG-MIDI_01_7_7_13_Group__MID--AUDIO_11_R1_2013_wav--3.midi,2013/ORIG-MIDI_01_7_7_13_Group__MID--AUDIO_11_R1_2013_wav--3.wav,data\raw\maestro-v3.0.0\2013\ORIG-MIDI_01_7_7_13_Group__MID--AUDIO_11_R1_2013_wav--3.midi,data\raw\maestro-v3.0.0\2013\ORIG-MIDI_01_7_7_13_Group__MID--AUDIO_11_R1_2013_wav--3.wav,train,fr_d_ric_chopin__mazurka_op_50_no_3_in_c_sharp_minor,Romantic,2
track_000608,Frédéric Chopin,Mazurka Op. 6 No. 2 in C-sharp Minor,2011,137.6280675,2011/MIDI-Unprocessed_12_R3_2011_MID--AUDIO_R3-D4_02_Track02_wav.midi,2011/MIDI-Unprocessed_12_R3_2011_MID--AUDIO_R3-D4_02_Track02_wav.wav,data\raw\maestro-v3.0.0\2011\MIDI-Unprocessed_12_R3_2011_MID--AUDIO_R3-D4_02_Track02_wav.midi,data\raw\maestro-v3.0.0\2011\MIDI-Unprocessed_12_R3_2011_MID--AUDIO_R3-D4_02_Track02_wav.wav,validation,fr_d_ric_chopin__mazurka_op_6_no_2_in_c_sharp_minor,Romantic,2
track_000609,Frédéric Chopin,"Mazurka in C-sharp Minor, Op. 50 No. 3",2013,235.214775469,2013/ORIG-MIDI_02_7_7_13_Group__MID--AUDIO_16_R1_2013_wav--3.midi,2013/ORIG-MIDI_02_7_7_13_Group__MID--AUDIO_16_R1_2013_wav--3.wav,data\raw\maestro-v3.0.0\2013\ORIG-MIDI_02_7_7_13_Group__MID--AUDIO_16_R1_2013_wav--3.midi,data\raw\maestro-v3.0.0\2013\ORIG-MIDI_02_7_7_13_Group__MID--AUDIO_16_R1_2013_wav--3.wav,train,fr_d_ric_chopin__mazurka_in_c_sharp_minor_op_50_no_3,Romantic,2
track_000610,Frédéric Chopin,"Mazurka in D Major, Op. 33, No. 2",2008,124.491061406,2008/MIDI-Unprocessed_07_R2_2008_01-05_ORIG_MID--AUDIO_07_R2_2008_wav--3.midi,2008/MIDI-Unprocessed_07_R2_2008_01-05_ORIG_MID--AUDIO_07_R2_2008_wav--3.wav,data\raw\maestro-v3.0.0\2008\MIDI-Unprocessed_07_R2_2008_01-05_ORIG_MID--AUDIO_07_R2_2008_wav--3.midi,data\raw\maestro-v3.0.0\2008\MIDI-Unprocessed_07_R2_2008_01-05_ORIG_MID--AUDIO_07_R2_2008_wav--3.wav,validation,fr_d_ric_chopin__mazurka_in_d_major_op_33_no_2,Romantic,2
track_000611,Frédéric Chopin,"Mazurka in F Minor, Op. 7, No. 3",2014,121.519643437,2014/MIDI-UNPROCESSED_04-05_R1_2014_MID--AUDIO_05_R1_2014_wav--5.midi,2014/MIDI-UNPROCESSED_04-05_R1_2014_MID--AUDIO_05_R1_2014_wav--5.wav,data\raw\maestro-v3.0.0\2014\MIDI-UNPROCESSED_04-05_R1_2014_MID--AUDIO_05_R1_2014_wav--5.midi,data\raw\maestro-v3.0.0\2014\MIDI-UNPROCESSED_04-05_R1_2014_MID--AUDIO_05_R1_2014_wav--5.wav,validation,fr_d_ric_chopin__mazurka_in_f_minor_op_7_no_3,Romantic,2
track_000612,Frédéric Chopin,"Mazurka in G-sharp Minor, Op. 33, No. 1",2008,94.3936021875,2008/MIDI-Unprocessed_07_R2_2008_01-05_ORIG_MID--AUDIO_07_R2_2008_wav--2.midi,2008/MIDI-Unprocessed_07_R2_2008_01-05_ORIG_MID--AUDIO_07_R2_2008_wav--2.wav,data\raw\maestro-v3.0.0\2008\MIDI-Unprocessed_07_R2_2008_01-05_ORIG_MID--AUDIO_07_R2_2008_wav--2.midi,data\raw\maestro-v3.0.0\2008\MIDI-Unprocessed_07_R2_2008_01-05_ORIG_MID--AUDIO_07_R2_2008_wav--2.wav,validation,fr_d_ric_chopin__mazurka_in_g_sharp_minor_op_33_no_1,Romantic,2
track_000613,Frédéric Chopin,"Mazurkas, Op. 17 (Complete)",2014,775.889982656,2014/MIDI-UNPROCESSED_04-08-12_R3_2014_MID--AUDIO_12_R3_2014_wav--2.midi,2014/MIDI-UNPROCESSED_04-08-12_R3_2014_MID--AUDIO_12_R3_2014_wav--2.wav,data\raw\maestro-v3.0.0\2014\MIDI-UNPROCESSED_04-08-12_R3_2014_MID--AUDIO_12_R3_2014_wav--2.midi,data\raw\maestro-v3.0.0\2014\MIDI-UNPROCESSED_04-08-12_R3_2014_MID--AUDIO_12_R3_2014_wav--2.wav,validation,fr_d_ric_chopin__mazurkas_op_17_complete,Romantic,2
track_000614,Frédéric Chopin,Nocturne Op. 15 No. 1 in F Major,2015,240.451041667,2015/MIDI-Unprocessed_R1_D1-9-12_mid--AUDIO-from_mp3_12_R1_2015_wav--3.midi,2015/MIDI-Unprocessed_R1_D1-9-12_mid--AUDIO-from_mp3_12_R1_2015_wav--3.wav,data\raw\maestro-v3.0.0\2015\MIDI-Unprocessed_R1_D1-9-12_mid--AUDIO-from_mp3_12_R1_2015_wav--3.midi,data\raw\maestro-v3.0.0\2015\MIDI-Unprocessed_R1_D1-9-12_mid--AUDIO-from_mp3_12_R1_2015_wav--3.wav,test,fr_d_ric_chopin__nocturne_op_15_no_1_in_f_major,Romantic,2
track_000615,Frédéric Chopin,Nocturne Op. 27 No. 1 in C-sharp Minor,2011,293.216854219,2011/MIDI-Unprocessed_22_R2_2011_MID--AUDIO_R2-D5_10_Track10_wav.midi,2011/MIDI-Unprocessed_22_R2_2011_MID--AUDIO_R2-D5_10_Track10_wav.wav,data\raw\maestro-v3.0.0\2011\MIDI-Unprocessed_22_R2_2011_MID--AUDIO_R2-D5_10_Track10_wav.midi,data\raw\maestro-v3.0.0\2011\MIDI-Unprocessed_22_R2_2011_MID--AUDIO_R2-D5_10_Track10_wav.wav,test,fr_d_ric_chopin__nocturne_op_27_no_1_in_c_sharp_minor,Romantic,2
track_000616,Frédéric Chopin,Nocturne Op. 27 No. 2 in D-flat Major,2015,351.594791667,2015/MIDI-Unprocessed_R1_D2-21-22_mid--AUDIO-from_mp3_22_R1_2015_wav--4.midi,2015/MIDI-Unprocessed_R1_D2-21-22_mid--AUDIO-from_mp3_22_R1_2015_wav--4.wav,data\raw\maestro-v3.0.0\2015\MIDI-Unprocessed_R1_D2-21-22_mid--AUDIO-from_mp3_22_R1_2015_wav--4.midi,data\raw\maestro-v3.0.0\2015\MIDI-Unprocessed_R1_D2-21-22_mid--AUDIO-from_mp3_22_R1_2015_wav--4.wav,validation,fr_d_ric_chopin__nocturne_op_27_no_2_in_d_flat_major,Romantic,2
track_000617,Frédéric Chopin,Nocturne Op. 27 No. 2 in D-flat Major,2017,341.238712538,2017/MIDI-Unprocessed_058_PIANO058_MID--AUDIO-split_07-07-17_Piano-e_2-02_wav--4.midi,2017/MIDI-Unprocessed_058_PIANO058_MID--AUDIO-split_07-07-17_Piano-e_2-02_wav--4.wav,data\raw\maestro-v3.0.0\2017\MIDI-Unprocessed_058_PIANO058_MID--AUDIO-split_07-07-17_Piano-e_2-02_wav--4.midi,data\raw\maestro-v3.0.0\2017\MIDI-Unprocessed_058_PIANO058_MID--AUDIO-split_07-07-17_Piano-e_2-02_wav--4.wav,validation,fr_d_ric_chopin__nocturne_op_27_no_2_in_d_flat_major,Romantic,2
track_000618,Frédéric Chopin,Nocturne Op. 32 No. 2 in A-flat Major,2011,261.275112656,2011/MIDI-Unprocessed_02_R2_2011_MID--AUDIO_R2-D1_03_Track03_wav.midi,2011/MIDI-Unprocessed_02_R2_2011_MID--AUDIO_R2-D1_03_Track03_wav.wav,data\raw\maestro-v3.0.0\2011\MIDI-Unprocessed_02_R2_2011_MID--AUDIO_R2-D1_03_Track03_wav.midi,data\raw\maestro-v3.0.0\2011\MIDI-Unprocessed_02_R2_2011_MID--AUDIO_R2-D1_03_Track03_wav.wav,validation,fr_d_ric_chopin__nocturne_op_32_no_2_in_a_flat_major,Romantic,2
track_000619,Frédéric Chopin,Nocturne Op. 48 No. 1 in C Minor,2015,297.4875,2015/MIDI-Unprocessed_R1_D1-1-8_mid--AUDIO-from_mp3_01_R1_2015_wav--2.midi,2015/MIDI-Unprocessed_R1_D1-1-8_mid--AUDIO-from_mp3_01_R1_2015_wav--2.wav,data\raw\maestro-v3.0.0\2015\MIDI-Unprocessed_R1_D1-1-8_mid--AUDIO-from_mp3_01_R1_2015_wav--2.midi,data\raw\maestro-v3.0.0\2015\MIDI-Unprocessed_R1_D1-1-8_mid--AUDIO-from_mp3_01_R1_2015_wav--2.wav,validation,fr_d_ric_chopin__nocturne_op_48_no_1_in_c_minor,Romantic,2
track_000620,Frédéric Chopin,Nocturne Op. 55 No. 2 in E-flat Major,2015,278.460416667,2015/MIDI-Unprocessed_R1_D1-1-8_mid--AUDIO-from_mp3_04_R1_2015_wav--3.midi,2015/MIDI-Unprocessed_R1_D1-1-8_mid--AUDIO-from_mp3_04_R1_2015_wav--3.wav,data\raw\maestro-v3.0.0\2015\MIDI-Unprocessed_R1_D1-1-8_mid--AUDIO-from_mp3_04_R1_2015_wav--3.midi,data\raw\maestro-v3.0.0\2015\MIDI-Unprocessed_R1_D1-1-8_mid--AUDIO-from_mp3_04_R1_2015_wav--3.wav,validation,fr_d_ric_chopin__nocturne_op_55_no_2_in_e_flat_major,Romantic,2
track_000621,Frédéric Chopin,Nocturne Op. 62 No. 1 in B Major,2017,405.313184896,2017/MIDI-Unprocessed_072_PIANO072_MID--AUDIO-split_07-08-17_Piano-e_1-06_wav--3.midi,2017/MIDI-Unprocessed_072_PIANO072_MID--AUDIO-split_07-08-17_Piano-e_1-06_wav--3.wav,data\raw\maestro-v3.0.0\2017\MIDI-Unprocessed_072_PIANO072_MID--AUDIO-split_07-08-17_Piano-e_1-06_wav--3.midi,data\raw\maestro-v3.0.0\2017\MIDI-Unprocessed_072_PIANO072_MID--AUDIO-split_07-08-17_Piano-e_1-06_wav--3.wav,validation,fr_d_ric_chopin__nocturne_op_62_no_1_in_b_major,Romantic,2
track_000622,Frédéric Chopin,"Nocturne Op. 62, No. 2",2009,371.021263594,2009/MIDI-Unprocessed_06_R1_2009_03-07_ORIG_MID--AUDIO_06_R1_2009_06_R1_2009_05_WAV.midi,2009/MIDI-Unprocessed_06_R1_2009_03-07_ORIG_MID--AUDIO_06_R1_2009_06_R1_2009_05_WAV.wav,data\raw\maestro-v3.0.0\2009\MIDI-Unprocessed_06_R1_2009_03-07_ORIG_MID--AUDIO_06_R1_2009_06_R1_2009_05_WAV.midi,data\raw\maestro-v3.0.0\2009\MIDI-Unprocessed_06_R1_2009_03-07_ORIG_MID--AUDIO_06_R1_2009_06_R1_2009_05_WAV.wav,validation,fr_d_ric_chopin__nocturne_op_62_no_2,Romantic,2
track_000623,Frédéric Chopin,Nocturne Op. 9 No. 2 in E-flat Major,2011,220.688881875,2011/MIDI-Unprocessed_06_R3_2011_MID--AUDIO_R3-D3_05_Track05_wav.midi,2011/MIDI-Unprocessed_06_R3_2011_MID--AUDIO_R3-D3_05_Track05_wav.wav,data\raw\maestro-v3.0.0\2011\MIDI-Unprocessed_06_R3_2011_MID--AUDIO_R3-D3_05_Track05_wav.midi,data\raw\maestro-v3.0.0\2011\MIDI-Unprocessed_06_R3_2011_MID--AUDIO_R3-D3_05_Track05_wav.wav,validation,fr_d_ric_chopin__nocturne_op_9_no_2_in_e_flat_major,Romantic,2
track_000624,Frédéric Chopin,"Nocturne in B Major, Op. 9, No. 3",2009,346.917388125,2009/MIDI-Unprocessed_02_R1_2009_03-06_ORIG_MID--AUDIO_02_R1_2009_02_R1_2009_03_WAV.midi,2009/MIDI-Unprocessed_02_R1_2009_03-06_ORIG_MID--AUDIO_02_R1_2009_02_R1_2009_03_WAV.wav,data\raw\maestro-v3.0.0\2009\MIDI-Unprocessed_02_R1_2009_03-06_ORIG_MID--AUDIO_02_R1_2009_02_R1_2009_03_WAV.midi,data\raw\maestro-v3.0.0\2009\MIDI-Unprocessed_02_R1_2009_03-06_ORIG_MID--AUDIO_02_R1_2009_02_R1_2009_03_WAV.wav,test,fr_d_ric_chopin__nocturne_in_b_major_op_9_no_3,Romantic,2
track_000625,Frédéric Chopin,"Nocturne in B Major, Op. 9, No. 3",2014,352.914978281,2014/MIDI-UNPROCESSED_01-03_R1_2014_MID--AUDIO_03_R1_2014_wav--4.midi,2014/MIDI-UNPROCESSED_01-03_R1_2014_MID--AUDIO_03_R1_2014_wav--4.wav,data\raw\maestro-v3.0.0\2014\MIDI-UNPROCESSED_01-03_R1_2014_MID--AUDIO_03_R1_2014_wav--4.midi,data\raw\maestro-v3.0.0\2014\MIDI-UNPROCESSED_01-03_R1_2014_MID--AUDIO_03_R1_2014_wav--4.wav,test,fr_d_ric_chopin__nocturne_in_b_major_op_9_no_3,Romantic,2
track_000626,Frédéric Chopin,"Nocturne in C Minor, Op. 48 No. 1",2008,295.043775469,2008/MIDI-Unprocessed_16_R1_2008_01-04_ORIG_MID--AUDIO_16_R1_2008_wav--3.midi,2008/MIDI-Unprocessed_16_R1_2008_01-04_ORIG_MID--AUDIO_16_R1_2008_wav--3.wav,data\raw\maestro-v3.0.0\2008\MIDI-Unprocessed_16_R1_2008_01-04_ORIG_MID--AUDIO_16_R1_2008_wav--3.midi,data\raw\maestro-v3.0.0\2008\MIDI-Unprocessed_16_R1_2008_01-04_ORIG_MID--AUDIO_16_R1_2008_wav--3.wav,validation,fr_d_ric_chopin__nocturne_in_c_minor_op_48_no_1,Romantic,2
track_000627,Frédéric Chopin,"Nocturne in C-Sharp Minor, Op. Posth.",2014,230.862482812,2014/MIDI-UNPROCESSED_04-05_R1_2014_MID--AUDIO_05_R1_2014_wav--6.midi,2014/MIDI-UNPROCESSED_04-05_R1_2014_MID--AUDIO_05_R1_2014_wav--6.wav,data\raw\maestro-v3.0.0\2014\MIDI-UNPROCESSED_04-05_R1_2014_MID--AUDIO_05_R1_2014_wav--6.midi,data\raw\maestro-v3.0.0\2014\MIDI-UNPROCESSED_04-05_R1_2014_MID--AUDIO_05_R1_2014_wav--6.wav,train,fr_d_ric_chopin__nocturne_in_c_sharp_minor_op_posth,Romantic,2
track_000628,Frédéric Chopin,"Nocturne in C-sharp Minor, Op. 27 No. 1",2017,302.6908245,2017/MIDI-Unprocessed_057_PIANO057_MID--AUDIO-split_07-07-17_Piano-e_1-07_wav--3.midi,2017/MIDI-Unprocessed_057_PIANO057_MID--AUDIO-split_07-07-17_Piano-e_1-07_wav--3.wav,data\raw\maestro-v3.0.0\2017\MIDI-Unprocessed_057_PIANO057_MID--AUDIO-split_07-07-17_Piano-e_1-07_wav--3.midi,data\raw\maestro-v3.0.0\2017\MIDI-Unprocessed_057_PIANO057_MID--AUDIO-split_07-07-17_Piano-e_1-07_wav--3.wav,test,fr_d_ric_chopin__nocturne_in_c_sharp_minor_op_27_no_1,Romantic,2
track_000629,Frédéric Chopin,Nocturne in Db,2006,423.666777187,2006/MIDI-Unprocessed_19_R1_2006_01-07_ORIG_MID--AUDIO_19_R1_2006_06_Track06_wav.midi,2006/MIDI-Unprocessed_19_R1_2006_01-07_ORIG_MID--AUDIO_19_R1_2006_06_Track06_wav.wav,data\raw\maestro-v3.0.0\2006\MIDI-Unprocessed_19_R1_2006_01-07_ORIG_MID--AUDIO_19_R1_2006_06_Track06_wav.midi,data\raw\maestro-v3.0.0\2006\MIDI-Unprocessed_19_R1_2006_01-07_ORIG_MID--AUDIO_19_R1_2006_06_Track06_wav.wav,validation,fr_d_ric_chopin__nocturne_in_db,Romantic,2
track_000630,Frédéric Chopin,Nocturne in Db,2006,355.499110313,2006/MIDI-Unprocessed_19_R1_2006_01-07_ORIG_MID--AUDIO_19_R1_2006_07_Track07_wav.midi,2006/MIDI-Unprocessed_19_R1_2006_01-07_ORIG_MID--AUDIO_19_R1_2006_07_Track07_wav.wav,data\raw\maestro-v3.0.0\2006\MIDI-Unprocessed_19_R1_2006_01-07_ORIG_MID--AUDIO_19_R1_2006_07_Track07_wav.midi,data\raw\maestro-v3.0.0\2006\MIDI-Unprocessed_19_R1_2006_01-07_ORIG_MID--AUDIO_19_R1_2006_07_Track07_wav.wav,validation,fr_d_ric_chopin__nocturne_in_db,Romantic,2
track_000631,Frédéric Chopin,"Nocturne in E-flat Major, Op. 55 No. 2",2013,278.441227969,2013/ORIG-MIDI_03_7_8_13_Group__MID--AUDIO_18_R2_2013_wav--3.midi,2013/ORIG-MIDI_03_7_8_13_Group__MID--AUDIO_18_R2_2013_wav--3.wav,data\raw\maestro-v3.0.0\2013\ORIG-MIDI_03_7_8_13_Group__MID--AUDIO_18_R2_2013_wav--3.midi,data\raw\maestro-v3.0.0\2013\ORIG-MIDI_03_7_8_13_Group__MID--AUDIO_18_R2_2013_wav--3.wav,validation,fr_d_ric_chopin__nocturne_in_e_flat_major_op_55_no_2,Romantic,2
track_000632,Frédéric Chopin,"Nocturne in F-sharp Major, Op. 15, No. 2",2008,230.070549844,2008/MIDI-Unprocessed_17_R2_2008_01-04_ORIG_MID--AUDIO_17_R2_2008_wav--1.midi,2008/MIDI-Unprocessed_17_R2_2008_01-04_ORIG_MID--AUDIO_17_R2_2008_wav--1.wav,data\raw\maestro-v3.0.0\2008\MIDI-Unprocessed_17_R2_2008_01-04_ORIG_MID--AUDIO_17_R2_2008_wav--1.midi,data\raw\maestro-v3.0.0\2008\MIDI-Unprocessed_17_R2_2008_01-04_ORIG_MID--AUDIO_17_R2_2008_wav--1.wav,test,fr_d_ric_chopin__nocturne_in_f_sharp_major_op_15_no_2,Romantic,2
track_000633,Frédéric Chopin,Polonaise Op. 26 in E-flat Minor,2008,423.697492969,2008/MIDI-Unprocessed_09_R2_2008_01-05_ORIG_MID--AUDIO_09_R2_2008_wav--3.midi,2008/MIDI-Unprocessed_09_R2_2008_01-05_ORIG_MID--AUDIO_09_R2_2008_wav--3.wav,data\raw\maestro-v3.0.0\2008\MIDI-Unprocessed_09_R2_2008_01-05_ORIG_MID--AUDIO_09_R2_2008_wav--3.midi,data\raw\maestro-v3.0.0\2008\MIDI-Unprocessed_09_R2_2008_01-05_ORIG_MID--AUDIO_09_R2_2008_wav--3.wav,test,fr_d_ric_chopin__polonaise_op_26_in_e_flat_minor,Romantic,2
track_000634,Frédéric Chopin,Polonaise Op. 44,2006,662.006549531,2006/MIDI-Unprocessed_15_R1_2006_01-05_ORIG_MID--AUDIO_15_R1_2006_02_Track02_wav.midi,2006/MIDI-Unprocessed_15_R1_2006_01-05_ORIG_MID--AUDIO_15_R1_2006_02_Track02_wav.wav,data\raw\maestro-v3.0.0\2006\MIDI-Unprocessed_15_R1_2006_01-05_ORIG_MID--AUDIO_15_R1_2006_02_Track02_wav.midi,data\raw\maestro-v3.0.0\2006\MIDI-Unprocessed_15_R1_2006_01-05_ORIG_MID--AUDIO_15_R1_2006_02_Track02_wav.wav,test,fr_d_ric_chopin__polonaise_op_44,Romantic,2
track_000635,Frédéric Chopin,Polonaise Op. 53 in A-flat Major,2013,456.126680625,2013/ORIG-MIDI_03_7_8_13_Group__MID--AUDIO_19_R2_2013_wav--4.midi,2013/ORIG-MIDI_03_7_8_13_Group__MID--AUDIO_19_R2_2013_wav--4.wav,data\raw\maestro-v3.0.0\2013\ORIG-MIDI_03_7_8_13_Group__MID--AUDIO_19_R2_2013_wav--4.midi,data\raw\maestro-v3.0.0\2013\ORIG-MIDI_03_7_8_13_Group__MID--AUDIO_19_R2_2013_wav--4.wav,test,fr_d_ric_chopin__polonaise_op_53_in_a_flat_major,Romantic,2
track_000636,Frédéric Chopin,Polonaise Op. 53 in A-flat Major,2011,379.931511094,2011/MIDI-Unprocessed_22_R2_2011_MID--AUDIO_R2-D5_11_Track11_wav.midi,2011/MIDI-Unprocessed_22_R2_2011_MID--AUDIO_R2-D5_11_Track11_wav.wav,data\raw\maestro-v3.0.0\2011\MIDI-Unprocessed_22_R2_2011_MID--AUDIO_R2-D5_11_Track11_wav.midi,data\raw\maestro-v3.0.0\2011\MIDI-Unprocessed_22_R2_2011_MID--AUDIO_R2-D5_11_Track11_wav.wav,test,fr_d_ric_chopin__polonaise_op_53_in_a_flat_major,Romantic,2
track_000637,Frédéric Chopin,Polonaise-Fantasie,2006,779.016315,2006/MIDI-Unprocessed_17_R1_2006_01-06_ORIG_MID--AUDIO_17_R1_2006_02_Track02_wav.midi,2006/MIDI-Unprocessed_17_R1_2006_01-06_ORIG_MID--AUDIO_17_R1_2006_02_Track02_wav.wav,data\raw\maestro-v3.0.0\2006\MIDI-Unprocessed_17_R1_2006_01-06_ORIG_MID--AUDIO_17_R1_2006_02_Track02_wav.midi,data\raw\maestro-v3.0.0\2006\MIDI-Unprocessed_17_R1_2006_01-06_ORIG_MID--AUDIO_17_R1_2006_02_Track02_wav.wav,test,fr_d_ric_chopin__polonaise_fantasie,Romantic,2
track_000638,Frédéric Chopin,Polonaise-Fantasie Op. 61,2008,664.581333281,2008/MIDI-Unprocessed_12_R1_2008_01-04_ORIG_MID--AUDIO_12_R1_2008_wav--4.midi,2008/MIDI-Unprocessed_12_R1_2008_01-04_ORIG_MID--AUDIO_12_R1_2008_wav--4.wav,data\raw\maestro-v3.0.0\2008\MIDI-Unprocessed_12_R1_2008_01-04_ORIG_MID--AUDIO_12_R1_2008_wav--4.midi,data\raw\maestro-v3.0.0\2008\MIDI-Unprocessed_12_R1_2008_01-04_ORIG_MID--AUDIO_12_R1_2008_wav--4.wav,test,fr_d_ric_chopin__polonaise_fantasie_op_61,Romantic,2
track_000639,Frédéric Chopin,"Polonaise-Fantasie, Op. 61",2009,721.536404531,2009/MIDI-Unprocessed_01_R1_2009_01-04_ORIG_MID--AUDIO_01_R1_2009_01_R1_2009_04_WAV.midi,2009/MIDI-Unprocessed_01_R1_2009_01-04_ORIG_MID--AUDIO_01_R1_2009_01_R1_2009_04_WAV.wav,data\raw\maestro-v3.0.0\2009\MIDI-Unprocessed_01_R1_2009_01-04_ORIG_MID--AUDIO_01_R1_2009_01_R1_2009_04_WAV.midi,data\raw\maestro-v3.0.0\2009\MIDI-Unprocessed_01_R1_2009_01-04_ORIG_MID--AUDIO_01_R1_2009_01_R1_2009_04_WAV.wav,test,fr_d_ric_chopin__polonaise_fantasie_op_61,Romantic,2
track_000640,Frédéric Chopin,"Polonaise-Fantasie, Op. 61",2009,779.399594531,2009/MIDI-Unprocessed_07_R1_2009_01-03_ORIG_MID--AUDIO_07_R1_2009_07_R1_2009_03_WAV.midi,2009/MIDI-Unprocessed_07_R1_2009_01-03_ORIG_MID--AUDIO_07_R1_2009_07_R1_2009_03_WAV.wav,data\raw\maestro-v3.0.0\2009\MIDI-Unprocessed_07_R1_2009_01-03_ORIG_MID--AUDIO_07_R1_2009_07_R1_2009_03_WAV.midi,data\raw\maestro-v3.0.0\2009\MIDI-Unprocessed_07_R1_2009_01-03_ORIG_MID--AUDIO_07_R1_2009_07_R1_2009_03_WAV.wav,test,fr_d_ric_chopin__polonaise_fantasie_op_61,Romantic,2
track_000641,Frédéric Chopin,"Preludes, Book II, L 123, VI. Général Lavine - eccentric",2015,151.232291667,2015/MIDI-Unprocessed_R1_D1-1-8_mid--AUDIO-from_mp3_02_R1_2015_wav--5.midi,2015/MIDI-Unprocessed_R1_D1-1-8_mid--AUDIO-from_mp3_02_R1_2015_wav--5.wav,data\raw\maestro-v3.0.0\2015\MIDI-Unprocessed_R1_D1-1-8_mid--AUDIO-from_mp3_02_R1_2015_wav--5.midi,data\raw\maestro-v3.0.0\2015\MIDI-Unprocessed_R1_D1-1-8_mid--AUDIO-from_mp3_02_R1_2015_wav--5.wav,train,fr_d_ric_chopin__preludes_book_ii_l_123_vi_g_n_ral_lavine_eccentric,Romantic,2
track_000642,Frédéric Chopin,"Preludes, Op.28",2009,2622.72440719,2009/MIDI-Unprocessed_17_R1_2009_04_ORIG_MID--AUDIO_17_R1_2009_17_R1_2009_04_WAV.midi,2009/MIDI-Unprocessed_17_R1_2009_04_ORIG_MID--AUDIO_17_R1_2009_17_R1_2009_04_WAV.wav,data\raw\maestro-v3.0.0\2009\MIDI-Unprocessed_17_R1_2009_04_ORIG_MID--AUDIO_17_R1_2009_17_R1_2009_04_WAV.midi,data\raw\maestro-v3.0.0\2009\MIDI-Unprocessed_17_R1_2009_04_ORIG_MID--AUDIO_17_R1_2009_17_R1_2009_04_WAV.wav,train,fr_d_ric_chopin__preludes_op_28,Romantic,2
track_000643,Frédéric Chopin,"Rondo in C Minor, Op. 1",2011,610.798000312,2011/MIDI-Unprocessed_19_R1_2011_MID--AUDIO_R1-D7_15_Track15_wav.midi,2011/MIDI-Unprocessed_19_R1_2011_MID--AUDIO_R1-D7_15_Track15_wav.wav,data\raw\maestro-v3.0.0\2011\MIDI-Unprocessed_19_R1_2011_MID--AUDIO_R1-D7_15_Track15_wav.midi,data\raw\maestro-v3.0.0\2011\MIDI-Unprocessed_19_R1_2011_MID--AUDIO_R1-D7_15_Track15_wav.wav,test,fr_d_ric_chopin__rondo_in_c_minor_op_1,Romantic,2
track_000644,Frédéric Chopin,"Rondo in C minor, Op. 1",2013,496.481875313,2013/ORIG-MIDI_01_7_6_13_Group__MID--AUDIO_04_R1_2013_wav--4.midi,2013/ORIG-MIDI_01_7_6_13_Group__MID--AUDIO_04_R1_2013_wav--4.wav,data\raw\maestro-v3.0.0\2013\ORIG-MIDI_01_7_6_13_Group__MID--AUDIO_04_R1_2013_wav--4.midi,data\raw\maestro-v3.0.0\2013\ORIG-MIDI_01_7_6_13_Group__MID--AUDIO_04_R1_2013_wav--4.wav,test,fr_d_ric_chopin__rondo_in_c_minor_op_1,Romantic,2
track_000645,Frédéric Chopin,"Scherzo No. 1 in B Minor, Op. 20",2011,506.0037675,2011/MIDI-Unprocessed_01_R1_2011_MID--AUDIO_R1-D1_06_Track06_wav.midi,2011/MIDI-Unprocessed_01_R1_2011_MID--AUDIO_R1-D1_06_Track06_wav.wav,data\raw\maestro-v3.0.0\2011\MIDI-Unprocessed_01_R1_2011_MID--AUDIO_R1-D1_06_Track06_wav.midi,data\raw\maestro-v3.0.0\2011\MIDI-Unprocessed_01_R1_2011_MID--AUDIO_R1-D1_06_Track06_wav.wav,validation,fr_d_ric_chopin__scherzo_no_1_in_b_minor_op_20,Romantic,2
track_000646,Frédéric Chopin,"Scherzo No. 1 in B Minor, Op. 20",2011,527.487453281,2011/MIDI-Unprocessed_07_R1_2011_MID--AUDIO_R1-D3_05_Track05_wav.midi,2011/MIDI-Unprocessed_07_R1_2011_MID--AUDIO_R1-D3_05_Track05_wav.wav,data\raw\maestro-v3.0.0\2011\MIDI-Unprocessed_07_R1_2011_MID--AUDIO_R1-D3_05_Track05_wav.midi,data\raw\maestro-v3.0.0\2011\MIDI-Unprocessed_07_R1_2011_MID--AUDIO_R1-D3_05_Track05_wav.wav,validation,fr_d_ric_chopin__scherzo_no_1_in_b_minor_op_20,Romantic,2
track_000647,Frédéric Chopin,"Scherzo No. 1 in B minor, Op. 20",2013,555.1917525,2013/ORIG-MIDI_03_7_6_13_Group__MID--AUDIO_10_R1_2013_wav--4.midi,2013/ORIG-MIDI_03_7_6_13_Group__MID--AUDIO_10_R1_2013_wav--4.wav,data\raw\maestro-v3.0.0\2013\ORIG-MIDI_03_7_6_13_Group__MID--AUDIO_10_R1_2013_wav--4.midi,data\raw\maestro-v3.0.0\2013\ORIG-MIDI_03_7_6_13_Group__MID--AUDIO_10_R1_2013_wav--4.wav,validation,fr_d_ric_chopin__scherzo_no_1_in_b_minor_op_20,Romantic,2
track_000648,Frédéric Chopin,"Scherzo No. 2 in B-Flat Minor, Op.31",2014,578.37549,2014/MIDI-UNPROCESSED_06-08_R1_2014_MID--AUDIO_07_R1_2014_wav--3.midi,2014/MIDI-UNPROCESSED_06-08_R1_2014_MID--AUDIO_07_R1_2014_wav--3.wav,data\raw\maestro-v3.0.0\2014\MIDI-UNPROCESSED_06-08_R1_2014_MID--AUDIO_07_R1_2014_wav--3.midi,data\raw\maestro-v3.0.0\2014\MIDI-UNPROCESSED_06-08_R1_2014_MID--AUDIO_07_R1_2014_wav--3.wav,train,fr_d_ric_chopin__scherzo_no_2_in_b_flat_minor_op_31,Romantic,2
track_000649,Frédéric Chopin,"Scherzo No. 2 in B-flat Major, Op. 31",2015,581.988541667,2015/MIDI-Unprocessed_R1_D1-1-8_mid--AUDIO-from_mp3_07_R1_2015_wav--4.midi,2015/MIDI-Unprocessed_R1_D1-1-8_mid--AUDIO-from_mp3_07_R1_2015_wav--4.wav,data\raw\maestro-v3.0.0\2015\MIDI-Unprocessed_R1_D1-1-8_mid--AUDIO-from_mp3_07_R1_2015_wav--4.midi,data\raw\maestro-v3.0.0\2015\MIDI-Unprocessed_R1_D1-1-8_mid--AUDIO-from_mp3_07_R1_2015_wav--4.wav,train,fr_d_ric_chopin__scherzo_no_2_in_b_flat_major_op_31,Romantic,2
track_000650,Frédéric Chopin,"Scherzo No. 2 in B-flat Major, Op. 31",2017,558.0485476,2017/MIDI-Unprocessed_056_PIANO056_MID--AUDIO-split_07-07-17_Piano-e_1-05_wav--4.midi,2017/MIDI-Unprocessed_056_PIANO056_MID--AUDIO-split_07-07-17_Piano-e_1-05_wav--4.wav,data\raw\maestro-v3.0.0\2017\MIDI-Unprocessed_056_PIANO056_MID--AUDIO-split_07-07-17_Piano-e_1-05_wav--4.midi,data\raw\maestro-v3.0.0\2017\MIDI-Unprocessed_056_PIANO056_MID--AUDIO-split_07-07-17_Piano-e_1-05_wav--4.wav,train,fr_d_ric_chopin__scherzo_no_2_in_b_flat_major_op_31,Romantic,2
track_000651,Frédéric Chopin,"Scherzo No. 2 in B-flat Major, Op. 31",2017,581.174502658,2017/MIDI-Unprocessed_057_PIANO057_MID--AUDIO-split_07-07-17_Piano-e_1-07_wav--5.midi,2017/MIDI-Unprocessed_057_PIANO057_MID--AUDIO-split_07-07-17_Piano-e_1-07_wav--5.wav,data\raw\maestro-v3.0.0\2017\MIDI-Unprocessed_057_PIANO057_MID--AUDIO-split_07-07-17_Piano-e_1-07_wav--5.midi,data\raw\maestro-v3.0.0\2017\MIDI-Unprocessed_057_PIANO057_MID--AUDIO-split_07-07-17_Piano-e_1-07_wav--5.wav,train,fr_d_ric_chopin__scherzo_no_2_in_b_flat_major_op_31,Romantic,2
track_000652,Frédéric Chopin,"Scherzo No. 2 in B-flat Minor, Op. 31",2008,549.705646875,2008/MIDI-Unprocessed_10_R1_2008_01-04_ORIG_MID--AUDIO_10_R1_2008_wav--3.midi,2008/MIDI-Unprocessed_10_R1_2008_01-04_ORIG_MID--AUDIO_10_R1_2008_wav--3.wav,data\raw\maestro-v3.0.0\2008\MIDI-Unprocessed_10_R1_2008_01-04_ORIG_MID--AUDIO_10_R1_2008_wav--3.midi,data\raw\maestro-v3.0.0\2008\MIDI-Unprocessed_10_R1_2008_01-04_ORIG_MID--AUDIO_10_R1_2008_wav--3.wav,train,fr_d_ric_chopin__scherzo_no_2_in_b_flat_minor_op_31,Romantic,2
track_000653,Frédéric Chopin,"Scherzo No. 2 in B-flat Minor, Op. 31",2015,533.733333333,2015/MIDI-Unprocessed_R1_D2-13-20_mid--AUDIO-from_mp3_16_R1_2015_wav--4.midi,2015/MIDI-Unprocessed_R1_D2-13-20_mid--AUDIO-from_mp3_16_R1_2015_wav--4.wav,data\raw\maestro-v3.0.0\2015\MIDI-Unprocessed_R1_D2-13-20_mid--AUDIO-from_mp3_16_R1_2015_wav--4.midi,data\raw\maestro-v3.0.0\2015\MIDI-Unprocessed_R1_D2-13-20_mid--AUDIO-from_mp3_16_R1_2015_wav--4.wav,train,fr_d_ric_chopin__scherzo_no_2_in_b_flat_minor_op_31,Romantic,2
track_000654,Frédéric Chopin,"Scherzo No. 2 in B-flat Minor, Op. 31",2015,622.283333333,2015/MIDI-Unprocessed_R1_D2-13-20_mid--AUDIO-from_mp3_20_R1_2015_wav--4.midi,2015/MIDI-Unprocessed_R1_D2-13-20_mid--AUDIO-from_mp3_20_R1_2015_wav--4.wav,data\raw\maestro-v3.0.0\2015\MIDI-Unprocessed_R1_D2-13-20_mid--AUDIO-from_mp3_20_R1_2015_wav--4.midi,data\raw\maestro-v3.0.0\2015\MIDI-Unprocessed_R1_D2-13-20_mid--AUDIO-from_mp3_20_R1_2015_wav--4.wav,train,fr_d_ric_chopin__scherzo_no_2_in_b_flat_minor_op_31,Romantic,2
track_000655,Frédéric Chopin,"Scherzo No. 2 in B-flat Minor, Op. 31",2015,536.088541667,2015/MIDI-Unprocessed_R2_D1-2-3-6-7-8-11_mid--AUDIO-from_mp3_06_R2_2015_wav--4.midi,2015/MIDI-Unprocessed_R2_D1-2-3-6-7-8-11_mid--AUDIO-from_mp3_06_R2_2015_wav--4.wav,data\raw\maestro-v3.0.0\2015\MIDI-Unprocessed_R2_D1-2-3-6-7-8-11_mid--AUDIO-from_mp3_06_R2_2015_wav--4.midi,data\raw\maestro-v3.0.0\2015\MIDI-Unprocessed_R2_D1-2-3-6-7-8-11_mid--AUDIO-from_mp3_06_R2_2015_wav--4.wav,train,fr_d_ric_chopin__scherzo_no_2_in_b_flat_minor_op_31,Romantic,2
track_000656,Frédéric Chopin,"Scherzo No. 2 in B-flat Minor, Op. 31",2015,580.788541667,2015/MIDI-Unprocessed_R2_D2-19-21-22_mid--AUDIO-from_mp3_22_R2_2015_wav--3.midi,2015/MIDI-Unprocessed_R2_D2-19-21-22_mid--AUDIO-from_mp3_22_R2_2015_wav--3.wav,data\raw\maestro-v3.0.0\2015\MIDI-Unprocessed_R2_D2-19-21-22_mid--AUDIO-from_mp3_22_R2_2015_wav--3.midi,data\raw\maestro-v3.0.0\2015\MIDI-Unprocessed_R2_D2-19-21-22_mid--AUDIO-from_mp3_22_R2_2015_wav--3.wav,train,fr_d_ric_chopin__scherzo_no_2_in_b_flat_minor_op_31,Romantic,2
track_000657,Frédéric Chopin,"Scherzo No. 2 in B-flat Minor, Op. 31",2017,577.134992537,2017/MIDI-Unprocessed_062_PIANO062_MID--AUDIO-split_07-07-17_Piano-e_2-07_wav--4.midi,2017/MIDI-Unprocessed_062_PIANO062_MID--AUDIO-split_07-07-17_Piano-e_2-07_wav--4.wav,data\raw\maestro-v3.0.0\2017\MIDI-Unprocessed_062_PIANO062_MID--AUDIO-split_07-07-17_Piano-e_2-07_wav--4.midi,data\raw\maestro-v3.0.0\2017\MIDI-Unprocessed_062_PIANO062_MID--AUDIO-split_07-07-17_Piano-e_2-07_wav--4.wav,train,fr_d_ric_chopin__scherzo_no_2_in_b_flat_minor_op_31,Romantic,2
track_000658,Frédéric Chopin,"Scherzo No. 2 in B-flat Minor, Op.31",2009,565.314605625,2009/MIDI-Unprocessed_06_R1_2009_03-07_ORIG_MID--AUDIO_06_R1_2009_06_R1_2009_07_WAV.midi,2009/MIDI-Unprocessed_06_R1_2009_03-07_ORIG_MID--AUDIO_06_R1_2009_06_R1_2009_07_WAV.wav,data\raw\maestro-v3.0.0\2009\MIDI-Unprocessed_06_R1_2009_03-07_ORIG_MID--AUDIO_06_R1_2009_06_R1_2009_07_WAV.midi,data\raw\maestro-v3.0.0\2009\MIDI-Unprocessed_06_R1_2009_03-07_ORIG_MID--AUDIO_06_R1_2009_06_R1_2009_07_WAV.wav,train,fr_d_ric_chopin__scherzo_no_2_in_b_flat_minor_op_31,Romantic,2
track_000659,Frédéric Chopin,Scherzo No. 3,2006,433.202024063,2006/MIDI-Unprocessed_01_R1_2006_01-09_ORIG_MID--AUDIO_01_R1_2006_05_Track05_wav.midi,2006/MIDI-Unprocessed_01_R1_2006_01-09_ORIG_MID--AUDIO_01_R1_2006_05_Track05_wav.wav,data\raw\maestro-v3.0.0\2006\MIDI-Unprocessed_01_R1_2006_01-09_ORIG_MID--AUDIO_01_R1_2006_05_Track05_wav.midi,data\raw\maestro-v3.0.0\2006\MIDI-Unprocessed_01_R1_2006_01-09_ORIG_MID--AUDIO_01_R1_2006_05_Track05_wav.wav,train,fr_d_ric_chopin__scherzo_no_3,Romantic,2
track_000660,Frédéric Chopin,"Scherzo No. 3 in C-sharp Minor, Op. 39",2015,418.929166667,2015/MIDI-Unprocessed_R1_D1-1-8_mid--AUDIO-from_mp3_05_R1_2015_wav--5.midi,2015/MIDI-Unprocessed_R1_D1-1-8_mid--AUDIO-from_mp3_05_R1_2015_wav--5.wav,data\raw\maestro-v3.0.0\2015\MIDI-Unprocessed_R1_D1-1-8_mid--AUDIO-from_mp3_05_R1_2015_wav--5.midi,data\raw\maestro-v3.0.0\2015\MIDI-Unprocessed_R1_D1-1-8_mid--AUDIO-from_mp3_05_R1_2015_wav--5.wav,train,fr_d_ric_chopin__scherzo_no_3_in_c_sharp_minor_op_39,Romantic,2
track_000661,Frédéric Chopin,"Scherzo No. 4  in E Major, Op. 54",2011,688.719930938,2011/MIDI-Unprocessed_23_R1_2011_MID--AUDIO_R1-D9_04_Track04_wav.midi,2011/MIDI-Unprocessed_23_R1_2011_MID--AUDIO_R1-D9_04_Track04_wav.wav,data\raw\maestro-v3.0.0\2011\MIDI-Unprocessed_23_R1_2011_MID--AUDIO_R1-D9_04_Track04_wav.midi,data\raw\maestro-v3.0.0\2011\MIDI-Unprocessed_23_R1_2011_MID--AUDIO_R1-D9_04_Track04_wav.wav,train,fr_d_ric_chopin__scherzo_no_4_in_e_major_op_54,Romantic,2
track_000662,Frédéric Chopin,"Scherzo No. 4 in E Major, Op. 54",2004,637.803674029,2004/MIDI-Unprocessed_XP_10_R1_2004_03-04_ORIG_MID--AUDIO_10_R1_2004_03_Track03_wav.midi,2004/MIDI-Unprocessed_XP_10_R1_2004_03-04_ORIG_MID--AUDIO_10_R1_2004_03_Track03_wav.wav,data\raw\maestro-v3.0.0\2004\MIDI-Unprocessed_XP_10_R1_2004_03-04_ORIG_MID--AUDIO_10_R1_2004_03_Track03_wav.midi,data\raw\maestro-v3.0.0\2004\MIDI-Unprocessed_XP_10_R1_2004_03-04_ORIG_MID--AUDIO_10_R1_2004_03_Track03_wav.wav,train,fr_d_ric_chopin__scherzo_no_4_in_e_major_op_54,Romantic,2
track_000663,Frédéric Chopin,"Scherzo No. 4 in E Major, Op. 54",2009,691.635259219,2009/MIDI-Unprocessed_16_R1_2009_01-02_ORIG_MID--AUDIO_16_R1_2009_16_R1_2009_02_WAV.midi,2009/MIDI-Unprocessed_16_R1_2009_01-02_ORIG_MID--AUDIO_16_R1_2009_16_R1_2009_02_WAV.wav,data\raw\maestro-v3.0.0\2009\MIDI-Unprocessed_16_R1_2009_01-02_ORIG_MID--AUDIO_16_R1_2009_16_R1_2009_02_WAV.midi,data\raw\maestro-v3.0.0\2009\MIDI-Unprocessed_16_R1_2009_01-02_ORIG_MID--AUDIO_16_R1_2009_16_R1_2009_02_WAV.wav,train,fr_d_ric_chopin__scherzo_no_4_in_e_major_op_54,Romantic,2
track_000664,Frédéric Chopin,"Scherzo No. 4 in E Major, Op. 54",2008,623.886929531,2008/MIDI-Unprocessed_08_R2_2008_01-04_ORIG_MID--AUDIO_08_R2_2008_wav--1.midi,2008/MIDI-Unprocessed_08_R2_2008_01-04_ORIG_MID--AUDIO_08_R2_2008_wav--1.wav,data\raw\maestro-v3.0.0\2008\MIDI-Unprocessed_08_R2_2008_01-04_ORIG_MID--AUDIO_08_R2_2008_wav--1.midi,data\raw\maestro-v3.0.0\2008\MIDI-Unprocessed_08_R2_2008_01-04_ORIG_MID--AUDIO_08_R2_2008_wav--1.wav,train,fr_d_ric_chopin__scherzo_no_4_in_e_major_op_54,Romantic,2
track_000665,Frédéric Chopin,"Scherzo No. 4 in E Major, Op. 54",2014,624.909898594,2014/MIDI-UNPROCESSED_06-08_R1_2014_MID--AUDIO_07_R1_2014_wav--4.midi,2014/MIDI-UNPROCESSED_06-08_R1_2014_MID--AUDIO_07_R1_2014_wav--4.wav,data\raw\maestro-v3.0.0\2014\MIDI-UNPROCESSED_06-08_R1_2014_MID--AUDIO_07_R1_2014_wav--4.midi,data\raw\maestro-v3.0.0\2014\MIDI-UNPROCESSED_06-08_R1_2014_MID--AUDIO_07_R1_2014_wav--4.wav,train,fr_d_ric_chopin__scherzo_no_4_in_e_major_op_54,Romantic,2
track_000666,Frédéric Chopin,"Scherzo No. 4 in E Major, Op. 54",2015,665.485416667,2015/MIDI-Unprocessed_R1_D2-13-20_mid--AUDIO-from_mp3_15_R1_2015_wav--5.midi,2015/MIDI-Unprocessed_R1_D2-13-20_mid--AUDIO-from_mp3_15_R1_2015_wav--5.wav,data\raw\maestro-v3.0.0\2015\MIDI-Unprocessed_R1_D2-13-20_mid--AUDIO-from_mp3_15_R1_2015_wav--5.midi,data\raw\maestro-v3.0.0\2015\MIDI-Unprocessed_R1_D2-13-20_mid--AUDIO-from_mp3_15_R1_2015_wav--5.wav,train,fr_d_ric_chopin__scherzo_no_4_in_e_major_op_54,Romantic,2
track_000667,Frédéric Chopin,"Scherzo No. 4 in E Major, Op. 54",2013,650.51217,2013/ORIG-MIDI_03_7_6_13_Group__MID--AUDIO_09_R1_2013_wav--4.midi,2013/ORIG-MIDI_03_7_6_13_Group__MID--AUDIO_09_R1_2013_wav--4.wav,data\raw\maestro-v3.0.0\2013\ORIG-MIDI_03_7_6_13_Group__MID--AUDIO_09_R1_2013_wav--4.midi,data\raw\maestro-v3.0.0\2013\ORIG-MIDI_03_7_6_13_Group__MID--AUDIO_09_R1_2013_wav--4.wav,train,fr_d_ric_chopin__scherzo_no_4_in_e_major_op_54,Romantic,2
track_000668,Frédéric Chopin,"Scherzo No. 4 in E Major, Op. 54",2017,656.379262358,2017/MIDI-Unprocessed_041_PIANO041_MID--AUDIO-split_07-06-17_Piano-e_1-01_wav--4.midi,2017/MIDI-Unprocessed_041_PIANO041_MID--AUDIO-split_07-06-17_Piano-e_1-01_wav--4.wav,data\raw\maestro-v3.0.0\2017\MIDI-Unprocessed_041_PIANO041_MID--AUDIO-split_07-06-17_Piano-e_1-01_wav--4.midi,data\raw\maestro-v3.0.0\2017\MIDI-Unprocessed_041_PIANO041_MID--AUDIO-split_07-06-17_Piano-e_1-01_wav--4.wav,train,fr_d_ric_chopin__scherzo_no_4_in_e_major_op_54,Romantic,2
track_000669,Frédéric Chopin,"Scherzo No. 4 in E Major, Op. 54",2017,631.082377767,2017/MIDI-Unprocessed_044_PIANO044_MID--AUDIO-split_07-06-17_Piano-e_1-04_wav--4.midi,2017/MIDI-Unprocessed_044_PIANO044_MID--AUDIO-split_07-06-17_Piano-e_1-04_wav--4.wav,data\raw\maestro-v3.0.0\2017\MIDI-Unprocessed_044_PIANO044_MID--AUDIO-split_07-06-17_Piano-e_1-04_wav--4.midi,data\raw\maestro-v3.0.0\2017\MIDI-Unprocessed_044_PIANO044_MID--AUDIO-split_07-06-17_Piano-e_1-04_wav--4.wav,train,fr_d_ric_chopin__scherzo_no_4_in_e_major_op_54,Romantic,2
track_000670,Frédéric Chopin,"Scherzo No. 4 in E Major, Op. 54",2017,624.929630137,2017/MIDI-Unprocessed_048_PIANO048_MID--AUDIO-split_07-06-17_Piano-e_2-05_wav--4.midi,2017/MIDI-Unprocessed_048_PIANO048_MID--AUDIO-split_07-06-17_Piano-e_2-05_wav--4.wav,data\raw\maestro-v3.0.0\2017\MIDI-Unprocessed_048_PIANO048_MID--AUDIO-split_07-06-17_Piano-e_2-05_wav--4.midi,data\raw\maestro-v3.0.0\2017\MIDI-Unprocessed_048_PIANO048_MID--AUDIO-split_07-06-17_Piano-e_2-05_wav--4.wav,train,fr_d_ric_chopin__scherzo_no_4_in_e_major_op_54,Romantic,2
track_000671,Frédéric Chopin,"Scherzo No. 4 in E Major, Op. 54",2017,655.006405837,2017/MIDI-Unprocessed_053_PIANO053_MID--AUDIO-split_07-06-17_Piano-e_3-04_wav--4.midi,2017/MIDI-Unprocessed_053_PIANO053_MID--AUDIO-split_07-06-17_Piano-e_3-04_wav--4.wav,data\raw\maestro-v3.0.0\2017\MIDI-Unprocessed_053_PIANO053_MID--AUDIO-split_07-06-17_Piano-e_3-04_wav--4.midi,data\raw\maestro-v3.0.0\2017\MIDI-Unprocessed_053_PIANO053_MID--AUDIO-split_07-06-17_Piano-e_3-04_wav--4.wav,train,fr_d_ric_chopin__scherzo_no_4_in_e_major_op_54,Romantic,2
track_000672,Frédéric Chopin,Sonata 3 Op. 58,2006,1442.79636703,2006/MIDI-Unprocessed_07_R1_2006_01-04_ORIG_MID--AUDIO_07_R1_2006_03_Track03_wav.midi,2006/MIDI-Unprocessed_07_R1_2006_01-04_ORIG_MID--AUDIO_07_R1_2006_03_Track03_wav.wav,data\raw\maestro-v3.0.0\2006\MIDI-Unprocessed_07_R1_2006_01-04_ORIG_MID--AUDIO_07_R1_2006_03_Track03_wav.midi,data\raw\maestro-v3.0.0\2006\MIDI-Unprocessed_07_R1_2006_01-04_ORIG_MID--AUDIO_07_R1_2006_03_Track03_wav.wav,train,fr_d_ric_chopin__sonata_3_op_58,Romantic,2
track_000673,Frédéric Chopin,"Sonata No. 2 in B-flat Minor, Op. 35",2018,1461.01216078,2018/MIDI-Unprocessed_Recital5-7_MID--AUDIO_06_R1_2018_wav--3.midi,2018/MIDI-Unprocessed_Recital5-7_MID--AUDIO_06_R1_2018_wav--3.wav,data\raw\maestro-v3.0.0\2018\MIDI-Unprocessed_Recital5-7_MID--AUDIO_06_R1_2018_wav--3.midi,data\raw\maestro-v3.0.0\2018\MIDI-Unprocessed_Recital5-7_MID--AUDIO_06_R1_2018_wav--3.wav,test,fr_d_ric_chopin__sonata_no_2_in_b_flat_minor_op_35,Romantic,2
track_000674,Frédéric Chopin,"Sonata No. 2 in B-flat Minor, Op. 35",2013,1127.25314625,2013/ORIG-MIDI_02_7_10_13_Group_MID--AUDIO_14_R3_2013_wav--2.midi,2013/ORIG-MIDI_02_7_10_13_Group_MID--AUDIO_14_R3_2013_wav--2.wav,data\raw\maestro-v3.0.0\2013\ORIG-MIDI_02_7_10_13_Group_MID--AUDIO_14_R3_2013_wav--2.midi,data\raw\maestro-v3.0.0\2013\ORIG-MIDI_02_7_10_13_Group_MID--AUDIO_14_R3_2013_wav--2.wav,test,fr_d_ric_chopin__sonata_no_2_in_b_flat_minor_op_35,Romantic,2
track_000675,Frédéric Chopin,Sonata No. 3,2006,1611.38460656,2006/MIDI-Unprocessed_20_R1_2006_01-04_ORIG_MID--AUDIO_20_R1_2006_04_Track04_wav.midi,2006/MIDI-Unprocessed_20_R1_2006_01-04_ORIG_MID--AUDIO_20_R1_2006_04_Track04_wav.wav,data\raw\maestro-v3.0.0\2006\MIDI-Unprocessed_20_R1_2006_01-04_ORIG_MID--AUDIO_20_R1_2006_04_Track04_wav.midi,data\raw\maestro-v3.0.0\2006\MIDI-Unprocessed_20_R1_2006_01-04_ORIG_MID--AUDIO_20_R1_2006_04_Track04_wav.wav,train,fr_d_ric_chopin__sonata_no_3,Romantic,2
track_000676,Frédéric Chopin,"Sonata No. 3 in B Minor, Op. 58",2004,493.142775994,2004/MIDI-Unprocessed_XP_09_R1_2004_05_ORIG_MID--AUDIO_09_R1_2004_06_Track06_wav.midi,2004/MIDI-Unprocessed_XP_09_R1_2004_05_ORIG_MID--AUDIO_09_R1_2004_06_Track06_wav.wav,data\raw\maestro-v3.0.0\2004\MIDI-Unprocessed_XP_09_R1_2004_05_ORIG_MID--AUDIO_09_R1_2004_06_Track06_wav.midi,data\raw\maestro-v3.0.0\2004\MIDI-Unprocessed_XP_09_R1_2004_05_ORIG_MID--AUDIO_09_R1_2004_06_Track06_wav.wav,train,fr_d_ric_chopin__sonata_no_3_in_b_minor_op_58,Romantic,2
track_000677,Frédéric Chopin,"Sonata No. 3 in B Minor, Op. 58",2004,154.986722275,2004/MIDI-Unprocessed_XP_09_R1_2004_05_ORIG_MID--AUDIO_09_R1_2004_07_Track07_wav.midi,2004/MIDI-Unprocessed_XP_09_R1_2004_05_ORIG_MID--AUDIO_09_R1_2004_07_Track07_wav.wav,data\raw\maestro-v3.0.0\2004\MIDI-Unprocessed_XP_09_R1_2004_05_ORIG_MID--AUDIO_09_R1_2004_07_Track07_wav.midi,data\raw\maestro-v3.0.0\2004\MIDI-Unprocessed_XP_09_R1_2004_05_ORIG_MID--AUDIO_09_R1_2004_07_Track07_wav.wav,train,fr_d_ric_chopin__sonata_no_3_in_b_minor_op_58,Romantic,2
track_000678,Frédéric Chopin,"Sonata No. 3 in B Minor, Op. 58",2004,768.135554506,2004/MIDI-Unprocessed_XP_09_R1_2004_05_ORIG_MID--AUDIO_09_R1_2004_08_Track08_wav.midi,2004/MIDI-Unprocessed_XP_09_R1_2004_05_ORIG_MID--AUDIO_09_R1_2004_08_Track08_wav.wav,data\raw\maestro-v3.0.0\2004\MIDI-Unprocessed_XP_09_R1_2004_05_ORIG_MID--AUDIO_09_R1_2004_08_Track08_wav.midi,data\raw\maestro-v3.0.0\2004\MIDI-Unprocessed_XP_09_R1_2004_05_ORIG_MID--AUDIO_09_R1_2004_08_Track08_wav.wav,train,fr_d_ric_chopin__sonata_no_3_in_b_minor_op_58,Romantic,2
track_000679,Frédéric Chopin,"Sonata No. 3 in B Minor, Op. 58",2018,1639.91556094,2018/MIDI-Unprocessed_Recital13-15_MID--AUDIO_13_R1_2018_wav--3.midi,2018/MIDI-Unprocessed_Recital13-15_MID--AUDIO_13_R1_2018_wav--3.wav,data\raw\maestro-v3.0.0\2018\MIDI-Unprocessed_Recital13-15_MID--AUDIO_13_R1_2018_wav--3.midi,data\raw\maestro-v3.0.0\2018\MIDI-Unprocessed_Recital13-15_MID--AUDIO_13_R1_2018_wav--3.wav,train,fr_d_ric_chopin__sonata_no_3_in_b_minor_op_58,Romantic,2
track_000680,Frédéric Chopin,"Sonata No. 3 in B Minor, Op. 58",2018,1607.37152297,2018/MIDI-Unprocessed_Chamber5_MID--AUDIO_18_R3_2018_wav--1.midi,2018/MIDI-Unprocessed_Chamber5_MID--AUDIO_18_R3_2018_wav--1.wav,data\raw\maestro-v3.0.0\2018\MIDI-Unprocessed_Chamber5_MID--AUDIO_18_R3_2018_wav--1.midi,data\raw\maestro-v3.0.0\2018\MIDI-Unprocessed_Chamber5_MID--AUDIO_18_R3_2018_wav--1.wav,train,fr_d_ric_chopin__sonata_no_3_in_b_minor_op_58,Romantic,2
track_000681,Frédéric Chopin,"Sonata No. 3 in B Minor, Op. 58 (Complete)",2014,1551.77061703,2014/MIDI-UNPROCESSED_06-08_R1_2014_MID--AUDIO_06_R1_2014_wav--2.midi,2014/MIDI-UNPROCESSED_06-08_R1_2014_MID--AUDIO_06_R1_2014_wav--2.wav,data\raw\maestro-v3.0.0\2014\MIDI-UNPROCESSED_06-08_R1_2014_MID--AUDIO_06_R1_2014_wav--2.midi,data\raw\maestro-v3.0.0\2014\MIDI-UNPROCESSED_06-08_R1_2014_MID--AUDIO_06_R1_2014_wav--2.wav,train,fr_d_ric_chopin__sonata_no_3_in_b_minor_op_58_complete,Romantic,2
track_000682,Frédéric Chopin,"Sonata No. 3 in B Minor, Op. 58 (Complete)",2014,1458.97557094,2014/MIDI-UNPROCESSED_21-22_R1_2014_MID--AUDIO_22_R1_2014_wav--5.midi,2014/MIDI-UNPROCESSED_21-22_R1_2014_MID--AUDIO_22_R1_2014_wav--5.wav,data\raw\maestro-v3.0.0\2014\MIDI-UNPROCESSED_21-22_R1_2014_MID--AUDIO_22_R1_2014_wav--5.midi,data\raw\maestro-v3.0.0\2014\MIDI-UNPROCESSED_21-22_R1_2014_MID--AUDIO_22_R1_2014_wav--5.wav,train,fr_d_ric_chopin__sonata_no_3_in_b_minor_op_58_complete,Romantic,2
track_000683,Frédéric Chopin,"Sonata No. 3 in B Minor, Op. 58, 1st mov.",2013,528.9951975,2013/ORIG-MIDI_03_7_8_13_Group__MID--AUDIO_18_R2_2013_wav--4.midi,2013/ORIG-MIDI_03_7_8_13_Group__MID--AUDIO_18_R2_2013_wav--4.wav,data\raw\maestro-v3.0.0\2013\ORIG-MIDI_03_7_8_13_Group__MID--AUDIO_18_R2_2013_wav--4.midi,data\raw\maestro-v3.0.0\2013\ORIG-MIDI_03_7_8_13_Group__MID--AUDIO_18_R2_2013_wav--4.wav,train,fr_d_ric_chopin__sonata_no_3_in_b_minor_op_58_1st_mov,Romantic,2
track_000684,Frédéric Chopin,"Sonata No. 3 in B Minor, Op. 58, I. Allegro maestoso",2017,507.502855104,2017/MIDI-Unprocessed_052_PIANO052_MID--AUDIO-split_07-06-17_Piano-e_3-03_wav--5.midi,2017/MIDI-Unprocessed_052_PIANO052_MID--AUDIO-split_07-06-17_Piano-e_3-03_wav--5.wav,data\raw\maestro-v3.0.0\2017\MIDI-Unprocessed_052_PIANO052_MID--AUDIO-split_07-06-17_Piano-e_3-03_wav--5.midi,data\raw\maestro-v3.0.0\2017\MIDI-Unprocessed_052_PIANO052_MID--AUDIO-split_07-06-17_Piano-e_3-03_wav--5.wav,train,fr_d_ric_chopin__sonata_no_3_in_b_minor_op_58_i_allegro_maestoso,Romantic,2
track_000685,Frédéric Chopin,"Sonata in B Minor, Op. 58",2004,1442.05450661,2004/MIDI-Unprocessed_XP_18_R1_2004_04_ORIG_MID--AUDIO_18_R1_2004_07_Track07_wav.midi,2004/MIDI-Unprocessed_XP_18_R1_2004_04_ORIG_MID--AUDIO_18_R1_2004_07_Track07_wav.wav,data\raw\maestro-v3.0.0\2004\MIDI-Unprocessed_XP_18_R1_2004_04_ORIG_MID--AUDIO_18_R1_2004_07_Track07_wav.midi,data\raw\maestro-v3.0.0\2004\MIDI-Unprocessed_XP_18_R1_2004_04_ORIG_MID--AUDIO_18_R1_2004_07_Track07_wav.wav,train,fr_d_ric_chopin__sonata_in_b_minor_op_58,Romantic,2
track_000686,Frédéric Chopin,"Two Preludes from Op. 28, Nos. 15 and 24",2011,282.30741,2011/MIDI-Unprocessed_11_R1_2011_MID--AUDIO_R1-D4_10_Track10_wav.midi,2011/MIDI-Unprocessed_11_R1_2011_MID--AUDIO_R1-D4_10_Track10_wav.wav,data\raw\maestro-v3.0.0\2011\MIDI-Unprocessed_11_R1_2011_MID--AUDIO_R1-D4_10_Track10_wav.midi,data\raw\maestro-v3.0.0\2011\MIDI-Unprocessed_11_R1_2011_MID--AUDIO_R1-D4_10_Track10_wav.wav,train,fr_d_ric_chopin__two_preludes_from_op_28_nos_15_and_24,Romantic,2
track_000687,Frédéric Chopin,"Two Preludes from Op. 28, Nos. 15 and 24",2011,117.120609375,2011/MIDI-Unprocessed_11_R1_2011_MID--AUDIO_R1-D4_11_Track11_wav.midi,2011/MIDI-Unprocessed_11_R1_2011_MID--AUDIO_R1-D4_11_Track11_wav.wav,data\raw\maestro-v3.0.0\2011\MIDI-Unprocessed_11_R1_2011_MID--AUDIO_R1-D4_11_Track11_wav.midi,data\raw\maestro-v3.0.0\2011\MIDI-Unprocessed_11_R1_2011_MID--AUDIO_R1-D4_11_Track11_wav.wav,train,fr_d_ric_chopin__two_preludes_from_op_28_nos_15_and_24,Romantic,2
track_000688,Frédéric Chopin,"Valse brillante No. 1 in A-flat Major, Op. 34",2015,304.59375,2015/MIDI-Unprocessed_R1_D2-13-20_mid--AUDIO-from_mp3_15_R1_2015_wav--4.midi,2015/MIDI-Unprocessed_R1_D2-13-20_mid--AUDIO-from_mp3_15_R1_2015_wav--4.wav,data\raw\maestro-v3.0.0\2015\MIDI-Unprocessed_R1_D2-13-20_mid--AUDIO-from_mp3_15_R1_2015_wav--4.midi,data\raw\maestro-v3.0.0\2015\MIDI-Unprocessed_R1_D2-13-20_mid--AUDIO-from_mp3_15_R1_2015_wav--4.wav,test,fr_d_ric_chopin__valse_brillante_no_1_in_a_flat_major_op_34,Romantic,2
track_000689,Frédéric Chopin,"Variations and Fugue in E-flat Major, Op. 35, ""Eroica""",2009,1424.93313703,2009/MIDI-Unprocessed_07_R1_2009_01-03_ORIG_MID--AUDIO_07_R1_2009_07_R1_2009_02_WAV.midi,2009/MIDI-Unprocessed_07_R1_2009_01-03_ORIG_MID--AUDIO_07_R1_2009_07_R1_2009_02_WAV.wav,data\raw\maestro-v3.0.0\2009\MIDI-Unprocessed_07_R1_2009_01-03_ORIG_MID--AUDIO_07_R1_2009_07_R1_2009_02_WAV.midi,data\raw\maestro-v3.0.0\2009\MIDI-Unprocessed_07_R1_2009_01-03_ORIG_MID--AUDIO_07_R1_2009_07_R1_2009_02_WAV.wav,validation,fr_d_ric_chopin__variations_and_fugue_in_e_flat_major_op_35_eroica,Romantic,2
track_000691,George Frideric Handel,Chaconne in G,2009,329.032790625,2009/MIDI-Unprocessed_18_R1_2009_01-03_ORIG_MID--AUDIO_18_R1_2009_18_R1_2009_01_WAV.midi,2009/MIDI-Unprocessed_18_R1_2009_01-03_ORIG_MID--AUDIO_18_R1_2009_18_R1_2009_01_WAV.wav,data\raw\maestro-v3.0.0\2009\MIDI-Unprocessed_18_R1_2009_01-03_ORIG_MID--AUDIO_18_R1_2009_18_R1_2009_01_WAV.midi,data\raw\maestro-v3.0.0\2009\MIDI-Unprocessed_18_R1_2009_01-03_ORIG_MID--AUDIO_18_R1_2009_18_R1_2009_01_WAV.wav,train,george_frideric_handel__chaconne_in_g,Baroque,0
track_000692,George Frideric Handel,"Chaconne in G Major, HWV 435",2018,328.904585625,2018/MIDI-Unprocessed_Recital1-3_MID--AUDIO_01_R1_2018_wav--1.midi,2018/MIDI-Unprocessed_Recital1-3_MID--AUDIO_01_R1_2018_wav--1.wav,data\raw\maestro-v3.0.0\2018\MIDI-Unprocessed_Recital1-3_MID--AUDIO_01_R1_2018_wav--1.midi,data\raw\maestro-v3.0.0\2018\MIDI-Unprocessed_Recital1-3_MID--AUDIO_01_R1_2018_wav--1.wav,train,george_frideric_handel__chaconne_in_g_major_hwv_435,Baroque,0
track_000693,George Frideric Handel,"Suite No. 2 in F Major, HWV 427 (Complete)",2017,453.091796933,2017/MIDI-Unprocessed_079_PIANO079_MID--AUDIO-split_07-09-17_Piano-e_1-04_wav--1.midi,2017/MIDI-Unprocessed_079_PIANO079_MID--AUDIO-split_07-09-17_Piano-e_1-04_wav--1.wav,data\raw\maestro-v3.0.0\2017\MIDI-Unprocessed_079_PIANO079_MID--AUDIO-split_07-09-17_Piano-e_1-04_wav--1.midi,data\raw\maestro-v3.0.0\2017\MIDI-Unprocessed_079_PIANO079_MID--AUDIO-split_07-09-17_Piano-e_1-04_wav--1.wav,train,george_frideric_handel__suite_no_2_in_f_major_hwv_427_complete,Baroque,0
track_000694,George Frideric Handel,Suite No. 3 in D Minor,2004,720.089756071,2004/MIDI-Unprocessed_XP_08_R1_2004_01-02_ORIG_MID--AUDIO_08_R1_2004_01_Track01_wav.midi,2004/MIDI-Unprocessed_XP_08_R1_2004_01-02_ORIG_MID--AUDIO_08_R1_2004_01_Track01_wav.wav,data\raw\maestro-v3.0.0\2004\MIDI-Unprocessed_XP_08_R1_2004_01-02_ORIG_MID--AUDIO_08_R1_2004_01_Track01_wav.midi,data\raw\maestro-v3.0.0\2004\MIDI-Unprocessed_XP_08_R1_2004_01-02_ORIG_MID--AUDIO_08_R1_2004_01_Track01_wav.wav,train,george_frideric_handel__suite_no_3_in_d_minor,Baroque,0
track_000695,George Frideric Handel,Suite No. 3 in D Minor,2009,856.080874687,2009/MIDI-Unprocessed_12_R1_2009_01-02_ORIG_MID--AUDIO_12_R1_2009_12_R1_2009_01_WAV.midi,2009/MIDI-Unprocessed_12_R1_2009_01-02_ORIG_MID--AUDIO_12_R1_2009_12_R1_2009_01_WAV.wav,data\raw\maestro-v3.0.0\2009\MIDI-Unprocessed_12_R1_2009_01-02_ORIG_MID--AUDIO_12_R1_2009_12_R1_2009_01_WAV.midi,data\raw\maestro-v3.0.0\2009\MIDI-Unprocessed_12_R1_2009_01-02_ORIG_MID--AUDIO_12_R1_2009_12_R1_2009_01_WAV.wav,train,george_frideric_handel__suite_no_3_in_d_minor,Baroque,0
track_000696,Georges Bizet / Ferruccio Busoni,"Sonatina No. 6, BV284 “Fantasia da Camera super Carmen”",2014,524.597498906,2014/MIDI-UNPROCESSED_11-13_R1_2014_MID--AUDIO_12_R1_2014_wav--2.midi,2014/MIDI-UNPROCESSED_11-13_R1_2014_MID--AUDIO_12_R1_2014_wav--2.wav,data\raw\maestro-v3.0.0\2014\MIDI-UNPROCESSED_11-13_R1_2014_MID--AUDIO_12_R1_2014_wav--2.midi,data\raw\maestro-v3.0.0\2014\MIDI-UNPROCESSED_11-13_R1_2014_MID--AUDIO_12_R1_2014_wav--2.wav,train,georges_bizet_ferruccio_busoni__sonatina_no_6_bv284_fantasia_da_camera_super_carmen,Romantic,2
track_000697,Georges Bizet / Moritz Moszkowski,"Chanson Boheme de l'Opera ""Carmen"" by Georges Bizet",2017,336.530402275,2017/MIDI-Unprocessed_058_PIANO058_MID--AUDIO-split_07-07-17_Piano-e_2-02_wav--5.midi,2017/MIDI-Unprocessed_058_PIANO058_MID--AUDIO-split_07-07-17_Piano-e_2-02_wav--5.wav,data\raw\maestro-v3.0.0\2017\MIDI-Unprocessed_058_PIANO058_MID--AUDIO-split_07-07-17_Piano-e_2-02_wav--5.midi,data\raw\maestro-v3.0.0\2017\MIDI-Unprocessed_058_PIANO058_MID--AUDIO-split_07-07-17_Piano-e_2-02_wav--5.wav,train,georges_bizet_moritz_moszkowski__chanson_boheme_de_l_opera_carmen_by_georges_bizet,Romantic,2
track_000698,Georges Bizet / Vladimir Horowitz,Carmen Variations,2017,231.487113571,2017/MIDI-Unprocessed_051_PIANO051_MID--AUDIO-split_07-06-17_Piano-e_3-02_wav--5.midi,2017/MIDI-Unprocessed_051_PIANO051_MID--AUDIO-split_07-06-17_Piano-e_3-02_wav--5.wav,data\raw\maestro-v3.0.0\2017\MIDI-Unprocessed_051_PIANO051_MID--AUDIO-split_07-06-17_Piano-e_3-02_wav--5.midi,data\raw\maestro-v3.0.0\2017\MIDI-Unprocessed_051_PIANO051_MID--AUDIO-split_07-06-17_Piano-e_3-02_wav--5.wav,train,georges_bizet_vladimir_horowitz__carmen_variations,Romantic,2
track_000699,Giuseppe Verdi / Franz Liszt,Rigoletto Parap.,2006,423.490495313,2006/MIDI-Unprocessed_15_R1_2006_01-05_ORIG_MID--AUDIO_15_R1_2006_04_Track04_wav.midi,2006/MIDI-Unprocessed_15_R1_2006_01-05_ORIG_MID--AUDIO_15_R1_2006_04_Track04_wav.wav,data\raw\maestro-v3.0.0\2006\MIDI-Unprocessed_15_R1_2006_01-05_ORIG_MID--AUDIO_15_R1_2006_04_Track04_wav.midi,data\raw\maestro-v3.0.0\2006\MIDI-Unprocessed_15_R1_2006_01-05_ORIG_MID--AUDIO_15_R1_2006_04_Track04_wav.wav,train,giuseppe_verdi_franz_liszt__rigoletto_parap,Romantic,2
track_000700,Henry Purcell,"Suite in C Major, Z. 666 (Complete)",2014,538.800209063,2014/MIDI-UNPROCESSED_21-22_R1_2014_MID--AUDIO_21_R1_2014_wav--7.midi,2014/MIDI-UNPROCESSED_21-22_R1_2014_MID--AUDIO_21_R1_2014_wav--7.wav,data\raw\maestro-v3.0.0\2014\MIDI-UNPROCESSED_21-22_R1_2014_MID--AUDIO_21_R1_2014_wav--7.midi,data\raw\maestro-v3.0.0\2014\MIDI-UNPROCESSED_21-22_R1_2014_MID--AUDIO_21_R1_2014_wav--7.wav,train,henry_purcell__suite_in_c_major_z_666_complete,Baroque,0
track_000701,Isaac Albéniz,Asturias,2009,308.694937031,2009/MIDI-Unprocessed_03_R1_2009_03-08_ORIG_MID--AUDIO_03_R1_2009_03_R1_2009_06_WAV.midi,2009/MIDI-Unprocessed_03_R1_2009_03-08_ORIG_MID--AUDIO_03_R1_2009_03_R1_2009_06_WAV.wav,data\raw\maestro-v3.0.0\2009\MIDI-Unprocessed_03_R1_2009_03-08_ORIG_MID--AUDIO_03_R1_2009_03_R1_2009_06_WAV.midi,data\raw\maestro-v3.0.0\2009\MIDI-Unprocessed_03_R1_2009_03-08_ORIG_MID--AUDIO_03_R1_2009_03_R1_2009_06_WAV.wav,train,isaac_alb_niz__asturias,Romantic,2
track_000702,Isaac Albéniz,"Evocacion from ""Iberia""",2009,316.343166563,2009/MIDI-Unprocessed_14_R1_2009_01-05_ORIG_MID--AUDIO_14_R1_2009_14_R1_2009_02_WAV.midi,2009/MIDI-Unprocessed_14_R1_2009_01-05_ORIG_MID--AUDIO_14_R1_2009_14_R1_2009_02_WAV.wav,data\raw\maestro-v3.0.0\2009\MIDI-Unprocessed_14_R1_2009_01-05_ORIG_MID--AUDIO_14_R1_2009_14_R1_2009_02_WAV.midi,data\raw\maestro-v3.0.0\2009\MIDI-Unprocessed_14_R1_2009_01-05_ORIG_MID--AUDIO_14_R1_2009_14_R1_2009_02_WAV.wav,train,isaac_alb_niz__evocacion_from_iberia,Romantic,2
track_000703,Isaac Albéniz,Iberia Book II,2006,1245.62375438,2006/MIDI-Unprocessed_05_R1_2006_01-05_ORIG_MID--AUDIO_05_R1_2006_03_Track03_wav.midi,2006/MIDI-Unprocessed_05_R1_2006_01-05_ORIG_MID--AUDIO_05_R1_2006_03_Track03_wav.wav,data\raw\maestro-v3.0.0\2006\MIDI-Unprocessed_05_R1_2006_01-05_ORIG_MID--AUDIO_05_R1_2006_03_Track03_wav.midi,data\raw\maestro-v3.0.0\2006\MIDI-Unprocessed_05_R1_2006_01-05_ORIG_MID--AUDIO_05_R1_2006_03_Track03_wav.wav,train,isaac_alb_niz__iberia_book_ii,Romantic,2
track_000704,Isaac Albéniz,"Iberia, Evocation, Triana",2004,361.027781119,2004/MIDI-Unprocessed_XP_04_R1_2004_03-05_ORIG_MID--AUDIO_04_R1_2004_04_Track04_wav.midi,2004/MIDI-Unprocessed_XP_04_R1_2004_03-05_ORIG_MID--AUDIO_04_R1_2004_04_Track04_wav.wav,data\raw\maestro-v3.0.0\2004\MIDI-Unprocessed_XP_04_R1_2004_03-05_ORIG_MID--AUDIO_04_R1_2004_04_Track04_wav.midi,data\raw\maestro-v3.0.0\2004\MIDI-Unprocessed_XP_04_R1_2004_03-05_ORIG_MID--AUDIO_04_R1_2004_04_Track04_wav.wav,train,isaac_alb_niz__iberia_evocation_triana,Romantic,2
track_000705,Isaac Albéniz,"Iberia, Evocation, Triana",2004,291.849566392,2004/MIDI-Unprocessed_XP_04_R1_2004_03-05_ORIG_MID--AUDIO_04_R1_2004_05_Track05_wav.midi,2004/MIDI-Unprocessed_XP_04_R1_2004_03-05_ORIG_MID--AUDIO_04_R1_2004_05_Track05_wav.wav,data\raw\maestro-v3.0.0\2004\MIDI-Unprocessed_XP_04_R1_2004_03-05_ORIG_MID--AUDIO_04_R1_2004_05_Track05_wav.midi,data\raw\maestro-v3.0.0\2004\MIDI-Unprocessed_XP_04_R1_2004_03-05_ORIG_MID--AUDIO_04_R1_2004_05_Track05_wav.wav,train,isaac_alb_niz__iberia_evocation_triana,Romantic,2
track_000706,Isaac Albéniz,Navarra,2009,336.871992188,2009/MIDI-Unprocessed_03_R1_2009_03-08_ORIG_MID--AUDIO_03_R1_2009_03_R1_2009_08_WAV.midi,2009/MIDI-Unprocessed_03_R1_2009_03-08_ORIG_MID--AUDIO_03_R1_2009_03_R1_2009_08_WAV.wav,data\raw\maestro-v3.0.0\2009\MIDI-Unprocessed_03_R1_2009_03-08_ORIG_MID--AUDIO_03_R1_2009_03_R1_2009_08_WAV.midi,data\raw\maestro-v3.0.0\2009\MIDI-Unprocessed_03_R1_2009_03-08_ORIG_MID--AUDIO_03_R1_2009_03_R1_2009_08_WAV.wav,train,isaac_alb_niz__navarra,Romantic,2
track_000707,Isaac Albéniz,Triana from 'Iberia',2004,259.816541231,2004/MIDI-Unprocessed_SMF_17_R1_2004_03-06_ORIG_MID--AUDIO_20_R2_2004_08_Track08_wav.midi,2004/MIDI-Unprocessed_SMF_17_R1_2004_03-06_ORIG_MID--AUDIO_20_R2_2004_08_Track08_wav.wav,data\raw\maestro-v3.0.0\2004\MIDI-Unprocessed_SMF_17_R1_2004_03-06_ORIG_MID--AUDIO_20_R2_2004_08_Track08_wav.midi,data\raw\maestro-v3.0.0\2004\MIDI-Unprocessed_SMF_17_R1_2004_03-06_ORIG_MID--AUDIO_20_R2_2004_08_Track08_wav.wav,train,isaac_alb_niz__triana_from_iberia,Romantic,2
track_000708,Isaac Albéniz / Leopold Godowsky,Tango,2009,171.362008125,2009/MIDI-Unprocessed_03_R1_2009_03-08_ORIG_MID--AUDIO_03_R1_2009_03_R1_2009_07_WAV.midi,2009/MIDI-Unprocessed_03_R1_2009_03-08_ORIG_MID--AUDIO_03_R1_2009_03_R1_2009_07_WAV.wav,data\raw\maestro-v3.0.0\2009\MIDI-Unprocessed_03_R1_2009_03-08_ORIG_MID--AUDIO_03_R1_2009_03_R1_2009_07_WAV.midi,data\raw\maestro-v3.0.0\2009\MIDI-Unprocessed_03_R1_2009_03-08_ORIG_MID--AUDIO_03_R1_2009_03_R1_2009_07_WAV.wav,train,isaac_alb_niz_leopold_godowsky__tango,Romantic,2
track_000709,Jean-Philippe Rameau,RameauSelections,2006,334.854098906,2006/MIDI-Unprocessed_11_R1_2006_01-06_ORIG_MID--AUDIO_11_R1_2006_01_Track01_wav.midi,2006/MIDI-Unprocessed_11_R1_2006_01-06_ORIG_MID--AUDIO_11_R1_2006_01_Track01_wav.wav,data\raw\maestro-v3.0.0\2006\MIDI-Unprocessed_11_R1_2006_01-06_ORIG_MID--AUDIO_11_R1_2006_01_Track01_wav.midi,data\raw\maestro-v3.0.0\2006\MIDI-Unprocessed_11_R1_2006_01-06_ORIG_MID--AUDIO_11_R1_2006_01_Track01_wav.wav,train,jean_philippe_rameau__rameauselections,Baroque,0
track_000710,Johann Christian Fischer / Wolfgang Amadeus Mozart,12 Variations on a Theme from a Menuet by Fischer,2004,688.398610244,2004/MIDI-Unprocessed_XP_11_R1_2004_01-02_ORIG_MID--AUDIO_11_R1_2004_01_Track01_wav.midi,2004/MIDI-Unprocessed_XP_11_R1_2004_01-02_ORIG_MID--AUDIO_11_R1_2004_01_Track01_wav.wav,data\raw\maestro-v3.0.0\2004\MIDI-Unprocessed_XP_11_R1_2004_01-02_ORIG_MID--AUDIO_11_R1_2004_01_Track01_wav.midi,data\raw\maestro-v3.0.0\2004\MIDI-Unprocessed_XP_11_R1_2004_01-02_ORIG_MID--AUDIO_11_R1_2004_01_Track01_wav.wav,train,johann_christian_fischer_wolfgang_amadeus_mozart__12_variations_on_a_theme_from_a_menuet_by_fischer,Classical,1
track_000711,Johann Pachelbel,Chaconne in F Minor,2008,172.9699125,2008/MIDI-Unprocessed_06_R2_2008_01-05_ORIG_MID--AUDIO_06_R2_2008_wav--1.midi,2008/MIDI-Unprocessed_06_R2_2008_01-05_ORIG_MID--AUDIO_06_R2_2008_wav--1.wav,data\raw\maestro-v3.0.0\2008\MIDI-Unprocessed_06_R2_2008_01-05_ORIG_MID--AUDIO_06_R2_2008_wav--1.midi,data\raw\maestro-v3.0.0\2008\MIDI-Unprocessed_06_R2_2008_01-05_ORIG_MID--AUDIO_06_R2_2008_wav--1.wav,train,johann_pachelbel__chaconne_in_f_minor,Baroque,0
track_000712,Johann Sebastian Bach,"Chromatic Fantasy and Fugue in D Minor, BWV 903",2018,636.456361406,2018/MIDI-Unprocessed_Recital17-19_MID--AUDIO_19_R1_2018_wav--1.midi,2018/MIDI-Unprocessed_Recital17-19_MID--AUDIO_19_R1_2018_wav--1.wav,data\raw\maestro-v3.0.0\2018\MIDI-Unprocessed_Recital17-19_MID--AUDIO_19_R1_2018_wav--1.midi,data\raw\maestro-v3.0.0\2018\MIDI-Unprocessed_Recital17-19_MID--AUDIO_19_R1_2018_wav--1.wav,train,johann_sebastian_bach__chromatic_fantasy_and_fugue_in_d_minor_bwv_903,Baroque,0
track_000713,Johann Sebastian Bach,"Chromatic Fantasy and Fugue in D Minor, BWV 903",2014,738.034785469,2014/MIDI-UNPROCESSED_04-05_R1_2014_MID--AUDIO_05_R1_2014_wav--1.midi,2014/MIDI-UNPROCESSED_04-05_R1_2014_MID--AUDIO_05_R1_2014_wav--1.wav,data\raw\maestro-v3.0.0\2014\MIDI-UNPROCESSED_04-05_R1_2014_MID--AUDIO_05_R1_2014_wav--1.midi,data\raw\maestro-v3.0.0\2014\MIDI-UNPROCESSED_04-05_R1_2014_MID--AUDIO_05_R1_2014_wav--1.wav,train,johann_sebastian_bach__chromatic_fantasy_and_fugue_in_d_minor_bwv_903,Baroque,0
track_000714,Johann Sebastian Bach,"Chromatic Fantasy and Fugue in D Minor, BWV 903",2015,711.303125,2015/MIDI-Unprocessed_R2_D2-19-21-22_mid--AUDIO-from_mp3_19_R2_2015_wav--1.midi,2015/MIDI-Unprocessed_R2_D2-19-21-22_mid--AUDIO-from_mp3_19_R2_2015_wav--1.wav,data\raw\maestro-v3.0.0\2015\MIDI-Unprocessed_R2_D2-19-21-22_mid--AUDIO-from_mp3_19_R2_2015_wav--1.midi,data\raw\maestro-v3.0.0\2015\MIDI-Unprocessed_R2_D2-19-21-22_mid--AUDIO-from_mp3_19_R2_2015_wav--1.wav,train,johann_sebastian_bach__chromatic_fantasy_and_fugue_in_d_minor_bwv_903,Baroque,0
track_000715,Johann Sebastian Bach,"Duet in E Minor, BWV 802",2009,131.834804063,2009/MIDI-Unprocessed_06_R1_2009_03-07_ORIG_MID--AUDIO_06_R1_2009_06_R1_2009_03_WAV.midi,2009/MIDI-Unprocessed_06_R1_2009_03-07_ORIG_MID--AUDIO_06_R1_2009_06_R1_2009_03_WAV.wav,data\raw\maestro-v3.0.0\2009\MIDI-Unprocessed_06_R1_2009_03-07_ORIG_MID--AUDIO_06_R1_2009_06_R1_2009_03_WAV.midi,data\raw\maestro-v3.0.0\2009\MIDI-Unprocessed_06_R1_2009_03-07_ORIG_MID--AUDIO_06_R1_2009_06_R1_2009_03_WAV.wav,train,johann_sebastian_bach__duet_in_e_minor_bwv_802,Baroque,0
track_000716,Johann Sebastian Bach,"Duet in G, BWV 804",2009,125.185505156,2009/MIDI-Unprocessed_06_R1_2009_03-07_ORIG_MID--AUDIO_06_R1_2009_06_R1_2009_04_WAV.midi,2009/MIDI-Unprocessed_06_R1_2009_03-07_ORIG_MID--AUDIO_06_R1_2009_06_R1_2009_04_WAV.wav,data\raw\maestro-v3.0.0\2009\MIDI-Unprocessed_06_R1_2009_03-07_ORIG_MID--AUDIO_06_R1_2009_06_R1_2009_04_WAV.midi,data\raw\maestro-v3.0.0\2009\MIDI-Unprocessed_06_R1_2009_03-07_ORIG_MID--AUDIO_06_R1_2009_06_R1_2009_04_WAV.wav,train,johann_sebastian_bach__duet_in_g_bwv_804,Baroque,0
track_000717,Johann Sebastian Bach,"English Suite No. 2  in A Minor, BWV 807, I. Prelude",2015,285.801041667,2015/MIDI-Unprocessed_R1_D1-1-8_mid--AUDIO-from_mp3_08_R1_2015_wav--1.midi,2015/MIDI-Unprocessed_R1_D1-1-8_mid--AUDIO-from_mp3_08_R1_2015_wav--1.wav,data\raw\maestro-v3.0.0\2015\MIDI-Unprocessed_R1_D1-1-8_mid--AUDIO-from_mp3_08_R1_2015_wav--1.midi,data\raw\maestro-v3.0.0\2015\MIDI-Unprocessed_R1_D1-1-8_mid--AUDIO-from_mp3_08_R1_2015_wav--1.wav,train,johann_sebastian_bach__english_suite_no_2_in_a_minor_bwv_807_i_prelude,Baroque,0
track_000718,Johann Sebastian Bach,"English Suite in A Minor, BWV 807",2018,1324.77832266,2018/MIDI-Unprocessed_Recital5-7_MID--AUDIO_06_R1_2018_wav--1.midi,2018/MIDI-Unprocessed_Recital5-7_MID--AUDIO_06_R1_2018_wav--1.wav,data\raw\maestro-v3.0.0\2018\MIDI-Unprocessed_Recital5-7_MID--AUDIO_06_R1_2018_wav--1.midi,data\raw\maestro-v3.0.0\2018\MIDI-Unprocessed_Recital5-7_MID--AUDIO_06_R1_2018_wav--1.wav,train,johann_sebastian_bach__english_suite_in_a_minor_bwv_807,Baroque,0
track_000719,Johann Sebastian Bach,"English Suite in A Minor, BWV 807",2013,821.342661563,2013/ORIG-MIDI_01_7_10_13_Group_MID--AUDIO_08_R3_2013_wav--2.midi,2013/ORIG-MIDI_01_7_10_13_Group_MID--AUDIO_08_R3_2013_wav--2.wav,data\raw\maestro-v3.0.0\2013\ORIG-MIDI_01_7_10_13_Group_MID--AUDIO_08_R3_2013_wav--2.midi,data\raw\maestro-v3.0.0\2013\ORIG-MIDI_01_7_10_13_Group_MID--AUDIO_08_R3_2013_wav--2.wav,train,johann_sebastian_bach__english_suite_in_a_minor_bwv_807,Baroque,0
track_000720,Johann Sebastian Bach,"English Suite no. 3 in G Minor, Prelude",2008,168.862010625,2008/MIDI-Unprocessed_08_R1_2008_01-05_ORIG_MID--AUDIO_08_R1_2008_wav--1.midi,2008/MIDI-Unprocessed_08_R1_2008_01-05_ORIG_MID--AUDIO_08_R1_2008_wav--1.wav,data\raw\maestro-v3.0.0\2008\MIDI-Unprocessed_08_R1_2008_01-05_ORIG_MID--AUDIO_08_R1_2008_wav--1.midi,data\raw\maestro-v3.0.0\2008\MIDI-Unprocessed_08_R1_2008_01-05_ORIG_MID--AUDIO_08_R1_2008_wav--1.wav,train,johann_sebastian_bach__english_suite_no_3_in_g_minor_prelude,Baroque,0
track_000721,Johann Sebastian Bach,French Suite No. 5 in G Major,2004,968.256759019,2004/MIDI-Unprocessed_SMF_02_R1_2004_01-05_ORIG_MID--AUDIO_02_R1_2004_05_Track05_wav.midi,2004/MIDI-Unprocessed_SMF_02_R1_2004_01-05_ORIG_MID--AUDIO_02_R1_2004_05_Track05_wav.wav,data\raw\maestro-v3.0.0\2004\MIDI-Unprocessed_SMF_02_R1_2004_01-05_ORIG_MID--AUDIO_02_R1_2004_05_Track05_wav.midi,data\raw\maestro-v3.0.0\2004\MIDI-Unprocessed_SMF_02_R1_2004_01-05_ORIG_MID--AUDIO_02_R1_2004_05_Track05_wav.wav,train,johann_sebastian_bach__french_suite_no_5_in_g_major,Baroque,0
track_000722,Johann Sebastian Bach,French Suite No. 5 in G Major,2004,792.520097956,2004/MIDI-Unprocessed_SMF_22_R1_2004_01-04_ORIG_MID--AUDIO_22_R1_2004_03_Track03_wav.midi,2004/MIDI-Unprocessed_SMF_22_R1_2004_01-04_ORIG_MID--AUDIO_22_R1_2004_03_Track03_wav.wav,data\raw\maestro-v3.0.0\2004\MIDI-Unprocessed_SMF_22_R1_2004_01-04_ORIG_MID--AUDIO_22_R1_2004_03_Track03_wav.midi,data\raw\maestro-v3.0.0\2004\MIDI-Unprocessed_SMF_22_R1_2004_01-04_ORIG_MID--AUDIO_22_R1_2004_03_Track03_wav.wav,train,johann_sebastian_bach__french_suite_no_5_in_g_major,Baroque,0
track_000723,Johann Sebastian Bach,French Suite No. 5 in G Major,2004,130.60752069,2004/MIDI-Unprocessed_SMF_22_R1_2004_01-04_ORIG_MID--AUDIO_22_R1_2004_05_Track05_wav.midi,2004/MIDI-Unprocessed_SMF_22_R1_2004_01-04_ORIG_MID--AUDIO_22_R1_2004_05_Track05_wav.wav,data\raw\maestro-v3.0.0\2004\MIDI-Unprocessed_SMF_22_R1_2004_01-04_ORIG_MID--AUDIO_22_R1_2004_05_Track05_wav.midi,data\raw\maestro-v3.0.0\2004\MIDI-Unprocessed_SMF_22_R1_2004_01-04_ORIG_MID--AUDIO_22_R1_2004_05_Track05_wav.wav,train,johann_sebastian_bach__french_suite_no_5_in_g_major,Baroque,0
track_000724,Johann Sebastian Bach,"Italian Concerto in F Major, BWV 971 (Complete)",2014,784.858990781,2014/MIDI-UNPROCESSED_16-18_R1_2014_MID--AUDIO_18_R1_2014_wav--1.midi,2014/MIDI-UNPROCESSED_16-18_R1_2014_MID--AUDIO_18_R1_2014_wav--1.wav,data\raw\maestro-v3.0.0\2014\MIDI-UNPROCESSED_16-18_R1_2014_MID--AUDIO_18_R1_2014_wav--1.midi,data\raw\maestro-v3.0.0\2014\MIDI-UNPROCESSED_16-18_R1_2014_MID--AUDIO_18_R1_2014_wav--1.wav,train,johann_sebastian_bach__italian_concerto_in_f_major_bwv_971_complete,Baroque,0
track_000725,Johann Sebastian Bach,"Italian Concerto, BWV 971",2018,732.789064219,2018/MIDI-Unprocessed_Recital13-15_MID--AUDIO_14_R1_2018_wav--1.midi,2018/MIDI-Unprocessed_Recital13-15_MID--AUDIO_14_R1_2018_wav--1.wav,data\raw\maestro-v3.0.0\2018\MIDI-Unprocessed_Recital13-15_MID--AUDIO_14_R1_2018_wav--1.midi,data\raw\maestro-v3.0.0\2018\MIDI-Unprocessed_Recital13-15_MID--AUDIO_14_R1_2018_wav--1.wav,train,johann_sebastian_bach__italian_concerto_bwv_971,Baroque,0
track_000726,Johann Sebastian Bach,"Italian Concerto, BWV 971 (Complete)",2015,771.034375,2015/MIDI-Unprocessed_R2_D1-2-3-6-7-8-11_mid--AUDIO-from_mp3_07_R2_2015_wav--1.midi,2015/MIDI-Unprocessed_R2_D1-2-3-6-7-8-11_mid--AUDIO-from_mp3_07_R2_2015_wav--1.wav,data\raw\maestro-v3.0.0\2015\MIDI-Unprocessed_R2_D1-2-3-6-7-8-11_mid--AUDIO-from_mp3_07_R2_2015_wav--1.midi,data\raw\maestro-v3.0.0\2015\MIDI-Unprocessed_R2_D1-2-3-6-7-8-11_mid--AUDIO-from_mp3_07_R2_2015_wav--1.wav,train,johann_sebastian_bach__italian_concerto_bwv_971_complete,Baroque,0
track_000727,Johann Sebastian Bach,"Overture in the French Style in B Minor, BWV 831",2013,442.826747344,2013/ORIG-MIDI_01_7_10_13_Group_MID--AUDIO_07_R3_2013_wav--1.midi,2013/ORIG-MIDI_01_7_10_13_Group_MID--AUDIO_07_R3_2013_wav--1.wav,data\raw\maestro-v3.0.0\2013\ORIG-MIDI_01_7_10_13_Group_MID--AUDIO_07_R3_2013_wav--1.midi,data\raw\maestro-v3.0.0\2013\ORIG-MIDI_01_7_10_13_Group_MID--AUDIO_07_R3_2013_wav--1.wav,test,johann_sebastian_bach__overture_in_the_french_style_in_b_minor_bwv_831,Baroque,0
track_000728,Johann Sebastian Bach,"Partita No. 1 in B-Flat Major, BWV 825 (Complete)",2014,951.542851875,2014/MIDI-UNPROCESSED_14-15_R1_2014_MID--AUDIO_14_R1_2014_wav--1.midi,2014/MIDI-UNPROCESSED_14-15_R1_2014_MID--AUDIO_14_R1_2014_wav--1.wav,data\raw\maestro-v3.0.0\2014\MIDI-UNPROCESSED_14-15_R1_2014_MID--AUDIO_14_R1_2014_wav--1.midi,data\raw\maestro-v3.0.0\2014\MIDI-UNPROCESSED_14-15_R1_2014_MID--AUDIO_14_R1_2014_wav--1.wav,train,johann_sebastian_bach__partita_no_1_in_b_flat_major_bwv_825_complete,Baroque,0
track_000729,Johann Sebastian Bach,"Partita No. 2 in C Minor, I. Sinfonia",2013,265.774306875,2013/ORIG-MIDI_02_7_8_13_Group__MID--AUDIO_12_R2_2013_wav--1.midi,2013/ORIG-MIDI_02_7_8_13_Group__MID--AUDIO_12_R2_2013_wav--1.wav,data\raw\maestro-v3.0.0\2013\ORIG-MIDI_02_7_8_13_Group__MID--AUDIO_12_R2_2013_wav--1.midi,data\raw\maestro-v3.0.0\2013\ORIG-MIDI_02_7_8_13_Group__MID--AUDIO_12_R2_2013_wav--1.wav,train,johann_sebastian_bach__partita_no_2_in_c_minor_i_sinfonia,Baroque,0
track_000730,Johann Sebastian Bach,"Partita No. 4 in D Major, BWV 828",2018,1091.69094891,2018/MIDI-Unprocessed_Chamber4_MID--AUDIO_11_R3_2018_wav--1.midi,2018/MIDI-Unprocessed_Chamber4_MID--AUDIO_11_R3_2018_wav--1.wav,data\raw\maestro-v3.0.0\2018\MIDI-Unprocessed_Chamber4_MID--AUDIO_11_R3_2018_wav--1.midi,data\raw\maestro-v3.0.0\2018\MIDI-Unprocessed_Chamber4_MID--AUDIO_11_R3_2018_wav--1.wav,train,johann_sebastian_bach__partita_no_4_in_d_major_bwv_828,Baroque,0
track_000731,Johann Sebastian Bach,Partita No. 6 in E Minor,2009,1286.67739922,2009/MIDI-Unprocessed_10_R1_2009_01-02_ORIG_MID--AUDIO_10_R1_2009_10_R1_2009_01_WAV.midi,2009/MIDI-Unprocessed_10_R1_2009_01-02_ORIG_MID--AUDIO_10_R1_2009_10_R1_2009_01_WAV.wav,data\raw\maestro-v3.0.0\2009\MIDI-Unprocessed_10_R1_2009_01-02_ORIG_MID--AUDIO_10_R1_2009_10_R1_2009_01_WAV.midi,data\raw\maestro-v3.0.0\2009\MIDI-Unprocessed_10_R1_2009_01-02_ORIG_MID--AUDIO_10_R1_2009_10_R1_2009_01_WAV.wav,train,johann_sebastian_bach__partita_no_6_in_e_minor,Baroque,0
track_000732,Johann Sebastian Bach,"Partita in C Minor, BWV 826",2014,1133.65805437,2014/MIDI-UNPROCESSED_06-08_R1_2014_MID--AUDIO_07_R1_2014_wav--2.midi,2014/MIDI-UNPROCESSED_06-08_R1_2014_MID--AUDIO_07_R1_2014_wav--2.wav,data\raw\maestro-v3.0.0\2014\MIDI-UNPROCESSED_06-08_R1_2014_MID--AUDIO_07_R1_2014_wav--2.midi,data\raw\maestro-v3.0.0\2014\MIDI-UNPROCESSED_06-08_R1_2014_MID--AUDIO_07_R1_2014_wav--2.wav,train,johann_sebastian_bach__partita_in_c_minor_bwv_826,Baroque,0
track_000733,Johann Sebastian Bach,Prelude & Fugue,2006,452.432774063,2006/MIDI-Unprocessed_17_R1_2006_01-06_ORIG_MID--AUDIO_17_R1_2006_01_Track01_wav.midi,2006/MIDI-Unprocessed_17_R1_2006_01-06_ORIG_MID--AUDIO_17_R1_2006_01_Track01_wav.wav,data\raw\maestro-v3.0.0\2006\MIDI-Unprocessed_17_R1_2006_01-06_ORIG_MID--AUDIO_17_R1_2006_01_Track01_wav.midi,data\raw\maestro-v3.0.0\2006\MIDI-Unprocessed_17_R1_2006_01-06_ORIG_MID--AUDIO_17_R1_2006_01_Track01_wav.wav,train,johann_sebastian_bach__prelude_fugue,Baroque,0
track_000734,Johann Sebastian Bach,Prelude & Fugue,2006,290.666108906,2006/MIDI-Unprocessed_19_R1_2006_01-07_ORIG_MID--AUDIO_19_R1_2006_01_Track01_wav.midi,2006/MIDI-Unprocessed_19_R1_2006_01-07_ORIG_MID--AUDIO_19_R1_2006_01_Track01_wav.wav,data\raw\maestro-v3.0.0\2006\MIDI-Unprocessed_19_R1_2006_01-07_ORIG_MID--AUDIO_19_R1_2006_01_Track01_wav.midi,data\raw\maestro-v3.0.0\2006\MIDI-Unprocessed_19_R1_2006_01-07_ORIG_MID--AUDIO_19_R1_2006_01_Track01_wav.wav,train,johann_sebastian_bach__prelude_fugue,Baroque,0
track_000735,Johann Sebastian Bach,"Prelude & Fugue in B flat minor, Book I, BWV 867",2013,323.019174844,2013/ORIG-MIDI_01_7_6_13_Group__MID--AUDIO_02_R1_2013_wav--1.midi,2013/ORIG-MIDI_01_7_6_13_Group__MID--AUDIO_02_R1_2013_wav--1.wav,data\raw\maestro-v3.0.0\2013\ORIG-MIDI_01_7_6_13_Group__MID--AUDIO_02_R1_2013_wav--1.midi,data\raw\maestro-v3.0.0\2013\ORIG-MIDI_01_7_6_13_Group__MID--AUDIO_02_R1_2013_wav--1.wav,train,johann_sebastian_bach__prelude_fugue_in_b_flat_minor_book_i_bwv_867,Baroque,0
track_000736,Johann Sebastian Bach,"Prelude & Fugue in G Minor, WTK II",2004,311.725576133,2004/MIDI-Unprocessed_SMF_17_R1_2004_01-02_ORIG_MID--AUDIO_20_R2_2004_02_Track02_wav.midi,2004/MIDI-Unprocessed_SMF_17_R1_2004_01-02_ORIG_MID--AUDIO_20_R2_2004_02_Track02_wav.wav,data\raw\maestro-v3.0.0\2004\MIDI-Unprocessed_SMF_17_R1_2004_01-02_ORIG_MID--AUDIO_20_R2_2004_02_Track02_wav.midi,data\raw\maestro-v3.0.0\2004\MIDI-Unprocessed_SMF_17_R1_2004_01-02_ORIG_MID--AUDIO_20_R2_2004_02_Track02_wav.wav,train,johann_sebastian_bach__prelude_fugue_in_g_minor_wtk_ii,Baroque,0
track_000737,Johann Sebastian Bach,"Prelude and Fuge in G-sharp Minor, WTC I, BWV 863",2011,297.515728125,2011/MIDI-Unprocessed_11_R1_2011_MID--AUDIO_R1-D4_07_Track07_wav.midi,2011/MIDI-Unprocessed_11_R1_2011_MID--AUDIO_R1-D4_07_Track07_wav.wav,data\raw\maestro-v3.0.0\2011\MIDI-Unprocessed_11_R1_2011_MID--AUDIO_R1-D4_07_Track07_wav.midi,data\raw\maestro-v3.0.0\2011\MIDI-Unprocessed_11_R1_2011_MID--AUDIO_R1-D4_07_Track07_wav.wav,test,johann_sebastian_bach__prelude_and_fuge_in_g_sharp_minor_wtc_i_bwv_863,Baroque,0
track_000738,Johann Sebastian Bach,"Prelude and Fugue in  F-sharp Major, WTC I , BWV 858",2015,227.335416667,2015/MIDI-Unprocessed_R1_D1-1-8_mid--AUDIO-from_mp3_02_R1_2015_wav--1.midi,2015/MIDI-Unprocessed_R1_D1-1-8_mid--AUDIO-from_mp3_02_R1_2015_wav--1.wav,data\raw\maestro-v3.0.0\2015\MIDI-Unprocessed_R1_D1-1-8_mid--AUDIO-from_mp3_02_R1_2015_wav--1.midi,data\raw\maestro-v3.0.0\2015\MIDI-Unprocessed_R1_D1-1-8_mid--AUDIO-from_mp3_02_R1_2015_wav--1.wav,test,johann_sebastian_bach__prelude_and_fugue_in_f_sharp_major_wtc_i_bwv_858,Baroque,0
track_000739,Johann Sebastian Bach,"Prelude and Fugue in A Major, WTC I, BWV 864",2015,211.635416667,2015/MIDI-Unprocessed_R1_D2-13-20_mid--AUDIO-from_mp3_16_R1_2015_wav--1.midi,2015/MIDI-Unprocessed_R1_D2-13-20_mid--AUDIO-from_mp3_16_R1_2015_wav--1.wav,data\raw\maestro-v3.0.0\2015\MIDI-Unprocessed_R1_D2-13-20_mid--AUDIO-from_mp3_16_R1_2015_wav--1.midi,data\raw\maestro-v3.0.0\2015\MIDI-Unprocessed_R1_D2-13-20_mid--AUDIO-from_mp3_16_R1_2015_wav--1.wav,train,johann_sebastian_bach__prelude_and_fugue_in_a_major_wtc_i_bwv_864,Baroque,0
track_000740,Johann Sebastian Bach,"Prelude and Fugue in A Major, WTC II, BWV 888",2015,173.611458333,2015/MIDI-Unprocessed_R1_D2-13-20_mid--AUDIO-from_mp3_13_R1_2015_wav--1.midi,2015/MIDI-Unprocessed_R1_D2-13-20_mid--AUDIO-from_mp3_13_R1_2015_wav--1.wav,data\raw\maestro-v3.0.0\2015\MIDI-Unprocessed_R1_D2-13-20_mid--AUDIO-from_mp3_13_R1_2015_wav--1.midi,data\raw\maestro-v3.0.0\2015\MIDI-Unprocessed_R1_D2-13-20_mid--AUDIO-from_mp3_13_R1_2015_wav--1.wav,train,johann_sebastian_bach__prelude_and_fugue_in_a_major_wtc_ii_bwv_888,Baroque,0
track_000741,Johann Sebastian Bach,"Prelude and Fugue in A Minor, WTC I, BWV 865",2011,316.24968375,2011/MIDI-Unprocessed_19_R1_2011_MID--AUDIO_R1-D7_12_Track12_wav.midi,2011/MIDI-Unprocessed_19_R1_2011_MID--AUDIO_R1-D7_12_Track12_wav.wav,data\raw\maestro-v3.0.0\2011\MIDI-Unprocessed_19_R1_2011_MID--AUDIO_R1-D7_12_Track12_wav.midi,data\raw\maestro-v3.0.0\2011\MIDI-Unprocessed_19_R1_2011_MID--AUDIO_R1-D7_12_Track12_wav.wav,train,johann_sebastian_bach__prelude_and_fugue_in_a_minor_wtc_i_bwv_865,Baroque,0
track_000742,Johann Sebastian Bach,"Prelude and Fugue in A Minor, WTC I, BWV 865",2011,303.235540781,2011/MIDI-Unprocessed_25_R1_2011_MID--AUDIO_R1-D9_14_Track14_wav.midi,2011/MIDI-Unprocessed_25_R1_2011_MID--AUDIO_R1-D9_14_Track14_wav.wav,data\raw\maestro-v3.0.0\2011\MIDI-Unprocessed_25_R1_2011_MID--AUDIO_R1-D9_14_Track14_wav.midi,data\raw\maestro-v3.0.0\2011\MIDI-Unprocessed_25_R1_2011_MID--AUDIO_R1-D9_14_Track14_wav.wav,train,johann_sebastian_bach__prelude_and_fugue_in_a_minor_wtc_i_bwv_865,Baroque,0
track_000743,Johann Sebastian Bach,"Prelude and Fugue in A Minor, WTC I, BWV 865",2017,309.229254,2017/MIDI-Unprocessed_067_PIANO067_MID--AUDIO-split_07-07-17_Piano-e_3-03_wav--1.midi,2017/MIDI-Unprocessed_067_PIANO067_MID--AUDIO-split_07-07-17_Piano-e_3-03_wav--1.wav,data\raw\maestro-v3.0.0\2017\MIDI-Unprocessed_067_PIANO067_MID--AUDIO-split_07-07-17_Piano-e_3-03_wav--1.midi,data\raw\maestro-v3.0.0\2017\MIDI-Unprocessed_067_PIANO067_MID--AUDIO-split_07-07-17_Piano-e_3-03_wav--1.wav,train,johann_sebastian_bach__prelude_and_fugue_in_a_minor_wtc_i_bwv_865,Baroque,0
track_000744,Johann Sebastian Bach,"Prelude and Fugue in A Minor, WTC II,  BWV 889",2011,241.37796375,2011/MIDI-Unprocessed_06_R1_2011_MID--AUDIO_R1-D2_14_Track14_wav.midi,2011/MIDI-Unprocessed_06_R1_2011_MID--AUDIO_R1-D2_14_Track14_wav.wav,data\raw\maestro-v3.0.0\2011\MIDI-Unprocessed_06_R1_2011_MID--AUDIO_R1-D2_14_Track14_wav.midi,data\raw\maestro-v3.0.0\2011\MIDI-Unprocessed_06_R1_2011_MID--AUDIO_R1-D2_14_Track14_wav.wav,train,johann_sebastian_bach__prelude_and_fugue_in_a_minor_wtc_ii_bwv_889,Baroque,0
track_000745,Johann Sebastian Bach,"Prelude and Fugue in A Minor, WTC II, BWV 847",2013,220.773016406,2013/ORIG-MIDI_03_7_6_13_Group__MID--AUDIO_09_R1_2013_wav--1.midi,2013/ORIG-MIDI_03_7_6_13_Group__MID--AUDIO_09_R1_2013_wav--1.wav,data\raw\maestro-v3.0.0\2013\ORIG-MIDI_03_7_6_13_Group__MID--AUDIO_09_R1_2013_wav--1.midi,data\raw\maestro-v3.0.0\2013\ORIG-MIDI_03_7_6_13_Group__MID--AUDIO_09_R1_2013_wav--1.wav,train,johann_sebastian_bach__prelude_and_fugue_in_a_minor_wtc_ii_bwv_847,Baroque,0
track_000746,Johann Sebastian Bach,"Prelude and Fugue in A Minor, WTC II, BWV 889",2015,236.185416667,2015/MIDI-Unprocessed_R1_D1-9-12_mid--AUDIO-from_mp3_12_R1_2015_wav--1.midi,2015/MIDI-Unprocessed_R1_D1-9-12_mid--AUDIO-from_mp3_12_R1_2015_wav--1.wav,data\raw\maestro-v3.0.0\2015\MIDI-Unprocessed_R1_D1-9-12_mid--AUDIO-from_mp3_12_R1_2015_wav--1.midi,data\raw\maestro-v3.0.0\2015\MIDI-Unprocessed_R1_D1-9-12_mid--AUDIO-from_mp3_12_R1_2015_wav--1.wav,train,johann_sebastian_bach__prelude_and_fugue_in_a_minor_wtc_ii_bwv_889,Baroque,0
track_000747,Johann Sebastian Bach,"Prelude and Fugue in A Minor, WTC II, BWV 889",2011,244.373420156,2011/MIDI-Unprocessed_15_R1_2011_MID--AUDIO_R1-D6_07_Track07_wav.midi,2011/MIDI-Unprocessed_15_R1_2011_MID--AUDIO_R1-D6_07_Track07_wav.wav,data\raw\maestro-v3.0.0\2011\MIDI-Unprocessed_15_R1_2011_MID--AUDIO_R1-D6_07_Track07_wav.midi,data\raw\maestro-v3.0.0\2011\MIDI-Unprocessed_15_R1_2011_MID--AUDIO_R1-D6_07_Track07_wav.wav,train,johann_sebastian_bach__prelude_and_fugue_in_a_minor_wtc_ii_bwv_889,Baroque,0
track_000748,Johann Sebastian Bach,"Prelude and Fugue in A Minor, WTC II, BWV 889",2017,241.077878542,2017/MIDI-Unprocessed_052_PIANO052_MID--AUDIO-split_07-06-17_Piano-e_3-03_wav--2.midi,2017/MIDI-Unprocessed_052_PIANO052_MID--AUDIO-split_07-06-17_Piano-e_3-03_wav--2.wav,data\raw\maestro-v3.0.0\2017\MIDI-Unprocessed_052_PIANO052_MID--AUDIO-split_07-06-17_Piano-e_3-03_wav--2.midi,data\raw\maestro-v3.0.0\2017\MIDI-Unprocessed_052_PIANO052_MID--AUDIO-split_07-06-17_Piano-e_3-03_wav--2.wav,train,johann_sebastian_bach__prelude_and_fugue_in_a_minor_wtc_ii_bwv_889,Baroque,0
track_000749,Johann Sebastian Bach,"Prelude and Fugue in A Minor, WTC II, BWV 889",2017,225.740346858,2017/MIDI-Unprocessed_054_PIANO054_MID--AUDIO-split_07-07-17_Piano-e_1-02_wav--1.midi,2017/MIDI-Unprocessed_054_PIANO054_MID--AUDIO-split_07-07-17_Piano-e_1-02_wav--1.wav,data\raw\maestro-v3.0.0\2017\MIDI-Unprocessed_054_PIANO054_MID--AUDIO-split_07-07-17_Piano-e_1-02_wav--1.midi,data\raw\maestro-v3.0.0\2017\MIDI-Unprocessed_054_PIANO054_MID--AUDIO-split_07-07-17_Piano-e_1-02_wav--1.wav,train,johann_sebastian_bach__prelude_and_fugue_in_a_minor_wtc_ii_bwv_889,Baroque,0
track_000750,Johann Sebastian Bach,"Prelude and Fugue in A Minor, WTC II, BWV 889",2017,215.636763887,2017/MIDI-Unprocessed_062_PIANO062_MID--AUDIO-split_07-07-17_Piano-e_2-07_wav--2.midi,2017/MIDI-Unprocessed_062_PIANO062_MID--AUDIO-split_07-07-17_Piano-e_2-07_wav--2.wav,data\raw\maestro-v3.0.0\2017\MIDI-Unprocessed_062_PIANO062_MID--AUDIO-split_07-07-17_Piano-e_2-07_wav--2.midi,data\raw\maestro-v3.0.0\2017\MIDI-Unprocessed_062_PIANO062_MID--AUDIO-split_07-07-17_Piano-e_2-07_wav--2.wav,train,johann_sebastian_bach__prelude_and_fugue_in_a_minor_wtc_ii_bwv_889,Baroque,0
track_000751,Johann Sebastian Bach,"Prelude and Fugue in A-flat Major, WTC I",2008,230.553989531,2008/MIDI-Unprocessed_13_R1_2008_01-04_ORIG_MID--AUDIO_13_R1_2008_wav--1.midi,2008/MIDI-Unprocessed_13_R1_2008_01-04_ORIG_MID--AUDIO_13_R1_2008_wav--1.wav,data\raw\maestro-v3.0.0\2008\MIDI-Unprocessed_13_R1_2008_01-04_ORIG_MID--AUDIO_13_R1_2008_wav--1.midi,data\raw\maestro-v3.0.0\2008\MIDI-Unprocessed_13_R1_2008_01-04_ORIG_MID--AUDIO_13_R1_2008_wav--1.wav,test,johann_sebastian_bach__prelude_and_fugue_in_a_flat_major_wtc_i,Baroque,0
track_000752,Johann Sebastian Bach,"Prelude and Fugue in A-flat Major, WTC I, BWV 862",2013,208.19423625,2013/ORIG-MIDI_01_7_6_13_Group__MID--AUDIO_04_R1_2013_wav--1.midi,2013/ORIG-MIDI_01_7_6_13_Group__MID--AUDIO_04_R1_2013_wav--1.wav,data\raw\maestro-v3.0.0\2013\ORIG-MIDI_01_7_6_13_Group__MID--AUDIO_04_R1_2013_wav--1.midi,data\raw\maestro-v3.0.0\2013\ORIG-MIDI_01_7_6_13_Group__MID--AUDIO_04_R1_2013_wav--1.wav,test,johann_sebastian_bach__prelude_and_fugue_in_a_flat_major_wtc_i_bwv_862,Baroque,0
track_000753,Johann Sebastian Bach,"Prelude and Fugue in B Major, WTC I, BWV 868",2014,188.697727969,2014/MIDI-UNPROCESSED_01-03_R1_2014_MID--AUDIO_03_R1_2014_wav--2.midi,2014/MIDI-UNPROCESSED_01-03_R1_2014_MID--AUDIO_03_R1_2014_wav--2.wav,data\raw\maestro-v3.0.0\2014\MIDI-UNPROCESSED_01-03_R1_2014_MID--AUDIO_03_R1_2014_wav--2.midi,data\raw\maestro-v3.0.0\2014\MIDI-UNPROCESSED_01-03_R1_2014_MID--AUDIO_03_R1_2014_wav--2.wav,validation,johann_sebastian_bach__prelude_and_fugue_in_b_major_wtc_i_bwv_868,Baroque,0
track_000754,Johann Sebastian Bach,"Prelude and Fugue in B Major, WTC II, BWV 892",2011,347.649225,2011/MIDI-Unprocessed_09_R1_2011_MID--AUDIO_R1-D3_12_Track12_wav.midi,2011/MIDI-Unprocessed_09_R1_2011_MID--AUDIO_R1-D3_12_Track12_wav.wav,data\raw\maestro-v3.0.0\2011\MIDI-Unprocessed_09_R1_2011_MID--AUDIO_R1-D3_12_Track12_wav.midi,data\raw\maestro-v3.0.0\2011\MIDI-Unprocessed_09_R1_2011_MID--AUDIO_R1-D3_12_Track12_wav.wav,train,johann_sebastian_bach__prelude_and_fugue_in_b_major_wtc_ii_bwv_892,Baroque,0
track_000755,Johann Sebastian Bach,"Prelude and Fugue in B Major, WTC II, BWV 892",2017,347.093384704,2017/MIDI-Unprocessed_055_PIANO055_MID--AUDIO-split_07-07-17_Piano-e_1-04_wav--1.midi,2017/MIDI-Unprocessed_055_PIANO055_MID--AUDIO-split_07-07-17_Piano-e_1-04_wav--1.wav,data\raw\maestro-v3.0.0\2017\MIDI-Unprocessed_055_PIANO055_MID--AUDIO-split_07-07-17_Piano-e_1-04_wav--1.midi,data\raw\maestro-v3.0.0\2017\MIDI-Unprocessed_055_PIANO055_MID--AUDIO-split_07-07-17_Piano-e_1-04_wav--1.wav,train,johann_sebastian_bach__prelude_and_fugue_in_b_major_wtc_ii_bwv_892,Baroque,0
track_000756,Johann Sebastian Bach,"Prelude and Fugue in B Minor, WTC II",2008,223.900684219,2008/MIDI-Unprocessed_06_R1_2008_01-04_ORIG_MID--AUDIO_06_R1_2008_wav--1.midi,2008/MIDI-Unprocessed_06_R1_2008_01-04_ORIG_MID--AUDIO_06_R1_2008_wav--1.wav,data\raw\maestro-v3.0.0\2008\MIDI-Unprocessed_06_R1_2008_01-04_ORIG_MID--AUDIO_06_R1_2008_wav--1.midi,data\raw\maestro-v3.0.0\2008\MIDI-Unprocessed_06_R1_2008_01-04_ORIG_MID--AUDIO_06_R1_2008_wav--1.wav,train,johann_sebastian_bach__prelude_and_fugue_in_b_minor_wtc_ii,Baroque,0
track_000757,Johann Sebastian Bach,"Prelude and Fugue in B Minor, WTC II",2008,224.950362656,2008/MIDI-Unprocessed_09_R1_2008_01-05_ORIG_MID--AUDIO_09_R1_2008_wav--1.midi,2008/MIDI-Unprocessed_09_R1_2008_01-05_ORIG_MID--AUDIO_09_R1_2008_wav--1.wav,data\raw\maestro-v3.0.0\2008\MIDI-Unprocessed_09_R1_2008_01-05_ORIG_MID--AUDIO_09_R1_2008_wav--1.midi,data\raw\maestro-v3.0.0\2008\MIDI-Unprocessed_09_R1_2008_01-05_ORIG_MID--AUDIO_09_R1_2008_wav--1.wav,train,johann_sebastian_bach__prelude_and_fugue_in_b_minor_wtc_ii,Baroque,0
track_000758,Johann Sebastian Bach,"Prelude and Fugue in B Minor, WTC II, BWV 893",2013,254.6792325,2013/ORIG-MIDI_03_7_6_13_Group__MID--AUDIO_10_R1_2013_wav--1.midi,2013/ORIG-MIDI_03_7_6_13_Group__MID--AUDIO_10_R1_2013_wav--1.wav,data\raw\maestro-v3.0.0\2013\ORIG-MIDI_03_7_6_13_Group__MID--AUDIO_10_R1_2013_wav--1.midi,data\raw\maestro-v3.0.0\2013\ORIG-MIDI_03_7_6_13_Group__MID--AUDIO_10_R1_2013_wav--1.wav,train,johann_sebastian_bach__prelude_and_fugue_in_b_minor_wtc_ii_bwv_893,Baroque,0
track_000759,Johann Sebastian Bach,"Prelude and Fugue in B-Moll, No. 22 WTKII",2004,420.449614371,2004/MIDI-Unprocessed_XP_03_R1_2004_01-02_ORIG_MID--AUDIO_03_R1_2004_01_Track01_wav.midi,2004/MIDI-Unprocessed_XP_03_R1_2004_01-02_ORIG_MID--AUDIO_03_R1_2004_01_Track01_wav.wav,data\raw\maestro-v3.0.0\2004\MIDI-Unprocessed_XP_03_R1_2004_01-02_ORIG_MID--AUDIO_03_R1_2004_01_Track01_wav.midi,data\raw\maestro-v3.0.0\2004\MIDI-Unprocessed_XP_03_R1_2004_01-02_ORIG_MID--AUDIO_03_R1_2004_01_Track01_wav.wav,test,johann_sebastian_bach__prelude_and_fugue_in_b_moll_no_22_wtkii,Baroque,0
track_000760,Johann Sebastian Bach,"Prelude and Fugue in B-flat Minor, WTC I, BWV 867",2015,313.167708333,2015/MIDI-Unprocessed_R1_D2-21-22_mid--AUDIO-from_mp3_22_R1_2015_wav--1.midi,2015/MIDI-Unprocessed_R1_D2-21-22_mid--AUDIO-from_mp3_22_R1_2015_wav--1.wav,data\raw\maestro-v3.0.0\2015\MIDI-Unprocessed_R1_D2-21-22_mid--AUDIO-from_mp3_22_R1_2015_wav--1.midi,data\raw\maestro-v3.0.0\2015\MIDI-Unprocessed_R1_D2-21-22_mid--AUDIO-from_mp3_22_R1_2015_wav--1.wav,train,johann_sebastian_bach__prelude_and_fugue_in_b_flat_minor_wtc_i_bwv_867,Baroque,0
track_000761,Johann Sebastian Bach,"Prelude and Fugue in B-flat Minor, WTC I, BWV 867",2013,316.22831625,2013/ORIG-MIDI_02_7_7_13_Group__MID--AUDIO_15_R1_2013_wav--1.midi,2013/ORIG-MIDI_02_7_7_13_Group__MID--AUDIO_15_R1_2013_wav--1.wav,data\raw\maestro-v3.0.0\2013\ORIG-MIDI_02_7_7_13_Group__MID--AUDIO_15_R1_2013_wav--1.midi,data\raw\maestro-v3.0.0\2013\ORIG-MIDI_02_7_7_13_Group__MID--AUDIO_15_R1_2013_wav--1.wav,train,johann_sebastian_bach__prelude_and_fugue_in_b_flat_minor_wtc_i_bwv_867,Baroque,0
track_000762,Johann Sebastian Bach,"Prelude and Fugue in B-flat Minor, WTC I, BWV 867",2013,352.80947625,2013/ORIG-MIDI_02_7_7_13_Group__MID--AUDIO_18_R1_2013_wav--1.midi,2013/ORIG-MIDI_02_7_7_13_Group__MID--AUDIO_18_R1_2013_wav--1.wav,data\raw\maestro-v3.0.0\2013\ORIG-MIDI_02_7_7_13_Group__MID--AUDIO_18_R1_2013_wav--1.midi,data\raw\maestro-v3.0.0\2013\ORIG-MIDI_02_7_7_13_Group__MID--AUDIO_18_R1_2013_wav--1.wav,train,johann_sebastian_bach__prelude_and_fugue_in_b_flat_minor_wtc_i_bwv_867,Baroque,0
track_000763,Johann Sebastian Bach,"Prelude and Fugue in B-flat Minor, WTC I, BWV 867",2011,337.989779531,2011/MIDI-Unprocessed_16_R1_2011_MID--AUDIO_R1-D6_12_Track12_wav.midi,2011/MIDI-Unprocessed_16_R1_2011_MID--AUDIO_R1-D6_12_Track12_wav.wav,data\raw\maestro-v3.0.0\2011\MIDI-Unprocessed_16_R1_2011_MID--AUDIO_R1-D6_12_Track12_wav.midi,data\raw\maestro-v3.0.0\2011\MIDI-Unprocessed_16_R1_2011_MID--AUDIO_R1-D6_12_Track12_wav.wav,train,johann_sebastian_bach__prelude_and_fugue_in_b_flat_minor_wtc_i_bwv_867,Baroque,0
track_000764,Johann Sebastian Bach,"Prelude and Fugue in B-flat Minor, WTC II",2008,360.5338275,2008/MIDI-Unprocessed_03_R1_2008_01-04_ORIG_MID--AUDIO_03_R1_2008_wav--1.midi,2008/MIDI-Unprocessed_03_R1_2008_01-04_ORIG_MID--AUDIO_03_R1_2008_wav--1.wav,data\raw\maestro-v3.0.0\2008\MIDI-Unprocessed_03_R1_2008_01-04_ORIG_MID--AUDIO_03_R1_2008_wav--1.midi,data\raw\maestro-v3.0.0\2008\MIDI-Unprocessed_03_R1_2008_01-04_ORIG_MID--AUDIO_03_R1_2008_wav--1.wav,test,johann_sebastian_bach__prelude_and_fugue_in_b_flat_minor_wtc_ii,Baroque,0
track_000765,Johann Sebastian Bach,"Prelude and Fugue in C Major, WTC  II, BWV 870",2015,233.179166667,2015/MIDI-Unprocessed_R1_D2-13-20_mid--AUDIO-from_mp3_17_R1_2015_wav--1.midi,2015/MIDI-Unprocessed_R1_D2-13-20_mid--AUDIO-from_mp3_17_R1_2015_wav--1.wav,data\raw\maestro-v3.0.0\2015\MIDI-Unprocessed_R1_D2-13-20_mid--AUDIO-from_mp3_17_R1_2015_wav--1.midi,data\raw\maestro-v3.0.0\2015\MIDI-Unprocessed_R1_D2-13-20_mid--AUDIO-from_mp3_17_R1_2015_wav--1.wav,train,johann_sebastian_bach__prelude_and_fugue_in_c_major_wtc_ii_bwv_870,Baroque,0
track_000766,Johann Sebastian Bach,"Prelude and Fugue in C Major, WTC II, BWV 846",2014,239.887580625,2014/MIDI-UNPROCESSED_16-18_R1_2014_MID--AUDIO_16_R1_2014_wav--1.midi,2014/MIDI-UNPROCESSED_16-18_R1_2014_MID--AUDIO_16_R1_2014_wav--1.wav,data\raw\maestro-v3.0.0\2014\MIDI-UNPROCESSED_16-18_R1_2014_MID--AUDIO_16_R1_2014_wav--1.midi,data\raw\maestro-v3.0.0\2014\MIDI-UNPROCESSED_16-18_R1_2014_MID--AUDIO_16_R1_2014_wav--1.wav,train,johann_sebastian_bach__prelude_and_fugue_in_c_major_wtc_ii_bwv_846,Baroque,0
track_000767,Johann Sebastian Bach,"Prelude and Fugue in C Major, WTC II, BWV 870",2015,258.54375,2015/MIDI-Unprocessed_R1_D2-13-20_mid--AUDIO-from_mp3_20_R1_2015_wav--1.midi,2015/MIDI-Unprocessed_R1_D2-13-20_mid--AUDIO-from_mp3_20_R1_2015_wav--1.wav,data\raw\maestro-v3.0.0\2015\MIDI-Unprocessed_R1_D2-13-20_mid--AUDIO-from_mp3_20_R1_2015_wav--1.midi,data\raw\maestro-v3.0.0\2015\MIDI-Unprocessed_R1_D2-13-20_mid--AUDIO-from_mp3_20_R1_2015_wav--1.wav,train,johann_sebastian_bach__prelude_and_fugue_in_c_major_wtc_ii_bwv_870,Baroque,0
track_000768,Johann Sebastian Bach,"Prelude and Fugue in C Minor, WTC II, BWV 871",2011,238.729729219,2011/MIDI-Unprocessed_21_R1_2011_MID--AUDIO_R1-D8_07_Track07_wav.midi,2011/MIDI-Unprocessed_21_R1_2011_MID--AUDIO_R1-D8_07_Track07_wav.wav,data\raw\maestro-v3.0.0\2011\MIDI-Unprocessed_21_R1_2011_MID--AUDIO_R1-D8_07_Track07_wav.midi,data\raw\maestro-v3.0.0\2011\MIDI-Unprocessed_21_R1_2011_MID--AUDIO_R1-D8_07_Track07_wav.wav,train,johann_sebastian_bach__prelude_and_fugue_in_c_minor_wtc_ii_bwv_871,Baroque,0
track_000769,Johann Sebastian Bach,"Prelude and Fugue in C sharp major, WTC I, BWV 848",2011,202.549209844,2011/MIDI-Unprocessed_24_R1_2011_MID--AUDIO_R1-D9_08_Track08_wav.midi,2011/MIDI-Unprocessed_24_R1_2011_MID--AUDIO_R1-D9_08_Track08_wav.wav,data\raw\maestro-v3.0.0\2011\MIDI-Unprocessed_24_R1_2011_MID--AUDIO_R1-D9_08_Track08_wav.midi,data\raw\maestro-v3.0.0\2011\MIDI-Unprocessed_24_R1_2011_MID--AUDIO_R1-D9_08_Track08_wav.wav,train,johann_sebastian_bach__prelude_and_fugue_in_c_sharp_major_wtc_i_bwv_848,Baroque,0
track_000770,Johann Sebastian Bach,"Prelude and Fugue in C-Sharp Major, WTC I, BWV 848",2011,208.378530937,2011/MIDI-Unprocessed_04_R1_2011_MID--AUDIO_R1-D2_02_Track02_wav.midi,2011/MIDI-Unprocessed_04_R1_2011_MID--AUDIO_R1-D2_02_Track02_wav.wav,data\raw\maestro-v3.0.0\2011\MIDI-Unprocessed_04_R1_2011_MID--AUDIO_R1-D2_02_Track02_wav.midi,data\raw\maestro-v3.0.0\2011\MIDI-Unprocessed_04_R1_2011_MID--AUDIO_R1-D2_02_Track02_wav.wav,train,johann_sebastian_bach__prelude_and_fugue_in_c_sharp_major_wtc_i_bwv_848,Baroque,0
track_000771,Johann Sebastian Bach,"Prelude and Fugue in C-Sharp Major, WTC I, BWV 848",2011,202.95919875,2011/MIDI-Unprocessed_12_R1_2011_MID--AUDIO_R1-D4_15_Track15_wav.midi,2011/MIDI-Unprocessed_12_R1_2011_MID--AUDIO_R1-D4_15_Track15_wav.wav,data\raw\maestro-v3.0.0\2011\MIDI-Unprocessed_12_R1_2011_MID--AUDIO_R1-D4_15_Track15_wav.midi,data\raw\maestro-v3.0.0\2011\MIDI-Unprocessed_12_R1_2011_MID--AUDIO_R1-D4_15_Track15_wav.wav,train,johann_sebastian_bach__prelude_and_fugue_in_c_sharp_major_wtc_i_bwv_848,Baroque,0
track_000772,Johann Sebastian Bach,"Prelude and Fugue in C-Sharp Minor, WTC I, BWV 849",2014,328.45052625,2014/MIDI-UNPROCESSED_01-03_R1_2014_MID--AUDIO_02_R1_2014_wav--1.midi,2014/MIDI-UNPROCESSED_01-03_R1_2014_MID--AUDIO_02_R1_2014_wav--1.wav,data\raw\maestro-v3.0.0\2014\MIDI-UNPROCESSED_01-03_R1_2014_MID--AUDIO_02_R1_2014_wav--1.midi,data\raw\maestro-v3.0.0\2014\MIDI-UNPROCESSED_01-03_R1_2014_MID--AUDIO_02_R1_2014_wav--1.wav,validation,johann_sebastian_bach__prelude_and_fugue_in_c_sharp_minor_wtc_i_bwv_849,Baroque,0
track_000773,Johann Sebastian Bach,"Prelude and Fugue in C-sharp Major, BWV 848",2013,208.537451719,2013/ORIG-MIDI_01_7_7_13_Group__MID--AUDIO_13_R1_2013_wav--1.midi,2013/ORIG-MIDI_01_7_7_13_Group__MID--AUDIO_13_R1_2013_wav--1.wav,data\raw\maestro-v3.0.0\2013\ORIG-MIDI_01_7_7_13_Group__MID--AUDIO_13_R1_2013_wav--1.midi,data\raw\maestro-v3.0.0\2013\ORIG-MIDI_01_7_7_13_Group__MID--AUDIO_13_R1_2013_wav--1.wav,train,johann_sebastian_bach__prelude_and_fugue_in_c_sharp_major_bwv_848,Baroque,0
track_000774,Johann Sebastian Bach,"Prelude and Fugue in C-sharp Major, WTC I",2008,180.019852031,2008/MIDI-Unprocessed_02_R1_2008_01-05_ORIG_MID--AUDIO_02_R1_2008_wav--1.midi,2008/MIDI-Unprocessed_02_R1_2008_01-05_ORIG_MID--AUDIO_02_R1_2008_wav--1.wav,data\raw\maestro-v3.0.0\2008\MIDI-Unprocessed_02_R1_2008_01-05_ORIG_MID--AUDIO_02_R1_2008_wav--1.midi,data\raw\maestro-v3.0.0\2008\MIDI-Unprocessed_02_R1_2008_01-05_ORIG_MID--AUDIO_02_R1_2008_wav--1.wav,train,johann_sebastian_bach__prelude_and_fugue_in_c_sharp_major_wtc_i,Baroque,0
track_000775,Johann Sebastian Bach,"Prelude and Fugue in C-sharp Major, WTC I",2008,195.688906875,2008/MIDI-Unprocessed_10_R1_2008_01-04_ORIG_MID--AUDIO_10_R1_2008_wav--1.midi,2008/MIDI-Unprocessed_10_R1_2008_01-04_ORIG_MID--AUDIO_10_R1_2008_wav--1.wav,data\raw\maestro-v3.0.0\2008\MIDI-Unprocessed_10_R1_2008_01-04_ORIG_MID--AUDIO_10_R1_2008_wav--1.midi,data\raw\maestro-v3.0.0\2008\MIDI-Unprocessed_10_R1_2008_01-04_ORIG_MID--AUDIO_10_R1_2008_wav--1.wav,train,johann_sebastian_bach__prelude_and_fugue_in_c_sharp_major_wtc_i,Baroque,0
track_000776,Johann Sebastian Bach,"Prelude and Fugue in C-sharp Major, WTC I, BWV 848",2015,217.730208333,2015/MIDI-Unprocessed_R1_D1-9-12_mid--AUDIO-from_mp3_09_R1_2015_wav--1.midi,2015/MIDI-Unprocessed_R1_D1-9-12_mid--AUDIO-from_mp3_09_R1_2015_wav--1.wav,data\raw\maestro-v3.0.0\2015\MIDI-Unprocessed_R1_D1-9-12_mid--AUDIO-from_mp3_09_R1_2015_wav--1.midi,data\raw\maestro-v3.0.0\2015\MIDI-Unprocessed_R1_D1-9-12_mid--AUDIO-from_mp3_09_R1_2015_wav--1.wav,train,johann_sebastian_bach__prelude_and_fugue_in_c_sharp_major_wtc_i_bwv_848,Baroque,0
track_000777,Johann Sebastian Bach,"Prelude and Fugue in C-sharp Major, WTC I, BWV 848",2013,211.061487656,2013/ORIG-MIDI_01_7_7_13_Group__MID--AUDIO_12_R1_2013_wav--1.midi,2013/ORIG-MIDI_01_7_7_13_Group__MID--AUDIO_12_R1_2013_wav--1.wav,data\raw\maestro-v3.0.0\2013\ORIG-MIDI_01_7_7_13_Group__MID--AUDIO_12_R1_2013_wav--1.midi,data\raw\maestro-v3.0.0\2013\ORIG-MIDI_01_7_7_13_Group__MID--AUDIO_12_R1_2013_wav--1.wav,train,johann_sebastian_bach__prelude_and_fugue_in_c_sharp_major_wtc_i_bwv_848,Baroque,0
track_000778,Johann Sebastian Bach,"Prelude and Fugue in C-sharp Major, WTC I, BWV 848",2017,194.047126088,2017/MIDI-Unprocessed_059_PIANO059_MID--AUDIO-split_07-07-17_Piano-e_2-03_wav--1.midi,2017/MIDI-Unprocessed_059_PIANO059_MID--AUDIO-split_07-07-17_Piano-e_2-03_wav--1.wav,data\raw\maestro-v3.0.0\2017\MIDI-Unprocessed_059_PIANO059_MID--AUDIO-split_07-07-17_Piano-e_2-03_wav--1.midi,data\raw\maestro-v3.0.0\2017\MIDI-Unprocessed_059_PIANO059_MID--AUDIO-split_07-07-17_Piano-e_2-03_wav--1.wav,train,johann_sebastian_bach__prelude_and_fugue_in_c_sharp_major_wtc_i_bwv_848,Baroque,0
track_000779,Johann Sebastian Bach,"Prelude and Fugue in C-sharp Minor, Book I, BWV 849",2018,454.246340625,2018/MIDI-Unprocessed_Recital4_MID--AUDIO_04_R1_2018_wav--1.midi,2018/MIDI-Unprocessed_Recital4_MID--AUDIO_04_R1_2018_wav--1.wav,data\raw\maestro-v3.0.0\2018\MIDI-Unprocessed_Recital4_MID--AUDIO_04_R1_2018_wav--1.midi,data\raw\maestro-v3.0.0\2018\MIDI-Unprocessed_Recital4_MID--AUDIO_04_R1_2018_wav--1.wav,validation,johann_sebastian_bach__prelude_and_fugue_in_c_sharp_minor_book_i_bwv_849,Baroque,0
track_000780,Johann Sebastian Bach,"Prelude and Fugue in C-sharp Minor, WTC I",2008,322.878950625,2008/MIDI-Unprocessed_17_R1_2008_01-04_ORIG_MID--AUDIO_17_R1_2008_wav--1.midi,2008/MIDI-Unprocessed_17_R1_2008_01-04_ORIG_MID--AUDIO_17_R1_2008_wav--1.wav,data\raw\maestro-v3.0.0\2008\MIDI-Unprocessed_17_R1_2008_01-04_ORIG_MID--AUDIO_17_R1_2008_wav--1.midi,data\raw\maestro-v3.0.0\2008\MIDI-Unprocessed_17_R1_2008_01-04_ORIG_MID--AUDIO_17_R1_2008_wav--1.wav,validation,johann_sebastian_bach__prelude_and_fugue_in_c_sharp_minor_wtc_i,Baroque,0
track_000781,Johann Sebastian Bach,"Prelude and Fugue in C-sharp Minor, WTC I, BWV 849",2017,439.36964195,2017/MIDI-Unprocessed_044_PIANO044_MID--AUDIO-split_07-06-17_Piano-e_1-04_wav--1.midi,2017/MIDI-Unprocessed_044_PIANO044_MID--AUDIO-split_07-06-17_Piano-e_1-04_wav--1.wav,data\raw\maestro-v3.0.0\2017\MIDI-Unprocessed_044_PIANO044_MID--AUDIO-split_07-06-17_Piano-e_1-04_wav--1.midi,data\raw\maestro-v3.0.0\2017\MIDI-Unprocessed_044_PIANO044_MID--AUDIO-split_07-06-17_Piano-e_1-04_wav--1.wav,validation,johann_sebastian_bach__prelude_and_fugue_in_c_sharp_minor_wtc_i_bwv_849,Baroque,0
track_000782,Johann Sebastian Bach,"Prelude and Fugue in C-sharp Minor, WTC II",2008,381.53808,2008/MIDI-Unprocessed_11_R3_2008_01-04_ORIG_MID--AUDIO_11_R3_2008_wav--1.midi,2008/MIDI-Unprocessed_11_R3_2008_01-04_ORIG_MID--AUDIO_11_R3_2008_wav--1.wav,data\raw\maestro-v3.0.0\2008\MIDI-Unprocessed_11_R3_2008_01-04_ORIG_MID--AUDIO_11_R3_2008_wav--1.midi,data\raw\maestro-v3.0.0\2008\MIDI-Unprocessed_11_R3_2008_01-04_ORIG_MID--AUDIO_11_R3_2008_wav--1.wav,test,johann_sebastian_bach__prelude_and_fugue_in_c_sharp_minor_wtc_ii,Baroque,0
track_000783,Johann Sebastian Bach,"Prelude and Fugue in D Major, Book II",2018,313.288949531,2018/MIDI-Unprocessed_Recital17-19_MID--AUDIO_17_R1_2018_wav--1.midi,2018/MIDI-Unprocessed_Recital17-19_MID--AUDIO_17_R1_2018_wav--1.wav,data\raw\maestro-v3.0.0\2018\MIDI-Unprocessed_Recital17-19_MID--AUDIO_17_R1_2018_wav--1.midi,data\raw\maestro-v3.0.0\2018\MIDI-Unprocessed_Recital17-19_MID--AUDIO_17_R1_2018_wav--1.wav,train,johann_sebastian_bach__prelude_and_fugue_in_d_major_book_ii,Baroque,0
track_000784,Johann Sebastian Bach,"Prelude and Fugue in D Major, WTC I, BWV 850",2011,174.840904219,2011/MIDI-Unprocessed_18_R1_2011_MID--AUDIO_R1-D7_07_Track07_wav.midi,2011/MIDI-Unprocessed_18_R1_2011_MID--AUDIO_R1-D7_07_Track07_wav.wav,data\raw\maestro-v3.0.0\2011\MIDI-Unprocessed_18_R1_2011_MID--AUDIO_R1-D7_07_Track07_wav.midi,data\raw\maestro-v3.0.0\2011\MIDI-Unprocessed_18_R1_2011_MID--AUDIO_R1-D7_07_Track07_wav.wav,test,johann_sebastian_bach__prelude_and_fugue_in_d_major_wtc_i_bwv_850,Baroque,0
track_000785,Johann Sebastian Bach,"Prelude and Fugue in D Major, WTC I, BWV 850",2017,208.622909367,2017/MIDI-Unprocessed_053_PIANO053_MID--AUDIO-split_07-06-17_Piano-e_3-04_wav--1.midi,2017/MIDI-Unprocessed_053_PIANO053_MID--AUDIO-split_07-06-17_Piano-e_3-04_wav--1.wav,data\raw\maestro-v3.0.0\2017\MIDI-Unprocessed_053_PIANO053_MID--AUDIO-split_07-06-17_Piano-e_3-04_wav--1.midi,data\raw\maestro-v3.0.0\2017\MIDI-Unprocessed_053_PIANO053_MID--AUDIO-split_07-06-17_Piano-e_3-04_wav--1.wav,test,johann_sebastian_bach__prelude_and_fugue_in_d_major_wtc_i_bwv_850,Baroque,0
track_000786,Johann Sebastian Bach,"Prelude and Fugue in D Major, WTC II, BWV 874",2015,373.192708333,2015/MIDI-Unprocessed_R1_D2-13-20_mid--AUDIO-from_mp3_19_R1_2015_wav--1.midi,2015/MIDI-Unprocessed_R1_D2-13-20_mid--AUDIO-from_mp3_19_R1_2015_wav--1.wav,data\raw\maestro-v3.0.0\2015\MIDI-Unprocessed_R1_D2-13-20_mid--AUDIO-from_mp3_19_R1_2015_wav--1.midi,data\raw\maestro-v3.0.0\2015\MIDI-Unprocessed_R1_D2-13-20_mid--AUDIO-from_mp3_19_R1_2015_wav--1.wav,train,johann_sebastian_bach__prelude_and_fugue_in_d_major_wtc_ii_bwv_874,Baroque,0
track_000787,Johann Sebastian Bach,"Prelude and Fugue in D Major, WTC II, BWV 874",2013,352.833514688,2013/ORIG-MIDI_02_7_6_13_Group__MID--AUDIO_05_R1_2013_wav--1.midi,2013/ORIG-MIDI_02_7_6_13_Group__MID--AUDIO_05_R1_2013_wav--1.wav,data\raw\maestro-v3.0.0\2013\ORIG-MIDI_02_7_6_13_Group__MID--AUDIO_05_R1_2013_wav--1.midi,data\raw\maestro-v3.0.0\2013\ORIG-MIDI_02_7_6_13_Group__MID--AUDIO_05_R1_2013_wav--1.wav,train,johann_sebastian_bach__prelude_and_fugue_in_d_major_wtc_ii_bwv_874,Baroque,0
track_000788,Johann Sebastian Bach,"Prelude and Fugue in D Major, WTC II, BWV 874",2011,153.460049531,2011/MIDI-Unprocessed_01_R1_2011_MID--AUDIO_R1-D1_02_Track02_wav.midi,2011/MIDI-Unprocessed_01_R1_2011_MID--AUDIO_R1-D1_02_Track02_wav.wav,data\raw\maestro-v3.0.0\2011\MIDI-Unprocessed_01_R1_2011_MID--AUDIO_R1-D1_02_Track02_wav.midi,data\raw\maestro-v3.0.0\2011\MIDI-Unprocessed_01_R1_2011_MID--AUDIO_R1-D1_02_Track02_wav.wav,train,johann_sebastian_bach__prelude_and_fugue_in_d_major_wtc_ii_bwv_874,Baroque,0
track_000789,Johann Sebastian Bach,"Prelude and Fugue in D Major, WTC II, BWV 874",2011,171.830757656,2011/MIDI-Unprocessed_01_R1_2011_MID--AUDIO_R1-D1_03_Track03_wav.midi,2011/MIDI-Unprocessed_01_R1_2011_MID--AUDIO_R1-D1_03_Track03_wav.wav,data\raw\maestro-v3.0.0\2011\MIDI-Unprocessed_01_R1_2011_MID--AUDIO_R1-D1_03_Track03_wav.midi,data\raw\maestro-v3.0.0\2011\MIDI-Unprocessed_01_R1_2011_MID--AUDIO_R1-D1_03_Track03_wav.wav,train,johann_sebastian_bach__prelude_and_fugue_in_d_major_wtc_ii_bwv_874,Baroque,0
track_000790,Johann Sebastian Bach,"Prelude and Fugue in D Minor, Book II",2004,203.718416123,2004/MIDI-Unprocessed_XP_09_R1_2004_01-02_ORIG_MID--AUDIO_09_R1_2004_01_Track01_wav.midi,2004/MIDI-Unprocessed_XP_09_R1_2004_01-02_ORIG_MID--AUDIO_09_R1_2004_01_Track01_wav.wav,data\raw\maestro-v3.0.0\2004\MIDI-Unprocessed_XP_09_R1_2004_01-02_ORIG_MID--AUDIO_09_R1_2004_01_Track01_wav.midi,data\raw\maestro-v3.0.0\2004\MIDI-Unprocessed_XP_09_R1_2004_01-02_ORIG_MID--AUDIO_09_R1_2004_01_Track01_wav.wav,validation,johann_sebastian_bach__prelude_and_fugue_in_d_minor_book_ii,Baroque,0
track_000791,Johann Sebastian Bach,"Prelude and Fugue in D Minor, WTC I, BWV 851",2011,220.760997188,2011/MIDI-Unprocessed_23_R1_2011_MID--AUDIO_R1-D9_02_Track02_wav.midi,2011/MIDI-Unprocessed_23_R1_2011_MID--AUDIO_R1-D9_02_Track02_wav.wav,data\raw\maestro-v3.0.0\2011\MIDI-Unprocessed_23_R1_2011_MID--AUDIO_R1-D9_02_Track02_wav.midi,data\raw\maestro-v3.0.0\2011\MIDI-Unprocessed_23_R1_2011_MID--AUDIO_R1-D9_02_Track02_wav.wav,train,johann_sebastian_bach__prelude_and_fugue_in_d_minor_wtc_i_bwv_851,Baroque,0
track_000792,Johann Sebastian Bach,"Prelude and Fugue in D Minor, WTC II,  BWV 875",2011,228.760455,2011/MIDI-Unprocessed_14_R1_2011_MID--AUDIO_R1-D6_02_Track02_wav.midi,2011/MIDI-Unprocessed_14_R1_2011_MID--AUDIO_R1-D6_02_Track02_wav.wav,data\raw\maestro-v3.0.0\2011\MIDI-Unprocessed_14_R1_2011_MID--AUDIO_R1-D6_02_Track02_wav.midi,data\raw\maestro-v3.0.0\2011\MIDI-Unprocessed_14_R1_2011_MID--AUDIO_R1-D6_02_Track02_wav.wav,validation,johann_sebastian_bach__prelude_and_fugue_in_d_minor_wtc_ii_bwv_875,Baroque,0
track_000793,Johann Sebastian Bach,"Prelude and Fugue in D Minor, WTC II, BWV 875",2013,213.624252187,2013/ORIG-MIDI_01_7_7_13_Group__MID--AUDIO_14_R1_2013_wav--1.midi,2013/ORIG-MIDI_01_7_7_13_Group__MID--AUDIO_14_R1_2013_wav--1.wav,data\raw\maestro-v3.0.0\2013\ORIG-MIDI_01_7_7_13_Group__MID--AUDIO_14_R1_2013_wav--1.midi,data\raw\maestro-v3.0.0\2013\ORIG-MIDI_01_7_7_13_Group__MID--AUDIO_14_R1_2013_wav--1.wav,validation,johann_sebastian_bach__prelude_and_fugue_in_d_minor_wtc_ii_bwv_875,Baroque,0
track_000794,Johann Sebastian Bach,"Prelude and Fugue in D Minor, WTC II, BWV 875",2017,208.592994983,2017/MIDI-Unprocessed_065_PIANO065_MID--AUDIO-split_07-07-17_Piano-e_3-01_wav--1.midi,2017/MIDI-Unprocessed_065_PIANO065_MID--AUDIO-split_07-07-17_Piano-e_3-01_wav--1.wav,data\raw\maestro-v3.0.0\2017\MIDI-Unprocessed_065_PIANO065_MID--AUDIO-split_07-07-17_Piano-e_3-01_wav--1.midi,data\raw\maestro-v3.0.0\2017\MIDI-Unprocessed_065_PIANO065_MID--AUDIO-split_07-07-17_Piano-e_3-01_wav--1.wav,validation,johann_sebastian_bach__prelude_and_fugue_in_d_minor_wtc_ii_bwv_875,Baroque,0
track_000795,Johann Sebastian Bach,"Prelude and Fugue in D major, WTC I",2008,230.445816562,2008/MIDI-Unprocessed_14_R1_2008_01-05_ORIG_MID--AUDIO_14_R1_2008_wav--1.midi,2008/MIDI-Unprocessed_14_R1_2008_01-05_ORIG_MID--AUDIO_14_R1_2008_wav--1.wav,data\raw\maestro-v3.0.0\2008\MIDI-Unprocessed_14_R1_2008_01-05_ORIG_MID--AUDIO_14_R1_2008_wav--1.midi,data\raw\maestro-v3.0.0\2008\MIDI-Unprocessed_14_R1_2008_01-05_ORIG_MID--AUDIO_14_R1_2008_wav--1.wav,test,johann_sebastian_bach__prelude_and_fugue_in_d_major_wtc_i,Baroque,0
track_000796,Johann Sebastian Bach,"Prelude and Fugue in D-flat Major, WTC I, BWV 848",2011,200.214810469,2011/MIDI-Unprocessed_08_R1_2011_MID--AUDIO_R1-D3_07_Track07_wav.midi,2011/MIDI-Unprocessed_08_R1_2011_MID--AUDIO_R1-D3_07_Track07_wav.wav,data\raw\maestro-v3.0.0\2011\MIDI-Unprocessed_08_R1_2011_MID--AUDIO_R1-D3_07_Track07_wav.midi,data\raw\maestro-v3.0.0\2011\MIDI-Unprocessed_08_R1_2011_MID--AUDIO_R1-D3_07_Track07_wav.wav,train,johann_sebastian_bach__prelude_and_fugue_in_d_flat_major_wtc_i_bwv_848,Baroque,0
track_000797,Johann Sebastian Bach,"Prelude and Fugue in D-flat Major, WTC I, BWV 848",2017,229.831138779,2017/MIDI-Unprocessed_049_PIANO049_MID--AUDIO-split_07-06-17_Piano-e_2-06_wav--1.midi,2017/MIDI-Unprocessed_049_PIANO049_MID--AUDIO-split_07-06-17_Piano-e_2-06_wav--1.wav,data\raw\maestro-v3.0.0\2017\MIDI-Unprocessed_049_PIANO049_MID--AUDIO-split_07-06-17_Piano-e_2-06_wav--1.midi,data\raw\maestro-v3.0.0\2017\MIDI-Unprocessed_049_PIANO049_MID--AUDIO-split_07-06-17_Piano-e_2-06_wav--1.wav,train,johann_sebastian_bach__prelude_and_fugue_in_d_flat_major_wtc_i_bwv_848,Baroque,0
track_000798,Johann Sebastian Bach,"Prelude and Fugue in D-sharp Minor, WTC II, BWV 877",2013,388.630754531,2013/ORIG-MIDI_01_7_7_13_Group__MID--AUDIO_11_R1_2013_wav--1.midi,2013/ORIG-MIDI_01_7_7_13_Group__MID--AUDIO_11_R1_2013_wav--1.wav,data\raw\maestro-v3.0.0\2013\ORIG-MIDI_01_7_7_13_Group__MID--AUDIO_11_R1_2013_wav--1.midi,data\raw\maestro-v3.0.0\2013\ORIG-MIDI_01_7_7_13_Group__MID--AUDIO_11_R1_2013_wav--1.wav,test,johann_sebastian_bach__prelude_and_fugue_in_d_sharp_minor_wtc_ii_bwv_877,Baroque,0
track_000799,Johann Sebastian Bach,"Prelude and Fugue in E Major, WTC I, BWV 854",2013,157.071157031,2013/ORIG-MIDI_02_7_6_13_Group__MID--AUDIO_08_R1_2013_wav--1.midi,2013/ORIG-MIDI_02_7_6_13_Group__MID--AUDIO_08_R1_2013_wav--1.wav,data\raw\maestro-v3.0.0\2013\ORIG-MIDI_02_7_6_13_Group__MID--AUDIO_08_R1_2013_wav--1.midi,data\raw\maestro-v3.0.0\2013\ORIG-MIDI_02_7_6_13_Group__MID--AUDIO_08_R1_2013_wav--1.wav,train,johann_sebastian_bach__prelude_and_fugue_in_e_major_wtc_i_bwv_854,Baroque,0
track_000800,Johann Sebastian Bach,"Prelude and Fugue in E Major, WTC I, BWV 854",2013,141.199110937,2013/ORIG-MIDI_02_7_7_13_Group__MID--AUDIO_17_R1_2013_wav--1.midi,2013/ORIG-MIDI_02_7_7_13_Group__MID--AUDIO_17_R1_2013_wav--1.wav,data\raw\maestro-v3.0.0\2013\ORIG-MIDI_02_7_7_13_Group__MID--AUDIO_17_R1_2013_wav--1.midi,data\raw\maestro-v3.0.0\2013\ORIG-MIDI_02_7_7_13_Group__MID--AUDIO_17_R1_2013_wav--1.wav,train,johann_sebastian_bach__prelude_and_fugue_in_e_major_wtc_i_bwv_854,Baroque,0
track_000801,Johann Sebastian Bach,"Prelude and Fugue in E Major, WTC I, BWV 854",2011,144.941094375,2011/MIDI-Unprocessed_03_R1_2011_MID--AUDIO_R1-D1_15_Track15_wav.midi,2011/MIDI-Unprocessed_03_R1_2011_MID--AUDIO_R1-D1_15_Track15_wav.wav,data\raw\maestro-v3.0.0\2011\MIDI-Unprocessed_03_R1_2011_MID--AUDIO_R1-D1_15_Track15_wav.midi,data\raw\maestro-v3.0.0\2011\MIDI-Unprocessed_03_R1_2011_MID--AUDIO_R1-D1_15_Track15_wav.wav,train,johann_sebastian_bach__prelude_and_fugue_in_e_major_wtc_i_bwv_854,Baroque,0
track_000802,Johann Sebastian Bach,"Prelude and Fugue in E Major, WTC I, BWV 854",2017,151.017422404,2017/MIDI-Unprocessed_041_PIANO041_MID--AUDIO-split_07-06-17_Piano-e_1-01_wav--1.midi,2017/MIDI-Unprocessed_041_PIANO041_MID--AUDIO-split_07-06-17_Piano-e_1-01_wav--1.wav,data\raw\maestro-v3.0.0\2017\MIDI-Unprocessed_041_PIANO041_MID--AUDIO-split_07-06-17_Piano-e_1-01_wav--1.midi,data\raw\maestro-v3.0.0\2017\MIDI-Unprocessed_041_PIANO041_MID--AUDIO-split_07-06-17_Piano-e_1-01_wav--1.wav,train,johann_sebastian_bach__prelude_and_fugue_in_e_major_wtc_i_bwv_854,Baroque,0
track_000803,Johann Sebastian Bach,"Prelude and Fugue in E Major, WTC I, BWV 854",2017,150.834730992,2017/MIDI-Unprocessed_051_PIANO051_MID--AUDIO-split_07-06-17_Piano-e_3-02_wav--1.midi,2017/MIDI-Unprocessed_051_PIANO051_MID--AUDIO-split_07-06-17_Piano-e_3-02_wav--1.wav,data\raw\maestro-v3.0.0\2017\MIDI-Unprocessed_051_PIANO051_MID--AUDIO-split_07-06-17_Piano-e_3-02_wav--1.midi,data\raw\maestro-v3.0.0\2017\MIDI-Unprocessed_051_PIANO051_MID--AUDIO-split_07-06-17_Piano-e_3-02_wav--1.wav,train,johann_sebastian_bach__prelude_and_fugue_in_e_major_wtc_i_bwv_854,Baroque,0
track_000804,Johann Sebastian Bach,"Prelude and Fugue in E Major, WTC I, BWV 854  ",2015,159.4875,2015/MIDI-Unprocessed_R1_D1-1-8_mid--AUDIO-from_mp3_04_R1_2015_wav--1.midi,2015/MIDI-Unprocessed_R1_D1-1-8_mid--AUDIO-from_mp3_04_R1_2015_wav--1.wav,data\raw\maestro-v3.0.0\2015\MIDI-Unprocessed_R1_D1-1-8_mid--AUDIO-from_mp3_04_R1_2015_wav--1.midi,data\raw\maestro-v3.0.0\2015\MIDI-Unprocessed_R1_D1-1-8_mid--AUDIO-from_mp3_04_R1_2015_wav--1.wav,train,johann_sebastian_bach__prelude_and_fugue_in_e_major_wtc_i_bwv_854,Baroque,0
track_000805,Johann Sebastian Bach,"Prelude and Fugue in E Minor WTC I, BWV 855",2015,201.866666667,2015/MIDI-Unprocessed_R1_D1-9-12_mid--AUDIO-from_mp3_11_R1_2015_wav--2.midi,2015/MIDI-Unprocessed_R1_D1-9-12_mid--AUDIO-from_mp3_11_R1_2015_wav--2.wav,data\raw\maestro-v3.0.0\2015\MIDI-Unprocessed_R1_D1-9-12_mid--AUDIO-from_mp3_11_R1_2015_wav--2.midi,data\raw\maestro-v3.0.0\2015\MIDI-Unprocessed_R1_D1-9-12_mid--AUDIO-from_mp3_11_R1_2015_wav--2.wav,test,johann_sebastian_bach__prelude_and_fugue_in_e_minor_wtc_i_bwv_855,Baroque,0
track_000806,Johann Sebastian Bach,"Prelude and Fugue in E-flat Major, WTC I",2008,342.303343594,2008/MIDI-Unprocessed_01_R1_2008_01-04_ORIG_MID--AUDIO_01_R1_2008_wav--1.midi,2008/MIDI-Unprocessed_01_R1_2008_01-04_ORIG_MID--AUDIO_01_R1_2008_wav--1.wav,data\raw\maestro-v3.0.0\2008\MIDI-Unprocessed_01_R1_2008_01-04_ORIG_MID--AUDIO_01_R1_2008_wav--1.midi,data\raw\maestro-v3.0.0\2008\MIDI-Unprocessed_01_R1_2008_01-04_ORIG_MID--AUDIO_01_R1_2008_wav--1.wav,train,johann_sebastian_bach__prelude_and_fugue_in_e_flat_major_wtc_i,Baroque,0
track_000807,Johann Sebastian Bach,"Prelude and Fugue in E-flat Major, WTC II, BWV 876",2011,226.341921094,2011/MIDI-Unprocessed_13_R1_2011_MID--AUDIO_R1-D5_02_Track02_wav.midi,2011/MIDI-Unprocessed_13_R1_2011_MID--AUDIO_R1-D5_02_Track02_wav.wav,data\raw\maestro-v3.0.0\2011\MIDI-Unprocessed_13_R1_2011_MID--AUDIO_R1-D5_02_Track02_wav.midi,data\raw\maestro-v3.0.0\2011\MIDI-Unprocessed_13_R1_2011_MID--AUDIO_R1-D5_02_Track02_wav.wav,train,johann_sebastian_bach__prelude_and_fugue_in_e_flat_major_wtc_ii_bwv_876,Baroque,0
track_000808,Johann Sebastian Bach,"Prelude and Fugue in E-flat Major, WTC II, BWV 876",2017,246.290459838,2017/MIDI-Unprocessed_061_PIANO061_MID--AUDIO-split_07-07-17_Piano-e_2-05_wav--1.midi,2017/MIDI-Unprocessed_061_PIANO061_MID--AUDIO-split_07-07-17_Piano-e_2-05_wav--1.wav,data\raw\maestro-v3.0.0\2017\MIDI-Unprocessed_061_PIANO061_MID--AUDIO-split_07-07-17_Piano-e_2-05_wav--1.midi,data\raw\maestro-v3.0.0\2017\MIDI-Unprocessed_061_PIANO061_MID--AUDIO-split_07-07-17_Piano-e_2-05_wav--1.wav,train,johann_sebastian_bach__prelude_and_fugue_in_e_flat_major_wtc_ii_bwv_876,Baroque,0
track_000809,Johann Sebastian Bach,"Prelude and Fugue in E-flat Minor WTC I, BWV 853",2017,511.423776062,2017/MIDI-Unprocessed_058_PIANO058_MID--AUDIO-split_07-07-17_Piano-e_2-02_wav--1.midi,2017/MIDI-Unprocessed_058_PIANO058_MID--AUDIO-split_07-07-17_Piano-e_2-02_wav--1.wav,data\raw\maestro-v3.0.0\2017\MIDI-Unprocessed_058_PIANO058_MID--AUDIO-split_07-07-17_Piano-e_2-02_wav--1.midi,data\raw\maestro-v3.0.0\2017\MIDI-Unprocessed_058_PIANO058_MID--AUDIO-split_07-07-17_Piano-e_2-02_wav--1.wav,train,johann_sebastian_bach__prelude_and_fugue_in_e_flat_minor_wtc_i_bwv_853,Baroque,0
track_000810,Johann Sebastian Bach,"Prelude and Fugue in E-flat Minor, WTC I, BWV 853",2015,545.822916667,2015/MIDI-Unprocessed_R1_D2-13-20_mid--AUDIO-from_mp3_14_R1_2015_wav--1.midi,2015/MIDI-Unprocessed_R1_D2-13-20_mid--AUDIO-from_mp3_14_R1_2015_wav--1.wav,data\raw\maestro-v3.0.0\2015\MIDI-Unprocessed_R1_D2-13-20_mid--AUDIO-from_mp3_14_R1_2015_wav--1.midi,data\raw\maestro-v3.0.0\2015\MIDI-Unprocessed_R1_D2-13-20_mid--AUDIO-from_mp3_14_R1_2015_wav--1.wav,train,johann_sebastian_bach__prelude_and_fugue_in_e_flat_minor_wtc_i_bwv_853,Baroque,0
track_000811,Johann Sebastian Bach,"Prelude and Fugue in E-flat Minor, WTC I, BWV 853",2017,513.906669879,2017/MIDI-Unprocessed_045_PIANO045_MID--AUDIO-split_07-06-17_Piano-e_2-01_wav--1.midi,2017/MIDI-Unprocessed_045_PIANO045_MID--AUDIO-split_07-06-17_Piano-e_2-01_wav--1.wav,data\raw\maestro-v3.0.0\2017\MIDI-Unprocessed_045_PIANO045_MID--AUDIO-split_07-06-17_Piano-e_2-01_wav--1.midi,data\raw\maestro-v3.0.0\2017\MIDI-Unprocessed_045_PIANO045_MID--AUDIO-split_07-06-17_Piano-e_2-01_wav--1.wav,train,johann_sebastian_bach__prelude_and_fugue_in_e_flat_minor_wtc_i_bwv_853,Baroque,0
track_000812,Johann Sebastian Bach,"Prelude and Fugue in E-flat Minor, WTC I, BWV 853",2017,524.592514954,2017/MIDI-Unprocessed_046_PIANO046_MID--AUDIO-split_07-06-17_Piano-e_2-02_wav--1.midi,2017/MIDI-Unprocessed_046_PIANO046_MID--AUDIO-split_07-06-17_Piano-e_2-02_wav--1.wav,data\raw\maestro-v3.0.0\2017\MIDI-Unprocessed_046_PIANO046_MID--AUDIO-split_07-06-17_Piano-e_2-02_wav--1.midi,data\raw\maestro-v3.0.0\2017\MIDI-Unprocessed_046_PIANO046_MID--AUDIO-split_07-06-17_Piano-e_2-02_wav--1.wav,train,johann_sebastian_bach__prelude_and_fugue_in_e_flat_minor_wtc_i_bwv_853,Baroque,0
track_000813,Johann Sebastian Bach,"Prelude and Fugue in E-flat Minor, WTC I, BWV 853",2017,483.489083883,2017/MIDI-Unprocessed_047_PIANO047_MID--AUDIO-split_07-06-17_Piano-e_2-04_wav--3.midi,2017/MIDI-Unprocessed_047_PIANO047_MID--AUDIO-split_07-06-17_Piano-e_2-04_wav--3.wav,data\raw\maestro-v3.0.0\2017\MIDI-Unprocessed_047_PIANO047_MID--AUDIO-split_07-06-17_Piano-e_2-04_wav--3.midi,data\raw\maestro-v3.0.0\2017\MIDI-Unprocessed_047_PIANO047_MID--AUDIO-split_07-06-17_Piano-e_2-04_wav--3.wav,train,johann_sebastian_bach__prelude_and_fugue_in_e_flat_minor_wtc_i_bwv_853,Baroque,0
track_000814,Johann Sebastian Bach,"Prelude and Fugue in F Major, WTC I, BWV 856",2015,127.639583333,2015/MIDI-Unprocessed_R1_D1-1-8_mid--AUDIO-from_mp3_06_R1_2015_wav--1.midi,2015/MIDI-Unprocessed_R1_D1-1-8_mid--AUDIO-from_mp3_06_R1_2015_wav--1.wav,data\raw\maestro-v3.0.0\2015\MIDI-Unprocessed_R1_D1-1-8_mid--AUDIO-from_mp3_06_R1_2015_wav--1.midi,data\raw\maestro-v3.0.0\2015\MIDI-Unprocessed_R1_D1-1-8_mid--AUDIO-from_mp3_06_R1_2015_wav--1.wav,train,johann_sebastian_bach__prelude_and_fugue_in_f_major_wtc_i_bwv_856,Baroque,0
track_000815,Johann Sebastian Bach,"Prelude and Fugue in F Major, WTC II",2008,269.760681094,2008/MIDI-Unprocessed_16_R1_2008_01-04_ORIG_MID--AUDIO_16_R1_2008_wav--1.midi,2008/MIDI-Unprocessed_16_R1_2008_01-04_ORIG_MID--AUDIO_16_R1_2008_wav--1.wav,data\raw\maestro-v3.0.0\2008\MIDI-Unprocessed_16_R1_2008_01-04_ORIG_MID--AUDIO_16_R1_2008_wav--1.midi,data\raw\maestro-v3.0.0\2008\MIDI-Unprocessed_16_R1_2008_01-04_ORIG_MID--AUDIO_16_R1_2008_wav--1.wav,train,johann_sebastian_bach__prelude_and_fugue_in_f_major_wtc_ii,Baroque,0
track_000816,Johann Sebastian Bach,"Prelude and Fugue in F Major, WTC II, BWV 880",2017,302.413048083,2017/MIDI-Unprocessed_066_PIANO066_MID--AUDIO-split_07-07-17_Piano-e_3-02_wav--1.midi,2017/MIDI-Unprocessed_066_PIANO066_MID--AUDIO-split_07-07-17_Piano-e_3-02_wav--1.wav,data\raw\maestro-v3.0.0\2017\MIDI-Unprocessed_066_PIANO066_MID--AUDIO-split_07-07-17_Piano-e_3-02_wav--1.midi,data\raw\maestro-v3.0.0\2017\MIDI-Unprocessed_066_PIANO066_MID--AUDIO-split_07-07-17_Piano-e_3-02_wav--1.wav,train,johann_sebastian_bach__prelude_and_fugue_in_f_major_wtc_ii_bwv_880,Baroque,0
track_000817,Johann Sebastian Bach,"Prelude and Fugue in F Minor, WTC I",2008,336.694374844,2008/MIDI-Unprocessed_11_R1_2008_01-04_ORIG_MID--AUDIO_11_R1_2008_wav--1.midi,2008/MIDI-Unprocessed_11_R1_2008_01-04_ORIG_MID--AUDIO_11_R1_2008_wav--1.wav,data\raw\maestro-v3.0.0\2008\MIDI-Unprocessed_11_R1_2008_01-04_ORIG_MID--AUDIO_11_R1_2008_wav--1.midi,data\raw\maestro-v3.0.0\2008\MIDI-Unprocessed_11_R1_2008_01-04_ORIG_MID--AUDIO_11_R1_2008_wav--1.wav,train,johann_sebastian_bach__prelude_and_fugue_in_f_minor_wtc_i,Baroque,0
track_000818,Johann Sebastian Bach,"Prelude and Fugue in F Minor, WTC I, BWV 857",2015,312.713541667,2015/MIDI-Unprocessed_R1_D1-1-8_mid--AUDIO-from_mp3_05_R1_2015_wav--2.midi,2015/MIDI-Unprocessed_R1_D1-1-8_mid--AUDIO-from_mp3_05_R1_2015_wav--2.wav,data\raw\maestro-v3.0.0\2015\MIDI-Unprocessed_R1_D1-1-8_mid--AUDIO-from_mp3_05_R1_2015_wav--2.midi,data\raw\maestro-v3.0.0\2015\MIDI-Unprocessed_R1_D1-1-8_mid--AUDIO-from_mp3_05_R1_2015_wav--2.wav,train,johann_sebastian_bach__prelude_and_fugue_in_f_minor_wtc_i_bwv_857,Baroque,0
track_000819,Johann Sebastian Bach,"Prelude and Fugue in F Minor, WTC I, BWV 857",2015,355.026041667,2015/MIDI-Unprocessed_R1_D2-13-20_mid--AUDIO-from_mp3_18_R1_2015_wav--1.midi,2015/MIDI-Unprocessed_R1_D2-13-20_mid--AUDIO-from_mp3_18_R1_2015_wav--1.wav,data\raw\maestro-v3.0.0\2015\MIDI-Unprocessed_R1_D2-13-20_mid--AUDIO-from_mp3_18_R1_2015_wav--1.midi,data\raw\maestro-v3.0.0\2015\MIDI-Unprocessed_R1_D2-13-20_mid--AUDIO-from_mp3_18_R1_2015_wav--1.wav,train,johann_sebastian_bach__prelude_and_fugue_in_f_minor_wtc_i_bwv_857,Baroque,0
track_000820,Johann Sebastian Bach,"Prelude and Fugue in F Minor, WTC I, BWV 857",2011,113.862065625,2011/MIDI-Unprocessed_05_R1_2011_MID--AUDIO_R1-D2_08_Track08_wav.midi,2011/MIDI-Unprocessed_05_R1_2011_MID--AUDIO_R1-D2_08_Track08_wav.wav,data\raw\maestro-v3.0.0\2011\MIDI-Unprocessed_05_R1_2011_MID--AUDIO_R1-D2_08_Track08_wav.midi,data\raw\maestro-v3.0.0\2011\MIDI-Unprocessed_05_R1_2011_MID--AUDIO_R1-D2_08_Track08_wav.wav,train,johann_sebastian_bach__prelude_and_fugue_in_f_minor_wtc_i_bwv_857,Baroque,0
track_000821,Johann Sebastian Bach,"Prelude and Fugue in F Minor, WTC I, BWV 857",2011,192.887093437,2011/MIDI-Unprocessed_05_R1_2011_MID--AUDIO_R1-D2_09_Track09_wav.midi,2011/MIDI-Unprocessed_05_R1_2011_MID--AUDIO_R1-D2_09_Track09_wav.wav,data\raw\maestro-v3.0.0\2011\MIDI-Unprocessed_05_R1_2011_MID--AUDIO_R1-D2_09_Track09_wav.midi,data\raw\maestro-v3.0.0\2011\MIDI-Unprocessed_05_R1_2011_MID--AUDIO_R1-D2_09_Track09_wav.wav,train,johann_sebastian_bach__prelude_and_fugue_in_f_minor_wtc_i_bwv_857,Baroque,0
track_000822,Johann Sebastian Bach,"Prelude and Fugue in F Minor, WTC I, BWV 857",2017,331.603075992,2017/MIDI-Unprocessed_042_PIANO042_MID--AUDIO-split_07-06-17_Piano-e_1-02_wav--1.midi,2017/MIDI-Unprocessed_042_PIANO042_MID--AUDIO-split_07-06-17_Piano-e_1-02_wav--1.wav,data\raw\maestro-v3.0.0\2017\MIDI-Unprocessed_042_PIANO042_MID--AUDIO-split_07-06-17_Piano-e_1-02_wav--1.midi,data\raw\maestro-v3.0.0\2017\MIDI-Unprocessed_042_PIANO042_MID--AUDIO-split_07-06-17_Piano-e_1-02_wav--1.wav,train,johann_sebastian_bach__prelude_and_fugue_in_f_minor_wtc_i_bwv_857,Baroque,0
track_000823,Johann Sebastian Bach,"Prelude and Fugue in F Minor, WTC I, BWV 857",2017,348.258977283,2017/MIDI-Unprocessed_048_PIANO048_MID--AUDIO-split_07-06-17_Piano-e_2-05_wav--1.midi,2017/MIDI-Unprocessed_048_PIANO048_MID--AUDIO-split_07-06-17_Piano-e_2-05_wav--1.wav,data\raw\maestro-v3.0.0\2017\MIDI-Unprocessed_048_PIANO048_MID--AUDIO-split_07-06-17_Piano-e_2-05_wav--1.midi,data\raw\maestro-v3.0.0\2017\MIDI-Unprocessed_048_PIANO048_MID--AUDIO-split_07-06-17_Piano-e_2-05_wav--1.wav,train,johann_sebastian_bach__prelude_and_fugue_in_f_minor_wtc_i_bwv_857,Baroque,0
track_000824,Johann Sebastian Bach,"Prelude and Fugue in F-sharp Major, WTC I, BWV 858",2011,219.032900625,2011/MIDI-Unprocessed_07_R1_2011_MID--AUDIO_R1-D3_02_Track02_wav.midi,2011/MIDI-Unprocessed_07_R1_2011_MID--AUDIO_R1-D3_02_Track02_wav.wav,data\raw\maestro-v3.0.0\2011\MIDI-Unprocessed_07_R1_2011_MID--AUDIO_R1-D3_02_Track02_wav.midi,data\raw\maestro-v3.0.0\2011\MIDI-Unprocessed_07_R1_2011_MID--AUDIO_R1-D3_02_Track02_wav.wav,test,johann_sebastian_bach__prelude_and_fugue_in_f_sharp_major_wtc_i_bwv_858,Baroque,0
track_000825,Johann Sebastian Bach,"Prelude and Fugue in F-sharp Minor, WTC II",2008,437.084231719,2008/MIDI-Unprocessed_05_R1_2008_01-04_ORIG_MID--AUDIO_05_R1_2008_wav--1.midi,2008/MIDI-Unprocessed_05_R1_2008_01-04_ORIG_MID--AUDIO_05_R1_2008_wav--1.wav,data\raw\maestro-v3.0.0\2008\MIDI-Unprocessed_05_R1_2008_01-04_ORIG_MID--AUDIO_05_R1_2008_wav--1.midi,data\raw\maestro-v3.0.0\2008\MIDI-Unprocessed_05_R1_2008_01-04_ORIG_MID--AUDIO_05_R1_2008_wav--1.wav,validation,johann_sebastian_bach__prelude_and_fugue_in_f_sharp_minor_wtc_ii,Baroque,0
track_000826,Johann Sebastian Bach,"Prelude and Fugue in F-sharp Minor, WTC II , BWV 883",2015,348.580208333,2015/MIDI-Unprocessed_R1_D1-9-12_mid--AUDIO-from_mp3_10_R1_2015_wav--1.midi,2015/MIDI-Unprocessed_R1_D1-9-12_mid--AUDIO-from_mp3_10_R1_2015_wav--1.wav,data\raw\maestro-v3.0.0\2015\MIDI-Unprocessed_R1_D1-9-12_mid--AUDIO-from_mp3_10_R1_2015_wav--1.midi,data\raw\maestro-v3.0.0\2015\MIDI-Unprocessed_R1_D1-9-12_mid--AUDIO-from_mp3_10_R1_2015_wav--1.wav,validation,johann_sebastian_bach__prelude_and_fugue_in_f_sharp_minor_wtc_ii_bwv_883,Baroque,0
track_000827,Johann Sebastian Bach,"Prelude and Fugue in F-sharp Minor, WTC II, BWV 883",2013,401.079994219,2013/ORIG-MIDI_02_7_6_13_Group__MID--AUDIO_06_R1_2013_wav--2.midi,2013/ORIG-MIDI_02_7_6_13_Group__MID--AUDIO_06_R1_2013_wav--2.wav,data\raw\maestro-v3.0.0\2013\ORIG-MIDI_02_7_6_13_Group__MID--AUDIO_06_R1_2013_wav--2.midi,data\raw\maestro-v3.0.0\2013\ORIG-MIDI_02_7_6_13_Group__MID--AUDIO_06_R1_2013_wav--2.wav,validation,johann_sebastian_bach__prelude_and_fugue_in_f_sharp_minor_wtc_ii_bwv_883,Baroque,0
track_000828,Johann Sebastian Bach,"Prelude and Fugue in F-sharp Minor, WTC II, BWV 883",2017,385.827169267,2017/MIDI-Unprocessed_043_PIANO043_MID--AUDIO-split_07-06-17_Piano-e_1-03_wav--1.midi,2017/MIDI-Unprocessed_043_PIANO043_MID--AUDIO-split_07-06-17_Piano-e_1-03_wav--1.wav,data\raw\maestro-v3.0.0\2017\MIDI-Unprocessed_043_PIANO043_MID--AUDIO-split_07-06-17_Piano-e_1-03_wav--1.midi,data\raw\maestro-v3.0.0\2017\MIDI-Unprocessed_043_PIANO043_MID--AUDIO-split_07-06-17_Piano-e_1-03_wav--1.wav,validation,johann_sebastian_bach__prelude_and_fugue_in_f_sharp_minor_wtc_ii_bwv_883,Baroque,0
track_000829,Johann Sebastian Bach,"Prelude and Fugue in F-sharp Minor, WTC II, BWV 883",2017,449.358909242,2017/MIDI-Unprocessed_050_PIANO050_MID--AUDIO-split_07-06-17_Piano-e_3-01_wav--1.midi,2017/MIDI-Unprocessed_050_PIANO050_MID--AUDIO-split_07-06-17_Piano-e_3-01_wav--1.wav,data\raw\maestro-v3.0.0\2017\MIDI-Unprocessed_050_PIANO050_MID--AUDIO-split_07-06-17_Piano-e_3-01_wav--1.midi,data\raw\maestro-v3.0.0\2017\MIDI-Unprocessed_050_PIANO050_MID--AUDIO-split_07-06-17_Piano-e_3-01_wav--1.wav,validation,johann_sebastian_bach__prelude_and_fugue_in_f_sharp_minor_wtc_ii_bwv_883,Baroque,0
track_000830,Johann Sebastian Bach,"Prelude and Fugue in G Major, WTC I",2008,218.721736406,2008/MIDI-Unprocessed_07_R1_2008_01-04_ORIG_MID--AUDIO_07_R1_2008_wav--1.midi,2008/MIDI-Unprocessed_07_R1_2008_01-04_ORIG_MID--AUDIO_07_R1_2008_wav--1.wav,data\raw\maestro-v3.0.0\2008\MIDI-Unprocessed_07_R1_2008_01-04_ORIG_MID--AUDIO_07_R1_2008_wav--1.midi,data\raw\maestro-v3.0.0\2008\MIDI-Unprocessed_07_R1_2008_01-04_ORIG_MID--AUDIO_07_R1_2008_wav--1.wav,train,johann_sebastian_bach__prelude_and_fugue_in_g_major_wtc_i,Baroque,0
track_000831,Johann Sebastian Bach,"Prelude and Fugue in G Major, WTC I",2008,220.113294844,2008/MIDI-Unprocessed_12_R1_2008_01-04_ORIG_MID--AUDIO_12_R1_2008_wav--2.midi,2008/MIDI-Unprocessed_12_R1_2008_01-04_ORIG_MID--AUDIO_12_R1_2008_wav--2.wav,data\raw\maestro-v3.0.0\2008\MIDI-Unprocessed_12_R1_2008_01-04_ORIG_MID--AUDIO_12_R1_2008_wav--2.midi,data\raw\maestro-v3.0.0\2008\MIDI-Unprocessed_12_R1_2008_01-04_ORIG_MID--AUDIO_12_R1_2008_wav--2.wav,train,johann_sebastian_bach__prelude_and_fugue_in_g_major_wtc_i,Baroque,0
track_000832,Johann Sebastian Bach,"Prelude and Fugue in G Major, WTC I",2008,214.034241094,2008/MIDI-Unprocessed_15_R1_2008_01-04_ORIG_MID--AUDIO_15_R1_2008_wav--1.midi,2008/MIDI-Unprocessed_15_R1_2008_01-04_ORIG_MID--AUDIO_15_R1_2008_wav--1.wav,data\raw\maestro-v3.0.0\2008\MIDI-Unprocessed_15_R1_2008_01-04_ORIG_MID--AUDIO_15_R1_2008_wav--1.midi,data\raw\maestro-v3.0.0\2008\MIDI-Unprocessed_15_R1_2008_01-04_ORIG_MID--AUDIO_15_R1_2008_wav--1.wav,train,johann_sebastian_bach__prelude_and_fugue_in_g_major_wtc_i,Baroque,0
track_000833,Johann Sebastian Bach,"Prelude and Fugue in G Major, WTC I",2008,215.842465781,2008/MIDI-Unprocessed_18_R1_2008_01-04_ORIG_MID--AUDIO_18_R1_2008_wav--1.midi,2008/MIDI-Unprocessed_18_R1_2008_01-04_ORIG_MID--AUDIO_18_R1_2008_wav--1.wav,data\raw\maestro-v3.0.0\2008\MIDI-Unprocessed_18_R1_2008_01-04_ORIG_MID--AUDIO_18_R1_2008_wav--1.midi,data\raw\maestro-v3.0.0\2008\MIDI-Unprocessed_18_R1_2008_01-04_ORIG_MID--AUDIO_18_R1_2008_wav--1.wav,train,johann_sebastian_bach__prelude_and_fugue_in_g_major_wtc_i,Baroque,0
track_000834,Johann Sebastian Bach,"Prelude and Fugue in G Major, WTC I, BWV 860",2015,199.409375,2015/MIDI-Unprocessed_R1_D2-21-22_mid--AUDIO-from_mp3_21_R1_2015_wav--1.midi,2015/MIDI-Unprocessed_R1_D2-21-22_mid--AUDIO-from_mp3_21_R1_2015_wav--1.wav,data\raw\maestro-v3.0.0\2015\MIDI-Unprocessed_R1_D2-21-22_mid--AUDIO-from_mp3_21_R1_2015_wav--1.midi,data\raw\maestro-v3.0.0\2015\MIDI-Unprocessed_R1_D2-21-22_mid--AUDIO-from_mp3_21_R1_2015_wav--1.wav,train,johann_sebastian_bach__prelude_and_fugue_in_g_major_wtc_i_bwv_860,Baroque,0
track_000835,Johann Sebastian Bach,"Prelude and Fugue in G Major, WTC I, BWV 860",2013,220.686210937,2013/ORIG-MIDI_02_7_6_13_Group__MID--AUDIO_07_R1_2013_wav--1.midi,2013/ORIG-MIDI_02_7_6_13_Group__MID--AUDIO_07_R1_2013_wav--1.wav,data\raw\maestro-v3.0.0\2013\ORIG-MIDI_02_7_6_13_Group__MID--AUDIO_07_R1_2013_wav--1.midi,data\raw\maestro-v3.0.0\2013\ORIG-MIDI_02_7_6_13_Group__MID--AUDIO_07_R1_2013_wav--1.wav,train,johann_sebastian_bach__prelude_and_fugue_in_g_major_wtc_i_bwv_860,Baroque,0
track_000836,Johann Sebastian Bach,"Prelude and Fugue in G Major, WTC I, BWV 860",2017,223.305529729,2017/MIDI-Unprocessed_057_PIANO057_MID--AUDIO-split_07-07-17_Piano-e_1-07_wav--1.midi,2017/MIDI-Unprocessed_057_PIANO057_MID--AUDIO-split_07-07-17_Piano-e_1-07_wav--1.wav,data\raw\maestro-v3.0.0\2017\MIDI-Unprocessed_057_PIANO057_MID--AUDIO-split_07-07-17_Piano-e_1-07_wav--1.midi,data\raw\maestro-v3.0.0\2017\MIDI-Unprocessed_057_PIANO057_MID--AUDIO-split_07-07-17_Piano-e_1-07_wav--1.wav,train,johann_sebastian_bach__prelude_and_fugue_in_g_major_wtc_i_bwv_860,Baroque,0
track_000837,Johann Sebastian Bach,"Prelude and Fugue in G Major, WTC II, BWV 884",2017,137.286720454,2017/MIDI-Unprocessed_060_PIANO060_MID--AUDIO-split_07-07-17_Piano-e_2-04_wav--1.midi,2017/MIDI-Unprocessed_060_PIANO060_MID--AUDIO-split_07-07-17_Piano-e_2-04_wav--1.wav,data\raw\maestro-v3.0.0\2017\MIDI-Unprocessed_060_PIANO060_MID--AUDIO-split_07-07-17_Piano-e_2-04_wav--1.midi,data\raw\maestro-v3.0.0\2017\MIDI-Unprocessed_060_PIANO060_MID--AUDIO-split_07-07-17_Piano-e_2-04_wav--1.wav,train,johann_sebastian_bach__prelude_and_fugue_in_g_major_wtc_ii_bwv_884,Baroque,0
track_000838,Johann Sebastian Bach,"Prelude and Fugue in G Minor, WTC II",2008,349.715195156,2008/MIDI-Unprocessed_04_R1_2008_01-04_ORIG_MID--AUDIO_04_R1_2008_wav--1.midi,2008/MIDI-Unprocessed_04_R1_2008_01-04_ORIG_MID--AUDIO_04_R1_2008_wav--1.wav,data\raw\maestro-v3.0.0\2008\MIDI-Unprocessed_04_R1_2008_01-04_ORIG_MID--AUDIO_04_R1_2008_wav--1.midi,data\raw\maestro-v3.0.0\2008\MIDI-Unprocessed_04_R1_2008_01-04_ORIG_MID--AUDIO_04_R1_2008_wav--1.wav,train,johann_sebastian_bach__prelude_and_fugue_in_g_minor_wtc_ii,Baroque,0
track_000839,Johann Sebastian Bach,"Prelude and Fugue in G Minor, WTC II,  BWV 885",2011,303.6535425,2011/MIDI-Unprocessed_20_R1_2011_MID--AUDIO_R1-D8_02_Track02_wav.midi,2011/MIDI-Unprocessed_20_R1_2011_MID--AUDIO_R1-D8_02_Track02_wav.wav,data\raw\maestro-v3.0.0\2011\MIDI-Unprocessed_20_R1_2011_MID--AUDIO_R1-D8_02_Track02_wav.midi,data\raw\maestro-v3.0.0\2011\MIDI-Unprocessed_20_R1_2011_MID--AUDIO_R1-D8_02_Track02_wav.wav,train,johann_sebastian_bach__prelude_and_fugue_in_g_minor_wtc_ii_bwv_885,Baroque,0
track_000840,Johann Sebastian Bach,"Prelude and Fugue in G Minor, WTC II, BWV 885",2015,330.161458333,2015/MIDI-Unprocessed_R1_D2-13-20_mid--AUDIO-from_mp3_15_R1_2015_wav--1.midi,2015/MIDI-Unprocessed_R1_D2-13-20_mid--AUDIO-from_mp3_15_R1_2015_wav--1.wav,data\raw\maestro-v3.0.0\2015\MIDI-Unprocessed_R1_D2-13-20_mid--AUDIO-from_mp3_15_R1_2015_wav--1.midi,data\raw\maestro-v3.0.0\2015\MIDI-Unprocessed_R1_D2-13-20_mid--AUDIO-from_mp3_15_R1_2015_wav--1.wav,train,johann_sebastian_bach__prelude_and_fugue_in_g_minor_wtc_ii_bwv_885,Baroque,0
track_000841,Johann Sebastian Bach,"Prelude and Fugue in G Minor, WTC II, BWV 885",2011,45.1695595313,2011/MIDI-Unprocessed_22_R1_2011_MID--AUDIO_R1-D8_12_Track12_wav.midi,2011/MIDI-Unprocessed_22_R1_2011_MID--AUDIO_R1-D8_12_Track12_wav.wav,data\raw\maestro-v3.0.0\2011\MIDI-Unprocessed_22_R1_2011_MID--AUDIO_R1-D8_12_Track12_wav.midi,data\raw\maestro-v3.0.0\2011\MIDI-Unprocessed_22_R1_2011_MID--AUDIO_R1-D8_12_Track12_wav.wav,train,johann_sebastian_bach__prelude_and_fugue_in_g_minor_wtc_ii_bwv_885,Baroque,0
track_000842,Johann Sebastian Bach,"Prelude and Fugue in G-sharp Minor, WTC I, BWV 863",2015,275.396875,2015/MIDI-Unprocessed_R1_D1-1-8_mid--AUDIO-from_mp3_07_R1_2015_wav--1.midi,2015/MIDI-Unprocessed_R1_D1-1-8_mid--AUDIO-from_mp3_07_R1_2015_wav--1.wav,data\raw\maestro-v3.0.0\2015\MIDI-Unprocessed_R1_D1-1-8_mid--AUDIO-from_mp3_07_R1_2015_wav--1.midi,data\raw\maestro-v3.0.0\2015\MIDI-Unprocessed_R1_D1-1-8_mid--AUDIO-from_mp3_07_R1_2015_wav--1.wav,test,johann_sebastian_bach__prelude_and_fugue_in_g_sharp_minor_wtc_i_bwv_863,Baroque,0
track_000843,Johann Sebastian Bach,"Prelude and Fugue in G-sharp Minor, WTC I, BWV 863",2013,269.322647344,2013/ORIG-MIDI_01_7_6_13_Group__MID--AUDIO_03_R1_2013_wav--1.midi,2013/ORIG-MIDI_01_7_6_13_Group__MID--AUDIO_03_R1_2013_wav--1.wav,data\raw\maestro-v3.0.0\2013\ORIG-MIDI_01_7_6_13_Group__MID--AUDIO_03_R1_2013_wav--1.midi,data\raw\maestro-v3.0.0\2013\ORIG-MIDI_01_7_6_13_Group__MID--AUDIO_03_R1_2013_wav--1.wav,test,johann_sebastian_bach__prelude_and_fugue_in_g_sharp_minor_wtc_i_bwv_863,Baroque,0
track_000844,Johann Sebastian Bach,"Prelude and Fugue in G-sharp Minor, WTC I, BWV 863",2017,268.404667717,2017/MIDI-Unprocessed_056_PIANO056_MID--AUDIO-split_07-07-17_Piano-e_1-05_wav--1.midi,2017/MIDI-Unprocessed_056_PIANO056_MID--AUDIO-split_07-07-17_Piano-e_1-05_wav--1.wav,data\raw\maestro-v3.0.0\2017\MIDI-Unprocessed_056_PIANO056_MID--AUDIO-split_07-07-17_Piano-e_1-05_wav--1.midi,data\raw\maestro-v3.0.0\2017\MIDI-Unprocessed_056_PIANO056_MID--AUDIO-split_07-07-17_Piano-e_1-05_wav--1.wav,test,johann_sebastian_bach__prelude_and_fugue_in_g_sharp_minor_wtc_i_bwv_863,Baroque,0
track_000845,Johann Sebastian Bach,"Prelude and Fugue in G-sharp Minor, WTC II, BWV 887",2015,472.302083333,2015/MIDI-Unprocessed_R1_D1-1-8_mid--AUDIO-from_mp3_03_R1_2015_wav--1.midi,2015/MIDI-Unprocessed_R1_D1-1-8_mid--AUDIO-from_mp3_03_R1_2015_wav--1.wav,data\raw\maestro-v3.0.0\2015\MIDI-Unprocessed_R1_D1-1-8_mid--AUDIO-from_mp3_03_R1_2015_wav--1.midi,data\raw\maestro-v3.0.0\2015\MIDI-Unprocessed_R1_D1-1-8_mid--AUDIO-from_mp3_03_R1_2015_wav--1.wav,train,johann_sebastian_bach__prelude_and_fugue_in_g_sharp_minor_wtc_ii_bwv_887,Baroque,0
track_000846,Johann Sebastian Bach,Prelude from English Suite No. 3 in G Major,2013,182.581281094,2013/ORIG-MIDI_02_7_7_13_Group__MID--AUDIO_16_R1_2013_wav--1.midi,2013/ORIG-MIDI_02_7_7_13_Group__MID--AUDIO_16_R1_2013_wav--1.wav,data\raw\maestro-v3.0.0\2013\ORIG-MIDI_02_7_7_13_Group__MID--AUDIO_16_R1_2013_wav--1.midi,data\raw\maestro-v3.0.0\2013\ORIG-MIDI_02_7_7_13_Group__MID--AUDIO_16_R1_2013_wav--1.wav,train,johann_sebastian_bach__prelude_from_english_suite_no_3_in_g_major,Baroque,0
track_000847,Johann Sebastian Bach,"Prelude from English Suite No. 6 in D Minor, BWV 811",2013,444.076746094,2013/ORIG-MIDI_01_7_6_13_Group__MID--AUDIO_01_R1_2013_wav--1.midi,2013/ORIG-MIDI_01_7_6_13_Group__MID--AUDIO_01_R1_2013_wav--1.wav,data\raw\maestro-v3.0.0\2013\ORIG-MIDI_01_7_6_13_Group__MID--AUDIO_01_R1_2013_wav--1.midi,data\raw\maestro-v3.0.0\2013\ORIG-MIDI_01_7_6_13_Group__MID--AUDIO_01_R1_2013_wav--1.wav,train,johann_sebastian_bach__prelude_from_english_suite_no_6_in_d_minor_bwv_811,Baroque,0
track_000848,Johann Sebastian Bach,"Prelude from the English Suite No. 1 in A Major, BWV 806",2011,246.539550469,2011/MIDI-Unprocessed_02_R1_2011_MID--AUDIO_R1-D1_08_Track08_wav.midi,2011/MIDI-Unprocessed_02_R1_2011_MID--AUDIO_R1-D1_08_Track08_wav.wav,data\raw\maestro-v3.0.0\2011\MIDI-Unprocessed_02_R1_2011_MID--AUDIO_R1-D1_08_Track08_wav.midi,data\raw\maestro-v3.0.0\2011\MIDI-Unprocessed_02_R1_2011_MID--AUDIO_R1-D1_08_Track08_wav.wav,train,johann_sebastian_bach__prelude_from_the_english_suite_no_1_in_a_major_bwv_806,Baroque,0
track_000849,Johann Sebastian Bach,"Prelude from the English Suite No. 2 in A Minor, BWV 807",2011,156.930932813,2011/MIDI-Unprocessed_17_R1_2011_MID--AUDIO_R1-D7_02_Track02_wav.midi,2011/MIDI-Unprocessed_17_R1_2011_MID--AUDIO_R1-D7_02_Track02_wav.wav,data\raw\maestro-v3.0.0\2011\MIDI-Unprocessed_17_R1_2011_MID--AUDIO_R1-D7_02_Track02_wav.midi,data\raw\maestro-v3.0.0\2011\MIDI-Unprocessed_17_R1_2011_MID--AUDIO_R1-D7_02_Track02_wav.wav,train,johann_sebastian_bach__prelude_from_the_english_suite_no_2_in_a_minor_bwv_807,Baroque,0
track_000850,Johann Sebastian Bach,Prelude from the English Suite No. 6,2013,468.700118906,2013/ORIG-MIDI_02_7_7_13_Group__MID--AUDIO_19_R1_2013_wav--1.midi,2013/ORIG-MIDI_02_7_7_13_Group__MID--AUDIO_19_R1_2013_wav--1.wav,data\raw\maestro-v3.0.0\2013\ORIG-MIDI_02_7_7_13_Group__MID--AUDIO_19_R1_2013_wav--1.midi,data\raw\maestro-v3.0.0\2013\ORIG-MIDI_02_7_7_13_Group__MID--AUDIO_19_R1_2013_wav--1.wav,train,johann_sebastian_bach__prelude_from_the_english_suite_no_6,Baroque,0
track_000851,Johann Sebastian Bach,"Prelude from the English Suite No. 6 in D Minor, BWV 811",2011,460.567114219,2011/MIDI-Unprocessed_10_R1_2011_MID--AUDIO_R1-D4_02_Track02_wav.midi,2011/MIDI-Unprocessed_10_R1_2011_MID--AUDIO_R1-D4_02_Track02_wav.wav,data\raw\maestro-v3.0.0\2011\MIDI-Unprocessed_10_R1_2011_MID--AUDIO_R1-D4_02_Track02_wav.midi,data\raw\maestro-v3.0.0\2011\MIDI-Unprocessed_10_R1_2011_MID--AUDIO_R1-D4_02_Track02_wav.wav,train,johann_sebastian_bach__prelude_from_the_english_suite_no_6_in_d_minor_bwv_811,Baroque,0
track_000852,Johann Sebastian Bach,"Toccata from Partita No. 6 in E Minor, Missing Opening!!!!",2014,342.48897375,2014/MIDI-UNPROCESSED_06-08_R1_2014_MID--AUDIO_06_R1_2014_wav--1.midi,2014/MIDI-UNPROCESSED_06-08_R1_2014_MID--AUDIO_06_R1_2014_wav--1.wav,data\raw\maestro-v3.0.0\2014\MIDI-UNPROCESSED_06-08_R1_2014_MID--AUDIO_06_R1_2014_wav--1.midi,data\raw\maestro-v3.0.0\2014\MIDI-UNPROCESSED_06-08_R1_2014_MID--AUDIO_06_R1_2014_wav--1.wav,train,johann_sebastian_bach__toccata_from_partita_no_6_in_e_minor_missing_opening,Baroque,0
track_000853,Johann Sebastian Bach,"Toccata in C Minor, BWV 911",2018,621.090457969,2018/MIDI-Unprocessed_Recital8_MID--AUDIO_08_R1_2018_wav--3.midi,2018/MIDI-Unprocessed_Recital8_MID--AUDIO_08_R1_2018_wav--3.wav,data\raw\maestro-v3.0.0\2018\MIDI-Unprocessed_Recital8_MID--AUDIO_08_R1_2018_wav--3.midi,data\raw\maestro-v3.0.0\2018\MIDI-Unprocessed_Recital8_MID--AUDIO_08_R1_2018_wav--3.wav,train,johann_sebastian_bach__toccata_in_c_minor_bwv_911,Baroque,0
track_000854,Johann Sebastian Bach,"Toccata in C Minor, BWV 911",2014,601.358907187,2014/MIDI-UNPROCESSED_19-20_R1_2014_MID--AUDIO_19_R1_2014_wav--1.midi,2014/MIDI-UNPROCESSED_19-20_R1_2014_MID--AUDIO_19_R1_2014_wav--1.wav,data\raw\maestro-v3.0.0\2014\MIDI-UNPROCESSED_19-20_R1_2014_MID--AUDIO_19_R1_2014_wav--1.midi,data\raw\maestro-v3.0.0\2014\MIDI-UNPROCESSED_19-20_R1_2014_MID--AUDIO_19_R1_2014_wav--1.wav,train,johann_sebastian_bach__toccata_in_c_minor_bwv_911,Baroque,0
track_000855,Johann Sebastian Bach,"Toccata in E Minor, BWV 914",2008,419.617635937,2008/MIDI-Unprocessed_12_R2_2008_01-04_ORIG_MID--AUDIO_12_R2_2008_wav--1.midi,2008/MIDI-Unprocessed_12_R2_2008_01-04_ORIG_MID--AUDIO_12_R2_2008_wav--1.wav,data\raw\maestro-v3.0.0\2008\MIDI-Unprocessed_12_R2_2008_01-04_ORIG_MID--AUDIO_12_R2_2008_wav--1.midi,data\raw\maestro-v3.0.0\2008\MIDI-Unprocessed_12_R2_2008_01-04_ORIG_MID--AUDIO_12_R2_2008_wav--1.wav,train,johann_sebastian_bach__toccata_in_e_minor_bwv_914,Baroque,0
track_000856,Johann Sebastian Bach,"Toccata in E Minor, BWV 914",2015,365.110416667,2015/MIDI-Unprocessed_R1_D1-1-8_mid--AUDIO-from_mp3_01_R1_2015_wav--1.midi,2015/MIDI-Unprocessed_R1_D1-1-8_mid--AUDIO-from_mp3_01_R1_2015_wav--1.wav,data\raw\maestro-v3.0.0\2015\MIDI-Unprocessed_R1_D1-1-8_mid--AUDIO-from_mp3_01_R1_2015_wav--1.midi,data\raw\maestro-v3.0.0\2015\MIDI-Unprocessed_R1_D1-1-8_mid--AUDIO-from_mp3_01_R1_2015_wav--1.wav,train,johann_sebastian_bach__toccata_in_e_minor_bwv_914,Baroque,0
track_000869,Johannes Brahms,"16 Waltzes, Op. 39",2004,1064.85903814,2004/MIDI-Unprocessed_XP_14_R1_2004_01-03_ORIG_MID--AUDIO_14_R1_2004_03_Track03_wav.midi,2004/MIDI-Unprocessed_XP_14_R1_2004_01-03_ORIG_MID--AUDIO_14_R1_2004_03_Track03_wav.wav,data\raw\maestro-v3.0.0\2004\MIDI-Unprocessed_XP_14_R1_2004_01-03_ORIG_MID--AUDIO_14_R1_2004_03_Track03_wav.midi,data\raw\maestro-v3.0.0\2004\MIDI-Unprocessed_XP_14_R1_2004_01-03_ORIG_MID--AUDIO_14_R1_2004_03_Track03_wav.wav,validation,johannes_brahms__16_waltzes_op_39,Romantic,2
track_000870,Johannes Brahms,Fantasias Op. 116 (Selections),2017,982.801808179,2017/MIDI-Unprocessed_074_PIANO074_MID--AUDIO-split_07-08-17_Piano-e_2-04_wav--3.midi,2017/MIDI-Unprocessed_074_PIANO074_MID--AUDIO-split_07-08-17_Piano-e_2-04_wav--3.wav,data\raw\maestro-v3.0.0\2017\MIDI-Unprocessed_074_PIANO074_MID--AUDIO-split_07-08-17_Piano-e_2-04_wav--3.midi,data\raw\maestro-v3.0.0\2017\MIDI-Unprocessed_074_PIANO074_MID--AUDIO-split_07-08-17_Piano-e_2-04_wav--3.wav,train,johannes_brahms__fantasias_op_116_selections,Romantic,2
track_000871,Johannes Brahms,Fantasien Op.116,2006,1357.78443281,2006/MIDI-Unprocessed_02_R1_2006_01-04_ORIG_MID--AUDIO_02_R1_2006_02_Track02_wav.midi,2006/MIDI-Unprocessed_02_R1_2006_01-04_ORIG_MID--AUDIO_02_R1_2006_02_Track02_wav.wav,data\raw\maestro-v3.0.0\2006\MIDI-Unprocessed_02_R1_2006_01-04_ORIG_MID--AUDIO_02_R1_2006_02_Track02_wav.midi,data\raw\maestro-v3.0.0\2006\MIDI-Unprocessed_02_R1_2006_01-04_ORIG_MID--AUDIO_02_R1_2006_02_Track02_wav.wav,train,johannes_brahms__fantasien_op_116,Romantic,2
track_000872,Johannes Brahms,"Fantasies, Op. 116 No. 7 (Complete)",2014,1278.59914875,2014/MIDI-UNPROCESSED_01-03_R1_2014_MID--AUDIO_01_R1_2014_wav--3.midi,2014/MIDI-UNPROCESSED_01-03_R1_2014_MID--AUDIO_01_R1_2014_wav--3.wav,data\raw\maestro-v3.0.0\2014\MIDI-UNPROCESSED_01-03_R1_2014_MID--AUDIO_01_R1_2014_wav--3.midi,data\raw\maestro-v3.0.0\2014\MIDI-UNPROCESSED_01-03_R1_2014_MID--AUDIO_01_R1_2014_wav--3.wav,train,johannes_brahms__fantasies_op_116_no_7_complete,Romantic,2
track_000873,Johannes Brahms,Intermezzo Op. 118 No. 6 in E-flat Minor,2008,322.240596563,2008/MIDI-Unprocessed_11_R1_2008_01-04_ORIG_MID--AUDIO_11_R1_2008_wav--3.midi,2008/MIDI-Unprocessed_11_R1_2008_01-04_ORIG_MID--AUDIO_11_R1_2008_wav--3.wav,data\raw\maestro-v3.0.0\2008\MIDI-Unprocessed_11_R1_2008_01-04_ORIG_MID--AUDIO_11_R1_2008_wav--3.midi,data\raw\maestro-v3.0.0\2008\MIDI-Unprocessed_11_R1_2008_01-04_ORIG_MID--AUDIO_11_R1_2008_wav--3.wav,train,johannes_brahms__intermezzo_op_118_no_6_in_e_flat_minor,Romantic,2
track_000874,Johannes Brahms,Intermezzos Op. 119,2018,834.47566125,2018/MIDI-Unprocessed_Chamber3_MID--AUDIO_10_R3_2018_wav--2.midi,2018/MIDI-Unprocessed_Chamber3_MID--AUDIO_10_R3_2018_wav--2.wav,data\raw\maestro-v3.0.0\2018\MIDI-Unprocessed_Chamber3_MID--AUDIO_10_R3_2018_wav--2.midi,data\raw\maestro-v3.0.0\2018\MIDI-Unprocessed_Chamber3_MID--AUDIO_10_R3_2018_wav--2.wav,validation,johannes_brahms__intermezzos_op_119,Romantic,2
track_000875,Johannes Brahms,"Paganini Variations, Op. 35 Book 2",2017,611.940377546,2017/MIDI-Unprocessed_054_PIANO054_MID--AUDIO-split_07-07-17_Piano-e_1-02_wav--4.midi,2017/MIDI-Unprocessed_054_PIANO054_MID--AUDIO-split_07-07-17_Piano-e_1-02_wav--4.wav,data\raw\maestro-v3.0.0\2017\MIDI-Unprocessed_054_PIANO054_MID--AUDIO-split_07-07-17_Piano-e_1-02_wav--4.midi,data\raw\maestro-v3.0.0\2017\MIDI-Unprocessed_054_PIANO054_MID--AUDIO-split_07-07-17_Piano-e_1-02_wav--4.wav,train,johannes_brahms__paganini_variations_op_35_book_2,Romantic,2
track_000876,Johannes Brahms,"Paganini Variations, Op. 35 Book II",2008,667.405849687,2008/MIDI-Unprocessed_13_R1_2008_01-04_ORIG_MID--AUDIO_13_R1_2008_wav--4.midi,2008/MIDI-Unprocessed_13_R1_2008_01-04_ORIG_MID--AUDIO_13_R1_2008_wav--4.wav,data\raw\maestro-v3.0.0\2008\MIDI-Unprocessed_13_R1_2008_01-04_ORIG_MID--AUDIO_13_R1_2008_wav--4.midi,data\raw\maestro-v3.0.0\2008\MIDI-Unprocessed_13_R1_2008_01-04_ORIG_MID--AUDIO_13_R1_2008_wav--4.wav,train,johannes_brahms__paganini_variations_op_35_book_ii,Romantic,2
track_000877,Johannes Brahms,"Paganini Variations, Op. 35 Books I and II",2009,1275.88948266,2009/MIDI-Unprocessed_20_R1_2009_06-07_ORIG_MID--AUDIO_20_R1_2009_20_R1_2009_06_WAV.midi,2009/MIDI-Unprocessed_20_R1_2009_06-07_ORIG_MID--AUDIO_20_R1_2009_20_R1_2009_06_WAV.wav,data\raw\maestro-v3.0.0\2009\MIDI-Unprocessed_20_R1_2009_06-07_ORIG_MID--AUDIO_20_R1_2009_20_R1_2009_06_WAV.midi,data\raw\maestro-v3.0.0\2009\MIDI-Unprocessed_20_R1_2009_06-07_ORIG_MID--AUDIO_20_R1_2009_20_R1_2009_06_WAV.wav,train,johannes_brahms__paganini_variations_op_35_books_i_and_ii,Romantic,2
track_000878,Johannes Brahms,Rhapsody Op. 79 No. 1 in B minor,2015,551.766666667,2015/MIDI-Unprocessed_R1_D2-13-20_mid--AUDIO-from_mp3_14_R1_2015_wav--3.midi,2015/MIDI-Unprocessed_R1_D2-13-20_mid--AUDIO-from_mp3_14_R1_2015_wav--3.wav,data\raw\maestro-v3.0.0\2015\MIDI-Unprocessed_R1_D2-13-20_mid--AUDIO-from_mp3_14_R1_2015_wav--3.midi,data\raw\maestro-v3.0.0\2015\MIDI-Unprocessed_R1_D2-13-20_mid--AUDIO-from_mp3_14_R1_2015_wav--3.wav,validation,johannes_brahms__rhapsody_op_79_no_1_in_b_minor,Romantic,2
track_000879,Johannes Brahms,"Six Pieces for Piano, Op. 118",2013,1335.99759563,2013/ORIG-MIDI_03_7_10_13_Group_MID--AUDIO_17_R3_2013_wav--3.midi,2013/ORIG-MIDI_03_7_10_13_Group_MID--AUDIO_17_R3_2013_wav--3.wav,data\raw\maestro-v3.0.0\2013\ORIG-MIDI_03_7_10_13_Group_MID--AUDIO_17_R3_2013_wav--3.midi,data\raw\maestro-v3.0.0\2013\ORIG-MIDI_03_7_10_13_Group_MID--AUDIO_17_R3_2013_wav--3.wav,train,johannes_brahms__six_pieces_for_piano_op_118,Romantic,2
track_000880,Johannes Brahms,"Sonata 2 F-sharp Minor, Op. 2",2009,1445.39919563,2009/MIDI-Unprocessed_15_R1_2009_01-02_ORIG_MID--AUDIO_15_R1_2009_15_R1_2009_02_WAV.midi,2009/MIDI-Unprocessed_15_R1_2009_01-02_ORIG_MID--AUDIO_15_R1_2009_15_R1_2009_02_WAV.wav,data\raw\maestro-v3.0.0\2009\MIDI-Unprocessed_15_R1_2009_01-02_ORIG_MID--AUDIO_15_R1_2009_15_R1_2009_02_WAV.midi,data\raw\maestro-v3.0.0\2009\MIDI-Unprocessed_15_R1_2009_01-02_ORIG_MID--AUDIO_15_R1_2009_15_R1_2009_02_WAV.wav,test,johannes_brahms__sonata_2_f_sharp_minor_op_2,Romantic,2
track_000881,Johannes Brahms,Sonata No. 1,2006,1673.36504672,2006/MIDI-Unprocessed_19_R1_2006_01-07_ORIG_MID--AUDIO_19_R1_2006_03_Track03_wav.midi,2006/MIDI-Unprocessed_19_R1_2006_01-07_ORIG_MID--AUDIO_19_R1_2006_03_Track03_wav.wav,data\raw\maestro-v3.0.0\2006\MIDI-Unprocessed_19_R1_2006_01-07_ORIG_MID--AUDIO_19_R1_2006_03_Track03_wav.midi,data\raw\maestro-v3.0.0\2006\MIDI-Unprocessed_19_R1_2006_01-07_ORIG_MID--AUDIO_19_R1_2006_03_Track03_wav.wav,validation,johannes_brahms__sonata_no_1,Romantic,2
track_000882,Johannes Brahms,"Sonata No. 1 in C Major, Op. 1",2009,1577.25002531,2009/MIDI-Unprocessed_09_R1_2009_05-06_ORIG_MID--AUDIO_09_R1_2009_09_R1_2009_05_WAV.midi,2009/MIDI-Unprocessed_09_R1_2009_05-06_ORIG_MID--AUDIO_09_R1_2009_09_R1_2009_05_WAV.wav,data\raw\maestro-v3.0.0\2009\MIDI-Unprocessed_09_R1_2009_05-06_ORIG_MID--AUDIO_09_R1_2009_09_R1_2009_05_WAV.midi,data\raw\maestro-v3.0.0\2009\MIDI-Unprocessed_09_R1_2009_05-06_ORIG_MID--AUDIO_09_R1_2009_09_R1_2009_05_WAV.wav,validation,johannes_brahms__sonata_no_1_in_c_major_op_1,Romantic,2
track_000883,Johannes Brahms,"Sonata No. 3 in F Minor, Op. 5",2009,1998.331335,2009/MIDI-Unprocessed_18_R1_2009_04_ORIG_MID--AUDIO_18_R1_2009_18_R1_2009_04_WAV.midi,2009/MIDI-Unprocessed_18_R1_2009_04_ORIG_MID--AUDIO_18_R1_2009_18_R1_2009_04_WAV.wav,data\raw\maestro-v3.0.0\2009\MIDI-Unprocessed_18_R1_2009_04_ORIG_MID--AUDIO_18_R1_2009_18_R1_2009_04_WAV.midi,data\raw\maestro-v3.0.0\2009\MIDI-Unprocessed_18_R1_2009_04_ORIG_MID--AUDIO_18_R1_2009_18_R1_2009_04_WAV.wav,train,johannes_brahms__sonata_no_3_in_f_minor_op_5,Romantic,2
track_000884,Johannes Brahms,Sonata Op. 5,2006,2008.69323703,2006/MIDI-Unprocessed_12_R1_2006_01-08_ORIG_MID--AUDIO_12_R1_2006_01_Track01_wav.midi,2006/MIDI-Unprocessed_12_R1_2006_01-08_ORIG_MID--AUDIO_12_R1_2006_01_Track01_wav.wav,data\raw\maestro-v3.0.0\2006\MIDI-Unprocessed_12_R1_2006_01-08_ORIG_MID--AUDIO_12_R1_2006_01_Track01_wav.midi,data\raw\maestro-v3.0.0\2006\MIDI-Unprocessed_12_R1_2006_01-08_ORIG_MID--AUDIO_12_R1_2006_01_Track01_wav.wav,train,johannes_brahms__sonata_op_5,Romantic,2
track_000885,Johannes Brahms,"Sonata in F Minor, Op. 5",2004,477.495386256,2004/MIDI-Unprocessed_SMF_07_R1_2004_01_ORIG_MID--AUDIO_07_R1_2004_02_Track02_wav.midi,2004/MIDI-Unprocessed_SMF_07_R1_2004_01_ORIG_MID--AUDIO_07_R1_2004_02_Track02_wav.wav,data\raw\maestro-v3.0.0\2004\MIDI-Unprocessed_SMF_07_R1_2004_01_ORIG_MID--AUDIO_07_R1_2004_02_Track02_wav.midi,data\raw\maestro-v3.0.0\2004\MIDI-Unprocessed_SMF_07_R1_2004_01_ORIG_MID--AUDIO_07_R1_2004_02_Track02_wav.wav,train,johannes_brahms__sonata_in_f_minor_op_5,Romantic,2
track_000886,Johannes Brahms,"Sonata in F Minor, Op. 5",2004,994.140229671,2004/MIDI-Unprocessed_SMF_07_R1_2004_01_ORIG_MID--AUDIO_07_R1_2004_04_Track04_wav.midi,2004/MIDI-Unprocessed_SMF_07_R1_2004_01_ORIG_MID--AUDIO_07_R1_2004_04_Track04_wav.wav,data\raw\maestro-v3.0.0\2004\MIDI-Unprocessed_SMF_07_R1_2004_01_ORIG_MID--AUDIO_07_R1_2004_04_Track04_wav.midi,data\raw\maestro-v3.0.0\2004\MIDI-Unprocessed_SMF_07_R1_2004_01_ORIG_MID--AUDIO_07_R1_2004_04_Track04_wav.wav,train,johannes_brahms__sonata_in_f_minor_op_5,Romantic,2
track_000887,Johannes Brahms,"Sonata in F Minor, Op. 5",2004,662.274755685,2004/MIDI-Unprocessed_SMF_07_R1_2004_01_ORIG_MID--AUDIO_07_R1_2004_06_Track06_wav.midi,2004/MIDI-Unprocessed_SMF_07_R1_2004_01_ORIG_MID--AUDIO_07_R1_2004_06_Track06_wav.wav,data\raw\maestro-v3.0.0\2004\MIDI-Unprocessed_SMF_07_R1_2004_01_ORIG_MID--AUDIO_07_R1_2004_06_Track06_wav.midi,data\raw\maestro-v3.0.0\2004\MIDI-Unprocessed_SMF_07_R1_2004_01_ORIG_MID--AUDIO_07_R1_2004_06_Track06_wav.wav,train,johannes_brahms__sonata_in_f_minor_op_5,Romantic,2
track_000888,Johannes Brahms,"Variations and Fugue on the Theme of Händel, Op. 24",2014,1476.86016844,2014/MIDI-UNPROCESSED_11-13_R1_2014_MID--AUDIO_11_R1_2014_wav--3.midi,2014/MIDI-UNPROCESSED_11-13_R1_2014_MID--AUDIO_11_R1_2014_wav--3.wav,data\raw\maestro-v3.0.0\2014\MIDI-UNPROCESSED_11-13_R1_2014_MID--AUDIO_11_R1_2014_wav--3.midi,data\raw\maestro-v3.0.0\2014\MIDI-UNPROCESSED_11-13_R1_2014_MID--AUDIO_11_R1_2014_wav--3.wav,train,johannes_brahms__variations_and_fugue_on_the_theme_of_h_ndel_op_24,Romantic,2
track_000889,Johannes Brahms,"Variations and Fugue on the theme of Handel, Op. 24",2018,1556.83337906,2018/MIDI-Unprocessed_Recital5-7_MID--AUDIO_05_R1_2018_wav--2.midi,2018/MIDI-Unprocessed_Recital5-7_MID--AUDIO_05_R1_2018_wav--2.wav,data\raw\maestro-v3.0.0\2018\MIDI-Unprocessed_Recital5-7_MID--AUDIO_05_R1_2018_wav--2.midi,data\raw\maestro-v3.0.0\2018\MIDI-Unprocessed_Recital5-7_MID--AUDIO_05_R1_2018_wav--2.wav,train,johannes_brahms__variations_and_fugue_on_the_theme_of_handel_op_24,Romantic,2
track_000890,Johannes Brahms,"Variations on a Theme by Paganini, Op. 35 Book II",2015,630.978125,2015/MIDI-Unprocessed_R1_D2-13-20_mid--AUDIO-from_mp3_13_R1_2015_wav--5.midi,2015/MIDI-Unprocessed_R1_D2-13-20_mid--AUDIO-from_mp3_13_R1_2015_wav--5.wav,data\raw\maestro-v3.0.0\2015\MIDI-Unprocessed_R1_D2-13-20_mid--AUDIO-from_mp3_13_R1_2015_wav--5.midi,data\raw\maestro-v3.0.0\2015\MIDI-Unprocessed_R1_D2-13-20_mid--AUDIO-from_mp3_13_R1_2015_wav--5.wav,train,johannes_brahms__variations_on_a_theme_by_paganini_op_35_book_ii,Romantic,2
track_000891,Johannes Brahms,"Variations on a Theme by Paganini, Op. 35 Book II",2015,636.198958333,2015/MIDI-Unprocessed_R2_D2-19-21-22_mid--AUDIO-from_mp3_21_R2_2015_wav--3.midi,2015/MIDI-Unprocessed_R2_D2-19-21-22_mid--AUDIO-from_mp3_21_R2_2015_wav--3.wav,data\raw\maestro-v3.0.0\2015\MIDI-Unprocessed_R2_D2-19-21-22_mid--AUDIO-from_mp3_21_R2_2015_wav--3.midi,data\raw\maestro-v3.0.0\2015\MIDI-Unprocessed_R2_D2-19-21-22_mid--AUDIO-from_mp3_21_R2_2015_wav--3.wav,train,johannes_brahms__variations_on_a_theme_by_paganini_op_35_book_ii,Romantic,2
track_000892,Johannes Brahms,"Variations on a Theme by Paganini, Op. 35, Book II",2013,678.292590937,2013/ORIG-MIDI_01_7_8_13_Group__MID--AUDIO_07_R2_2013_wav--1.midi,2013/ORIG-MIDI_01_7_8_13_Group__MID--AUDIO_07_R2_2013_wav--1.wav,data\raw\maestro-v3.0.0\2013\ORIG-MIDI_01_7_8_13_Group__MID--AUDIO_07_R2_2013_wav--1.midi,data\raw\maestro-v3.0.0\2013\ORIG-MIDI_01_7_8_13_Group__MID--AUDIO_07_R2_2013_wav--1.wav,train,johannes_brahms__variations_on_a_theme_by_paganini_op_35_book_ii,Romantic,2
track_000893,Johannes Brahms,"Variations on a Theme by Paganini, Op. 35, Volumes 1 & 2",2004,1479.74136125,2004/MIDI-Unprocessed_XP_04_R1_2004_01-02_ORIG_MID--AUDIO_04_R1_2004_01_Track01_wav.midi,2004/MIDI-Unprocessed_XP_04_R1_2004_01-02_ORIG_MID--AUDIO_04_R1_2004_01_Track01_wav.wav,data\raw\maestro-v3.0.0\2004\MIDI-Unprocessed_XP_04_R1_2004_01-02_ORIG_MID--AUDIO_04_R1_2004_01_Track01_wav.midi,data\raw\maestro-v3.0.0\2004\MIDI-Unprocessed_XP_04_R1_2004_01-02_ORIG_MID--AUDIO_04_R1_2004_01_Track01_wav.wav,train,johannes_brahms__variations_on_a_theme_by_paganini_op_35_volumes_1_2,Romantic,2
track_000894,Johannes Brahms,Variations on a theme by Paganini (Books I & II),2004,1449.01922965,2004/MIDI-Unprocessed_XP_15_R1_2004_01-02_ORIG_MID--AUDIO_15_R1_2004_02_Track02_wav.midi,2004/MIDI-Unprocessed_XP_15_R1_2004_01-02_ORIG_MID--AUDIO_15_R1_2004_02_Track02_wav.wav,data\raw\maestro-v3.0.0\2004\MIDI-Unprocessed_XP_15_R1_2004_01-02_ORIG_MID--AUDIO_15_R1_2004_02_Track02_wav.midi,data\raw\maestro-v3.0.0\2004\MIDI-Unprocessed_XP_15_R1_2004_01-02_ORIG_MID--AUDIO_15_R1_2004_02_Track02_wav.wav,train,johannes_brahms__variations_on_a_theme_by_paganini_books_i_ii,Romantic,2
track_000895,Joseph Haydn,Andante w/Var.,2006,558.522411562,2006/MIDI-Unprocessed_08_R1_2006_01-04_ORIG_MID--AUDIO_08_R1_2006_Disk1_02_Track02_wav.midi,2006/MIDI-Unprocessed_08_R1_2006_01-04_ORIG_MID--AUDIO_08_R1_2006_Disk1_02_Track02_wav.wav,data\raw\maestro-v3.0.0\2006\MIDI-Unprocessed_08_R1_2006_01-04_ORIG_MID--AUDIO_08_R1_2006_Disk1_02_Track02_wav.midi,data\raw\maestro-v3.0.0\2006\MIDI-Unprocessed_08_R1_2006_01-04_ORIG_MID--AUDIO_08_R1_2006_Disk1_02_Track02_wav.wav,validation,joseph_haydn__andante_w_var,Classical,1
track_000896,Joseph Haydn,"Piano Sonata in C major, Hob. XVI:50 (Complete)",2014,790.4906625,2014/MIDI-UNPROCESSED_19-20_R1_2014_MID--AUDIO_20_R1_2014_wav--1.midi,2014/MIDI-UNPROCESSED_19-20_R1_2014_MID--AUDIO_20_R1_2014_wav--1.wav,data\raw\maestro-v3.0.0\2014\MIDI-UNPROCESSED_19-20_R1_2014_MID--AUDIO_20_R1_2014_wav--1.midi,data\raw\maestro-v3.0.0\2014\MIDI-UNPROCESSED_19-20_R1_2014_MID--AUDIO_20_R1_2014_wav--1.wav,train,joseph_haydn__piano_sonata_in_c_major_hob_xvi_50_complete,Classical,1
track_000897,Joseph Haydn,Son. Hob. XVI:32,2006,507.451415625,2006/MIDI-Unprocessed_19_R1_2006_01-07_ORIG_MID--AUDIO_19_R1_2006_02_Track02_wav.midi,2006/MIDI-Unprocessed_19_R1_2006_01-07_ORIG_MID--AUDIO_19_R1_2006_02_Track02_wav.wav,data\raw\maestro-v3.0.0\2006\MIDI-Unprocessed_19_R1_2006_01-07_ORIG_MID--AUDIO_19_R1_2006_02_Track02_wav.midi,data\raw\maestro-v3.0.0\2006\MIDI-Unprocessed_19_R1_2006_01-07_ORIG_MID--AUDIO_19_R1_2006_02_Track02_wav.wav,train,joseph_haydn__son_hob_xvi_32,Classical,1
track_000898,Joseph Haydn,Son. Hob. XVI:39,2006,830.483945156,2006/MIDI-Unprocessed_23_R1_2006_01-05_ORIG_MID--AUDIO_23_R1_2006_02_Track02_wav.midi,2006/MIDI-Unprocessed_23_R1_2006_01-05_ORIG_MID--AUDIO_23_R1_2006_02_Track02_wav.wav,data\raw\maestro-v3.0.0\2006\MIDI-Unprocessed_23_R1_2006_01-05_ORIG_MID--AUDIO_23_R1_2006_02_Track02_wav.midi,data\raw\maestro-v3.0.0\2006\MIDI-Unprocessed_23_R1_2006_01-05_ORIG_MID--AUDIO_23_R1_2006_02_Track02_wav.wav,validation,joseph_haydn__son_hob_xvi_39,Classical,1
track_000899,Joseph Haydn,Son. Hob. XVI:52,2006,960.620032969,2006/MIDI-Unprocessed_02_R1_2006_01-04_ORIG_MID--AUDIO_02_R1_2006_01_Track01_wav.midi,2006/MIDI-Unprocessed_02_R1_2006_01-04_ORIG_MID--AUDIO_02_R1_2006_01_Track01_wav.wav,data\raw\maestro-v3.0.0\2006\MIDI-Unprocessed_02_R1_2006_01-04_ORIG_MID--AUDIO_02_R1_2006_01_Track01_wav.midi,data\raw\maestro-v3.0.0\2006\MIDI-Unprocessed_02_R1_2006_01-04_ORIG_MID--AUDIO_02_R1_2006_01_Track01_wav.wav,train,joseph_haydn__son_hob_xvi_52,Classical,1
track_000900,Joseph Haydn,Son. Hob. XVI:52,2006,1030.59325359,2006/MIDI-Unprocessed_22_R1_2006_01-04_ORIG_MID--AUDIO_22_R1_2006_01_Track01_wav.midi,2006/MIDI-Unprocessed_22_R1_2006_01-04_ORIG_MID--AUDIO_22_R1_2006_01_Track01_wav.wav,data\raw\maestro-v3.0.0\2006\MIDI-Unprocessed_22_R1_2006_01-04_ORIG_MID--AUDIO_22_R1_2006_01_Track01_wav.midi,data\raw\maestro-v3.0.0\2006\MIDI-Unprocessed_22_R1_2006_01-04_ORIG_MID--AUDIO_22_R1_2006_01_Track01_wav.wav,train,joseph_haydn__son_hob_xvi_52,Classical,1
track_000901,Joseph Haydn,"Sonata E-Flat Major, Hob. XVI:49, First Movement",2011,298.232874844,2011/MIDI-Unprocessed_04_R1_2011_MID--AUDIO_R1-D2_03_Track03_wav.midi,2011/MIDI-Unprocessed_04_R1_2011_MID--AUDIO_R1-D2_03_Track03_wav.wav,data\raw\maestro-v3.0.0\2011\MIDI-Unprocessed_04_R1_2011_MID--AUDIO_R1-D2_03_Track03_wav.midi,data\raw\maestro-v3.0.0\2011\MIDI-Unprocessed_04_R1_2011_MID--AUDIO_R1-D2_03_Track03_wav.wav,test,joseph_haydn__sonata_e_flat_major_hob_xvi_49_first_movement,Classical,1
track_000902,Joseph Haydn,"Sonata in A-Flat Major, Hob. XVI:46, I. Allegro moderato",2017,349.392518737,2017/MIDI-Unprocessed_042_PIANO042_MID--AUDIO-split_07-06-17_Piano-e_1-02_wav--3.midi,2017/MIDI-Unprocessed_042_PIANO042_MID--AUDIO-split_07-06-17_Piano-e_1-02_wav--3.wav,data\raw\maestro-v3.0.0\2017\MIDI-Unprocessed_042_PIANO042_MID--AUDIO-split_07-06-17_Piano-e_1-02_wav--3.midi,data\raw\maestro-v3.0.0\2017\MIDI-Unprocessed_042_PIANO042_MID--AUDIO-split_07-06-17_Piano-e_1-02_wav--3.wav,train,joseph_haydn__sonata_in_a_flat_major_hob_xvi_46_i_allegro_moderato,Classical,1
track_000903,Joseph Haydn,"Sonata in A-flat Major, Hob. XVI: 46, I. Allegro moderato",2015,362.353125,2015/MIDI-Unprocessed_R1_D2-13-20_mid--AUDIO-from_mp3_19_R1_2015_wav--2.midi,2015/MIDI-Unprocessed_R1_D2-13-20_mid--AUDIO-from_mp3_19_R1_2015_wav--2.wav,data\raw\maestro-v3.0.0\2015\MIDI-Unprocessed_R1_D2-13-20_mid--AUDIO-from_mp3_19_R1_2015_wav--2.midi,data\raw\maestro-v3.0.0\2015\MIDI-Unprocessed_R1_D2-13-20_mid--AUDIO-from_mp3_19_R1_2015_wav--2.wav,train,joseph_haydn__sonata_in_a_flat_major_hob_xvi_46_i_allegro_moderato,Classical,1
track_000904,Joseph Haydn,"Sonata in A-flat Major, No. 31 Hob. XVI:46, 1st mov.",2013,276.880065,2013/ORIG-MIDI_03_7_6_13_Group__MID--AUDIO_10_R1_2013_wav--2.midi,2013/ORIG-MIDI_03_7_6_13_Group__MID--AUDIO_10_R1_2013_wav--2.wav,data\raw\maestro-v3.0.0\2013\ORIG-MIDI_03_7_6_13_Group__MID--AUDIO_10_R1_2013_wav--2.midi,data\raw\maestro-v3.0.0\2013\ORIG-MIDI_03_7_6_13_Group__MID--AUDIO_10_R1_2013_wav--2.wav,train,joseph_haydn__sonata_in_a_flat_major_no_31_hob_xvi_46_1st_mov,Classical,1
track_000905,Joseph Haydn,"Sonata in B-flat Major, Hob.XVI:41",2011,240.84377625,2011/MIDI-Unprocessed_03_R3_2011_MID--AUDIO_R3-D1_02_Track02_wav.midi,2011/MIDI-Unprocessed_03_R3_2011_MID--AUDIO_R3-D1_02_Track02_wav.wav,data\raw\maestro-v3.0.0\2011\MIDI-Unprocessed_03_R3_2011_MID--AUDIO_R3-D1_02_Track02_wav.midi,data\raw\maestro-v3.0.0\2011\MIDI-Unprocessed_03_R3_2011_MID--AUDIO_R3-D1_02_Track02_wav.wav,train,joseph_haydn__sonata_in_b_flat_major_hob_xvi_41,Classical,1
track_000906,Joseph Haydn,"Sonata in B-flat Major, Hob.XVI:41",2011,128.60029875,2011/MIDI-Unprocessed_03_R3_2011_MID--AUDIO_R3-D1_03_Track03_wav.midi,2011/MIDI-Unprocessed_03_R3_2011_MID--AUDIO_R3-D1_03_Track03_wav.wav,data\raw\maestro-v3.0.0\2011\MIDI-Unprocessed_03_R3_2011_MID--AUDIO_R3-D1_03_Track03_wav.midi,data\raw\maestro-v3.0.0\2011\MIDI-Unprocessed_03_R3_2011_MID--AUDIO_R3-D1_03_Track03_wav.wav,validation,joseph_haydn__sonata_in_b_flat_major_hob_xvi_41,Classical,1
track_000907,Joseph Haydn,"Sonata in C Major, Hob. XVI/50",2009,885.980684531,2009/MIDI-Unprocessed_12_R1_2009_03-05_ORIG_MID--AUDIO_12_R1_2009_12_R1_2009_03_WAV.midi,2009/MIDI-Unprocessed_12_R1_2009_03-05_ORIG_MID--AUDIO_12_R1_2009_12_R1_2009_03_WAV.wav,data\raw\maestro-v3.0.0\2009\MIDI-Unprocessed_12_R1_2009_03-05_ORIG_MID--AUDIO_12_R1_2009_12_R1_2009_03_WAV.midi,data\raw\maestro-v3.0.0\2009\MIDI-Unprocessed_12_R1_2009_03-05_ORIG_MID--AUDIO_12_R1_2009_12_R1_2009_03_WAV.wav,train,joseph_haydn__sonata_in_c_major_hob_xvi_50,Classical,1
track_000908,Joseph Haydn,"Sonata in C Major, Hob. XVI: 50, I. Allegro",2015,325.622916667,2015/MIDI-Unprocessed_R1_D2-13-20_mid--AUDIO-from_mp3_15_R1_2015_wav--3.midi,2015/MIDI-Unprocessed_R1_D2-13-20_mid--AUDIO-from_mp3_15_R1_2015_wav--3.wav,data\raw\maestro-v3.0.0\2015\MIDI-Unprocessed_R1_D2-13-20_mid--AUDIO-from_mp3_15_R1_2015_wav--3.midi,data\raw\maestro-v3.0.0\2015\MIDI-Unprocessed_R1_D2-13-20_mid--AUDIO-from_mp3_15_R1_2015_wav--3.wav,train,joseph_haydn__sonata_in_c_major_hob_xvi_50_i_allegro,Classical,1
track_000909,Joseph Haydn,"Sonata in C Major, Hob. XVI: 50, I. Allegro",2015,314.383333333,2015/MIDI-Unprocessed_R1_D2-21-22_mid--AUDIO-from_mp3_21_R1_2015_wav--2.midi,2015/MIDI-Unprocessed_R1_D2-21-22_mid--AUDIO-from_mp3_21_R1_2015_wav--2.wav,data\raw\maestro-v3.0.0\2015\MIDI-Unprocessed_R1_D2-21-22_mid--AUDIO-from_mp3_21_R1_2015_wav--2.midi,data\raw\maestro-v3.0.0\2015\MIDI-Unprocessed_R1_D2-21-22_mid--AUDIO-from_mp3_21_R1_2015_wav--2.wav,train,joseph_haydn__sonata_in_c_major_hob_xvi_50_i_allegro,Classical,1
track_000910,Joseph Haydn,"Sonata in C Major, Hob. XVI:48 (Complete)",2014,655.070124844,2014/MIDI-UNPROCESSED_06-08_R1_2014_MID--AUDIO_08_R1_2014_wav--1.midi,2014/MIDI-UNPROCESSED_06-08_R1_2014_MID--AUDIO_08_R1_2014_wav--1.wav,data\raw\maestro-v3.0.0\2014\MIDI-UNPROCESSED_06-08_R1_2014_MID--AUDIO_08_R1_2014_wav--1.midi,data\raw\maestro-v3.0.0\2014\MIDI-UNPROCESSED_06-08_R1_2014_MID--AUDIO_08_R1_2014_wav--1.wav,train,joseph_haydn__sonata_in_c_major_hob_xvi_48_complete,Classical,1
track_000911,Joseph Haydn,"Sonata in C Major, Hob. XVI:48 (Complete)",2014,705.326484844,2014/MIDI-UNPROCESSED_21-22_R1_2014_MID--AUDIO_22_R1_2014_wav--1.midi,2014/MIDI-UNPROCESSED_21-22_R1_2014_MID--AUDIO_22_R1_2014_wav--1.wav,data\raw\maestro-v3.0.0\2014\MIDI-UNPROCESSED_21-22_R1_2014_MID--AUDIO_22_R1_2014_wav--1.midi,data\raw\maestro-v3.0.0\2014\MIDI-UNPROCESSED_21-22_R1_2014_MID--AUDIO_22_R1_2014_wav--1.wav,train,joseph_haydn__sonata_in_c_major_hob_xvi_48_complete,Classical,1
track_000912,Joseph Haydn,"Sonata in C Major, Hob. XVI:50",2004,301.098470731,2004/MIDI-Unprocessed_SMF_13_01_2004_01-05_ORIG_MID--AUDIO_13_R1_2004_08_Track08_wav.midi,2004/MIDI-Unprocessed_SMF_13_01_2004_01-05_ORIG_MID--AUDIO_13_R1_2004_08_Track08_wav.wav,data\raw\maestro-v3.0.0\2004\MIDI-Unprocessed_SMF_13_01_2004_01-05_ORIG_MID--AUDIO_13_R1_2004_08_Track08_wav.midi,data\raw\maestro-v3.0.0\2004\MIDI-Unprocessed_SMF_13_01_2004_01-05_ORIG_MID--AUDIO_13_R1_2004_08_Track08_wav.wav,train,joseph_haydn__sonata_in_c_major_hob_xvi_50,Classical,1
track_000913,Joseph Haydn,"Sonata in C Major, Hob. XVI:50",2004,347.301325885,2004/MIDI-Unprocessed_SMF_13_01_2004_01-05_ORIG_MID--AUDIO_13_R1_2004_09_Track09_wav.midi,2004/MIDI-Unprocessed_SMF_13_01_2004_01-05_ORIG_MID--AUDIO_13_R1_2004_09_Track09_wav.wav,data\raw\maestro-v3.0.0\2004\MIDI-Unprocessed_SMF_13_01_2004_01-05_ORIG_MID--AUDIO_13_R1_2004_09_Track09_wav.midi,data\raw\maestro-v3.0.0\2004\MIDI-Unprocessed_SMF_13_01_2004_01-05_ORIG_MID--AUDIO_13_R1_2004_09_Track09_wav.wav,train,joseph_haydn__sonata_in_c_major_hob_xvi_50,Classical,1
track_000914,Joseph Haydn,"Sonata in C Major, Hob. XVI:50",2004,136.290196233,2004/MIDI-Unprocessed_SMF_13_01_2004_01-05_ORIG_MID--AUDIO_13_R1_2004_10_Track10_wav.midi,2004/MIDI-Unprocessed_SMF_13_01_2004_01-05_ORIG_MID--AUDIO_13_R1_2004_10_Track10_wav.wav,data\raw\maestro-v3.0.0\2004\MIDI-Unprocessed_SMF_13_01_2004_01-05_ORIG_MID--AUDIO_13_R1_2004_10_Track10_wav.midi,data\raw\maestro-v3.0.0\2004\MIDI-Unprocessed_SMF_13_01_2004_01-05_ORIG_MID--AUDIO_13_R1_2004_10_Track10_wav.wav,train,joseph_haydn__sonata_in_c_major_hob_xvi_50,Classical,1
track_000915,Joseph Haydn,"Sonata in C Major, Hob. XVI:50, 1st mov.",2013,290.9612475,2013/ORIG-MIDI_01_7_6_13_Group__MID--AUDIO_04_R1_2013_wav--2.midi,2013/ORIG-MIDI_01_7_6_13_Group__MID--AUDIO_04_R1_2013_wav--2.wav,data\raw\maestro-v3.0.0\2013\ORIG-MIDI_01_7_6_13_Group__MID--AUDIO_04_R1_2013_wav--2.midi,data\raw\maestro-v3.0.0\2013\ORIG-MIDI_01_7_6_13_Group__MID--AUDIO_04_R1_2013_wav--2.wav,train,joseph_haydn__sonata_in_c_major_hob_xvi_50_1st_mov,Classical,1
track_000916,Joseph Haydn,"Sonata in C Major, Hob. XVI:50, 1st mov.",2013,320.065117969,2013/ORIG-MIDI_02_7_7_13_Group__MID--AUDIO_17_R1_2013_wav--2.midi,2013/ORIG-MIDI_02_7_7_13_Group__MID--AUDIO_17_R1_2013_wav--2.wav,data\raw\maestro-v3.0.0\2013\ORIG-MIDI_02_7_7_13_Group__MID--AUDIO_17_R1_2013_wav--2.midi,data\raw\maestro-v3.0.0\2013\ORIG-MIDI_02_7_7_13_Group__MID--AUDIO_17_R1_2013_wav--2.wav,train,joseph_haydn__sonata_in_c_major_hob_xvi_50_1st_mov,Classical,1
track_000917,Joseph Haydn,"Sonata in C Major, Hob. XVI:50, First Movement",2008,325.782259688,2008/MIDI-Unprocessed_04_R1_2008_01-04_ORIG_MID--AUDIO_04_R1_2008_wav--2.midi,2008/MIDI-Unprocessed_04_R1_2008_01-04_ORIG_MID--AUDIO_04_R1_2008_wav--2.wav,data\raw\maestro-v3.0.0\2008\MIDI-Unprocessed_04_R1_2008_01-04_ORIG_MID--AUDIO_04_R1_2008_wav--2.midi,data\raw\maestro-v3.0.0\2008\MIDI-Unprocessed_04_R1_2008_01-04_ORIG_MID--AUDIO_04_R1_2008_wav--2.wav,train,joseph_haydn__sonata_in_c_major_hob_xvi_50_first_movement,Classical,1
track_000918,Joseph Haydn,"Sonata in C Minor, First Movement",2008,300.520532812,2008/MIDI-Unprocessed_12_R1_2008_01-04_ORIG_MID--AUDIO_12_R1_2008_wav--1.midi,2008/MIDI-Unprocessed_12_R1_2008_01-04_ORIG_MID--AUDIO_12_R1_2008_wav--1.wav,data\raw\maestro-v3.0.0\2008\MIDI-Unprocessed_12_R1_2008_01-04_ORIG_MID--AUDIO_12_R1_2008_wav--1.midi,data\raw\maestro-v3.0.0\2008\MIDI-Unprocessed_12_R1_2008_01-04_ORIG_MID--AUDIO_12_R1_2008_wav--1.wav,test,joseph_haydn__sonata_in_c_minor_first_movement,Classical,1
track_000919,Joseph Haydn,"Sonata in C Minor, Hob. XVI:20, 1st mov.",2013,317.5424175,2013/ORIG-MIDI_01_7_7_13_Group__MID--AUDIO_14_R1_2013_wav--2.midi,2013/ORIG-MIDI_01_7_7_13_Group__MID--AUDIO_14_R1_2013_wav--2.wav,data\raw\maestro-v3.0.0\2013\ORIG-MIDI_01_7_7_13_Group__MID--AUDIO_14_R1_2013_wav--2.midi,data\raw\maestro-v3.0.0\2013\ORIG-MIDI_01_7_7_13_Group__MID--AUDIO_14_R1_2013_wav--2.wav,test,joseph_haydn__sonata_in_c_minor_hob_xvi_20_1st_mov,Classical,1
track_000920,Joseph Haydn,"Sonata in C Minor, Hob. XVI:20, 1st mov.",2013,322.507690313,2013/ORIG-MIDI_02_7_7_13_Group__MID--AUDIO_19_R1_2013_wav--2.midi,2013/ORIG-MIDI_02_7_7_13_Group__MID--AUDIO_19_R1_2013_wav--2.wav,data\raw\maestro-v3.0.0\2013\ORIG-MIDI_02_7_7_13_Group__MID--AUDIO_19_R1_2013_wav--2.midi,data\raw\maestro-v3.0.0\2013\ORIG-MIDI_02_7_7_13_Group__MID--AUDIO_19_R1_2013_wav--2.wav,test,joseph_haydn__sonata_in_c_minor_hob_xvi_20_1st_mov,Classical,1
track_000921,Joseph Haydn,"Sonata in C major, Hob. XVI: 50",2018,809.594542969,2018/MIDI-Unprocessed_Recital8_MID--AUDIO_08_R1_2018_wav--1.midi,2018/MIDI-Unprocessed_Recital8_MID--AUDIO_08_R1_2018_wav--1.wav,data\raw\maestro-v3.0.0\2018\MIDI-Unprocessed_Recital8_MID--AUDIO_08_R1_2018_wav--1.midi,data\raw\maestro-v3.0.0\2018\MIDI-Unprocessed_Recital8_MID--AUDIO_08_R1_2018_wav--1.wav,train,joseph_haydn__sonata_in_c_major_hob_xvi_50,Classical,1
track_000922,Joseph Haydn,"Sonata in D Major, Hob. XVI:24",2004,208.260069392,2004/MIDI-Unprocessed_XP_19_R1_2004_01-02_ORIG_MID--AUDIO_19_R1_2004_01_Track01_wav.midi,2004/MIDI-Unprocessed_XP_19_R1_2004_01-02_ORIG_MID--AUDIO_19_R1_2004_01_Track01_wav.wav,data\raw\maestro-v3.0.0\2004\MIDI-Unprocessed_XP_19_R1_2004_01-02_ORIG_MID--AUDIO_19_R1_2004_01_Track01_wav.midi,data\raw\maestro-v3.0.0\2004\MIDI-Unprocessed_XP_19_R1_2004_01-02_ORIG_MID--AUDIO_19_R1_2004_01_Track01_wav.wav,validation,joseph_haydn__sonata_in_d_major_hob_xvi_24,Classical,1
track_000923,Joseph Haydn,"Sonata in D Major, Hob. XVI:24",2004,272.176547504,2004/MIDI-Unprocessed_XP_19_R1_2004_01-02_ORIG_MID--AUDIO_19_R1_2004_02_Track02_wav.midi,2004/MIDI-Unprocessed_XP_19_R1_2004_01-02_ORIG_MID--AUDIO_19_R1_2004_02_Track02_wav.wav,data\raw\maestro-v3.0.0\2004\MIDI-Unprocessed_XP_19_R1_2004_01-02_ORIG_MID--AUDIO_19_R1_2004_02_Track02_wav.midi,data\raw\maestro-v3.0.0\2004\MIDI-Unprocessed_XP_19_R1_2004_01-02_ORIG_MID--AUDIO_19_R1_2004_02_Track02_wav.wav,test,joseph_haydn__sonata_in_d_major_hob_xvi_24,Classical,1
track_000924,Joseph Haydn,"Sonata in E Major, Hob. XVI:31, First Movement",2008,190.071925313,2008/MIDI-Unprocessed_13_R1_2008_01-04_ORIG_MID--AUDIO_13_R1_2008_wav--2.midi,2008/MIDI-Unprocessed_13_R1_2008_01-04_ORIG_MID--AUDIO_13_R1_2008_wav--2.wav,data\raw\maestro-v3.0.0\2008\MIDI-Unprocessed_13_R1_2008_01-04_ORIG_MID--AUDIO_13_R1_2008_wav--2.midi,data\raw\maestro-v3.0.0\2008\MIDI-Unprocessed_13_R1_2008_01-04_ORIG_MID--AUDIO_13_R1_2008_wav--2.wav,train,joseph_haydn__sonata_in_e_major_hob_xvi_31_first_movement,Classical,1
track_000925,Joseph Haydn,"Sonata in E flat Major, Hob. XVI: 49, I. Allegro",2015,299.194791667,2015/MIDI-Unprocessed_R1_D1-1-8_mid--AUDIO-from_mp3_04_R1_2015_wav--2.midi,2015/MIDI-Unprocessed_R1_D1-1-8_mid--AUDIO-from_mp3_04_R1_2015_wav--2.wav,data\raw\maestro-v3.0.0\2015\MIDI-Unprocessed_R1_D1-1-8_mid--AUDIO-from_mp3_04_R1_2015_wav--2.midi,data\raw\maestro-v3.0.0\2015\MIDI-Unprocessed_R1_D1-1-8_mid--AUDIO-from_mp3_04_R1_2015_wav--2.wav,test,joseph_haydn__sonata_in_e_flat_major_hob_xvi_49_i_allegro,Classical,1
track_000926,Joseph Haydn,"Sonata in E-flat Major, Hob. XVI: 52, I. Allegro",2015,339.421875,2015/MIDI-Unprocessed_R1_D2-13-20_mid--AUDIO-from_mp3_14_R1_2015_wav--2.midi,2015/MIDI-Unprocessed_R1_D2-13-20_mid--AUDIO-from_mp3_14_R1_2015_wav--2.wav,data\raw\maestro-v3.0.0\2015\MIDI-Unprocessed_R1_D2-13-20_mid--AUDIO-from_mp3_14_R1_2015_wav--2.midi,data\raw\maestro-v3.0.0\2015\MIDI-Unprocessed_R1_D2-13-20_mid--AUDIO-from_mp3_14_R1_2015_wav--2.wav,train,joseph_haydn__sonata_in_e_flat_major_hob_xvi_52_i_allegro,Classical,1
track_000927,Joseph Haydn,"Sonata in E-flat Major, Hob. XVI:52, 1st mov.",2013,334.624398281,2013/ORIG-MIDI_02_7_7_13_Group__MID--AUDIO_15_R1_2013_wav--2.midi,2013/ORIG-MIDI_02_7_7_13_Group__MID--AUDIO_15_R1_2013_wav--2.wav,data\raw\maestro-v3.0.0\2013\ORIG-MIDI_02_7_7_13_Group__MID--AUDIO_15_R1_2013_wav--2.midi,data\raw\maestro-v3.0.0\2013\ORIG-MIDI_02_7_7_13_Group__MID--AUDIO_15_R1_2013_wav--2.wav,train,joseph_haydn__sonata_in_e_flat_major_hob_xvi_52_1st_mov,Classical,1
track_000928,Joseph Haydn,"Sonata in E-flat Major, Hob. XVI:52, First Movement",2008,330.897105,2008/MIDI-Unprocessed_16_R1_2008_01-04_ORIG_MID--AUDIO_16_R1_2008_wav--2.midi,2008/MIDI-Unprocessed_16_R1_2008_01-04_ORIG_MID--AUDIO_16_R1_2008_wav--2.wav,data\raw\maestro-v3.0.0\2008\MIDI-Unprocessed_16_R1_2008_01-04_ORIG_MID--AUDIO_16_R1_2008_wav--2.midi,data\raw\maestro-v3.0.0\2008\MIDI-Unprocessed_16_R1_2008_01-04_ORIG_MID--AUDIO_16_R1_2008_wav--2.wav,train,joseph_haydn__sonata_in_e_flat_major_hob_xvi_52_first_movement,Classical,1
track_000929,Joseph Haydn,"Sonata in E-flat Major, Hob. XVI:52, First Movement",2011,326.69839125,2011/MIDI-Unprocessed_01_R1_2011_MID--AUDIO_R1-D1_04_Track04_wav.midi,2011/MIDI-Unprocessed_01_R1_2011_MID--AUDIO_R1-D1_04_Track04_wav.wav,data\raw\maestro-v3.0.0\2011\MIDI-Unprocessed_01_R1_2011_MID--AUDIO_R1-D1_04_Track04_wav.midi,data\raw\maestro-v3.0.0\2011\MIDI-Unprocessed_01_R1_2011_MID--AUDIO_R1-D1_04_Track04_wav.wav,train,joseph_haydn__sonata_in_e_flat_major_hob_xvi_52_first_movement,Classical,1
track_000930,Joseph Haydn,"Sonata in E-flat Major, Hob. XVI:52, First Movement",2011,330.695449219,2011/MIDI-Unprocessed_12_R1_2011_MID--AUDIO_R1-D4_13_Track13_wav.midi,2011/MIDI-Unprocessed_12_R1_2011_MID--AUDIO_R1-D4_13_Track13_wav.wav,data\raw\maestro-v3.0.0\2011\MIDI-Unprocessed_12_R1_2011_MID--AUDIO_R1-D4_13_Track13_wav.midi,data\raw\maestro-v3.0.0\2011\MIDI-Unprocessed_12_R1_2011_MID--AUDIO_R1-D4_13_Track13_wav.wav,train,joseph_haydn__sonata_in_e_flat_major_hob_xvi_52_first_movement,Classical,1
track_000931,Joseph Haydn,"Sonata in E-flat major, Hob. XVI:52, I. Allegro",2017,341.064568092,2017/MIDI-Unprocessed_054_PIANO054_MID--AUDIO-split_07-07-17_Piano-e_1-02_wav--2.midi,2017/MIDI-Unprocessed_054_PIANO054_MID--AUDIO-split_07-07-17_Piano-e_1-02_wav--2.wav,data\raw\maestro-v3.0.0\2017\MIDI-Unprocessed_054_PIANO054_MID--AUDIO-split_07-07-17_Piano-e_1-02_wav--2.midi,data\raw\maestro-v3.0.0\2017\MIDI-Unprocessed_054_PIANO054_MID--AUDIO-split_07-07-17_Piano-e_1-02_wav--2.wav,train,joseph_haydn__sonata_in_e_flat_major_hob_xvi_52_i_allegro,Classical,1
track_000932,Joseph Haydn,"Sonata in F Major, Hob. XVI:23",2018,945.389011875,2018/MIDI-Unprocessed_Recital5-7_MID--AUDIO_07_R1_2018_wav--1.midi,2018/MIDI-Unprocessed_Recital5-7_MID--AUDIO_07_R1_2018_wav--1.wav,data\raw\maestro-v3.0.0\2018\MIDI-Unprocessed_Recital5-7_MID--AUDIO_07_R1_2018_wav--1.midi,data\raw\maestro-v3.0.0\2018\MIDI-Unprocessed_Recital5-7_MID--AUDIO_07_R1_2018_wav--1.wav,train,joseph_haydn__sonata_in_f_major_hob_xvi_23,Classical,1
track_000933,Joseph Haydn,"Sonata in G Major, Hob. XVI:6, First Movement",2011,186.908199844,2011/MIDI-Unprocessed_05_R1_2011_MID--AUDIO_R1-D2_10_Track10_wav.midi,2011/MIDI-Unprocessed_05_R1_2011_MID--AUDIO_R1-D2_10_Track10_wav.wav,data\raw\maestro-v3.0.0\2011\MIDI-Unprocessed_05_R1_2011_MID--AUDIO_R1-D2_10_Track10_wav.midi,data\raw\maestro-v3.0.0\2011\MIDI-Unprocessed_05_R1_2011_MID--AUDIO_R1-D2_10_Track10_wav.wav,test,joseph_haydn__sonata_in_g_major_hob_xvi_6_first_movement,Classical,1
track_000934,Joseph Haydn,"Sonata in in F Major, Hob. XVI: 23, I. Allegro moderato",2015,207.125,2015/MIDI-Unprocessed_R1_D1-1-8_mid--AUDIO-from_mp3_02_R1_2015_wav--2.midi,2015/MIDI-Unprocessed_R1_D1-1-8_mid--AUDIO-from_mp3_02_R1_2015_wav--2.wav,data\raw\maestro-v3.0.0\2015\MIDI-Unprocessed_R1_D1-1-8_mid--AUDIO-from_mp3_02_R1_2015_wav--2.midi,data\raw\maestro-v3.0.0\2015\MIDI-Unprocessed_R1_D1-1-8_mid--AUDIO-from_mp3_02_R1_2015_wav--2.wav,train,joseph_haydn__sonata_in_in_f_major_hob_xvi_23_i_allegro_moderato,Classical,1
track_000939,Ludwig van Beethoven,"15 Variations and Fugue in Eb on an Original Theme ('Eroica Variations'), Op.35",2004,1402.55462314,2004/MIDI-Unprocessed_SMF_13_01_2004_01-05_ORIG_MID--AUDIO_13_R1_2004_05_Track05_wav.midi,2004/MIDI-Unprocessed_SMF_13_01_2004_01-05_ORIG_MID--AUDIO_13_R1_2004_05_Track05_wav.wav,data\raw\maestro-v3.0.0\2004\MIDI-Unprocessed_SMF_13_01_2004_01-05_ORIG_MID--AUDIO_13_R1_2004_05_Track05_wav.midi,data\raw\maestro-v3.0.0\2004\MIDI-Unprocessed_SMF_13_01_2004_01-05_ORIG_MID--AUDIO_13_R1_2004_05_Track05_wav.wav,validation,ludwig_van_beethoven__15_variations_and_fugue_in_eb_on_an_original_theme_eroica_variations_op_35,Classical,1
track_000940,Ludwig van Beethoven,"Andante favori in F Major, WoO 57",2018,524.024582813,2018/MIDI-Unprocessed_Chamber6_MID--AUDIO_20_R3_2018_wav--1.midi,2018/MIDI-Unprocessed_Chamber6_MID--AUDIO_20_R3_2018_wav--1.wav,data\raw\maestro-v3.0.0\2018\MIDI-Unprocessed_Chamber6_MID--AUDIO_20_R3_2018_wav--1.midi,data\raw\maestro-v3.0.0\2018\MIDI-Unprocessed_Chamber6_MID--AUDIO_20_R3_2018_wav--1.wav,validation,ludwig_van_beethoven__andante_favori_in_f_major_woo_57,Classical,1
track_000941,Ludwig van Beethoven,Bagatelles Op126,2006,1108.03708641,2006/MIDI-Unprocessed_11_R1_2006_01-06_ORIG_MID--AUDIO_11_R1_2006_02_Track02_wav.midi,2006/MIDI-Unprocessed_11_R1_2006_01-06_ORIG_MID--AUDIO_11_R1_2006_02_Track02_wav.wav,data\raw\maestro-v3.0.0\2006\MIDI-Unprocessed_11_R1_2006_01-06_ORIG_MID--AUDIO_11_R1_2006_02_Track02_wav.midi,data\raw\maestro-v3.0.0\2006\MIDI-Unprocessed_11_R1_2006_01-06_ORIG_MID--AUDIO_11_R1_2006_02_Track02_wav.wav,train,ludwig_van_beethoven__bagatelles_op126,Classical,1
track_000942,Ludwig van Beethoven,"Bagatelles, Op. 126 (Complete)",2014,1158.83297578,2014/MIDI-UNPROCESSED_04-08-12_R3_2014_MID--AUDIO_12_R3_2014_wav--1.midi,2014/MIDI-UNPROCESSED_04-08-12_R3_2014_MID--AUDIO_12_R3_2014_wav--1.wav,data\raw\maestro-v3.0.0\2014\MIDI-UNPROCESSED_04-08-12_R3_2014_MID--AUDIO_12_R3_2014_wav--1.midi,data\raw\maestro-v3.0.0\2014\MIDI-UNPROCESSED_04-08-12_R3_2014_MID--AUDIO_12_R3_2014_wav--1.wav,train,ludwig_van_beethoven__bagatelles_op_126_complete,Classical,1
track_000943,Ludwig van Beethoven,"Bagtellen, Op.126",2009,1136.37306234,2009/MIDI-Unprocessed_10_R1_2009_01-02_ORIG_MID--AUDIO_10_R1_2009_10_R1_2009_02_WAV.midi,2009/MIDI-Unprocessed_10_R1_2009_01-02_ORIG_MID--AUDIO_10_R1_2009_10_R1_2009_02_WAV.wav,data\raw\maestro-v3.0.0\2009\MIDI-Unprocessed_10_R1_2009_01-02_ORIG_MID--AUDIO_10_R1_2009_10_R1_2009_02_WAV.midi,data\raw\maestro-v3.0.0\2009\MIDI-Unprocessed_10_R1_2009_01-02_ORIG_MID--AUDIO_10_R1_2009_10_R1_2009_02_WAV.wav,train,ludwig_van_beethoven__bagtellen_op_126,Classical,1
track_000944,Ludwig van Beethoven,"Eroica Variations, Op. 35",2004,1314.69697633,2004/MIDI-Unprocessed_XP_10_R1_2004_01-02_ORIG_MID--AUDIO_10_R1_2004_02_Track02_wav.midi,2004/MIDI-Unprocessed_XP_10_R1_2004_01-02_ORIG_MID--AUDIO_10_R1_2004_02_Track02_wav.wav,data\raw\maestro-v3.0.0\2004\MIDI-Unprocessed_XP_10_R1_2004_01-02_ORIG_MID--AUDIO_10_R1_2004_02_Track02_wav.midi,data\raw\maestro-v3.0.0\2004\MIDI-Unprocessed_XP_10_R1_2004_01-02_ORIG_MID--AUDIO_10_R1_2004_02_Track02_wav.wav,validation,ludwig_van_beethoven__eroica_variations_op_35,Classical,1
track_000945,Ludwig van Beethoven,"Fantasia, Op. 77",2014,527.932164375,2014/MIDI-UNPROCESSED_14-15_R1_2014_MID--AUDIO_15_R1_2014_wav--1.midi,2014/MIDI-UNPROCESSED_14-15_R1_2014_MID--AUDIO_15_R1_2014_wav--1.wav,data\raw\maestro-v3.0.0\2014\MIDI-UNPROCESSED_14-15_R1_2014_MID--AUDIO_15_R1_2014_wav--1.midi,data\raw\maestro-v3.0.0\2014\MIDI-UNPROCESSED_14-15_R1_2014_MID--AUDIO_15_R1_2014_wav--1.wav,train,ludwig_van_beethoven__fantasia_op_77,Classical,1
track_000946,Ludwig van Beethoven,"Rondo a capriccioso ""Rage over a Lost Penny"", Op. 129",2018,359.744565469,2018/MIDI-Unprocessed_Recital13-15_MID--AUDIO_14_R1_2018_wav--3.midi,2018/MIDI-Unprocessed_Recital13-15_MID--AUDIO_14_R1_2018_wav--3.wav,data\raw\maestro-v3.0.0\2018\MIDI-Unprocessed_Recital13-15_MID--AUDIO_14_R1_2018_wav--3.midi,data\raw\maestro-v3.0.0\2018\MIDI-Unprocessed_Recital13-15_MID--AUDIO_14_R1_2018_wav--3.wav,test,ludwig_van_beethoven__rondo_a_capriccioso_rage_over_a_lost_penny_op_129,Classical,1
track_000947,Ludwig van Beethoven,"Rondo, Op. 129",2014,338.34367875,2014/MIDI-UNPROCESSED_14-15_R1_2014_MID--AUDIO_15_R1_2014_wav--2.midi,2014/MIDI-UNPROCESSED_14-15_R1_2014_MID--AUDIO_15_R1_2014_wav--2.wav,data\raw\maestro-v3.0.0\2014\MIDI-UNPROCESSED_14-15_R1_2014_MID--AUDIO_15_R1_2014_wav--2.midi,data\raw\maestro-v3.0.0\2014\MIDI-UNPROCESSED_14-15_R1_2014_MID--AUDIO_15_R1_2014_wav--2.wav,test,ludwig_van_beethoven__rondo_op_129,Classical,1
track_000948,Ludwig van Beethoven,"Sonata No. 10 in G Major, Op. 14 No. 2, First Movement",2011,278.940693281,2011/MIDI-Unprocessed_09_R1_2011_MID--AUDIO_R1-D3_13_Track13_wav.midi,2011/MIDI-Unprocessed_09_R1_2011_MID--AUDIO_R1-D3_13_Track13_wav.wav,data\raw\maestro-v3.0.0\2011\MIDI-Unprocessed_09_R1_2011_MID--AUDIO_R1-D3_13_Track13_wav.midi,data\raw\maestro-v3.0.0\2011\MIDI-Unprocessed_09_R1_2011_MID--AUDIO_R1-D3_13_Track13_wav.wav,test,ludwig_van_beethoven__sonata_no_10_in_g_major_op_14_no_2_first_movement,Classical,1
track_000949,Ludwig van Beethoven,"Sonata No. 11 in B-flat Major, Op. 22, I. Allegro con brio",2015,336.258333333,2015/MIDI-Unprocessed_R1_D1-1-8_mid--AUDIO-from_mp3_03_R1_2015_wav--3.midi,2015/MIDI-Unprocessed_R1_D1-1-8_mid--AUDIO-from_mp3_03_R1_2015_wav--3.wav,data\raw\maestro-v3.0.0\2015\MIDI-Unprocessed_R1_D1-1-8_mid--AUDIO-from_mp3_03_R1_2015_wav--3.midi,data\raw\maestro-v3.0.0\2015\MIDI-Unprocessed_R1_D1-1-8_mid--AUDIO-from_mp3_03_R1_2015_wav--3.wav,validation,ludwig_van_beethoven__sonata_no_11_in_b_flat_major_op_22_i_allegro_con_brio,Classical,1
track_000950,Ludwig van Beethoven,"Sonata No. 11 in B-flat Major, Op. 22, I. Allegro con brio",2015,318.44375,2015/MIDI-Unprocessed_R1_D2-13-20_mid--AUDIO-from_mp3_13_R1_2015_wav--2.midi,2015/MIDI-Unprocessed_R1_D2-13-20_mid--AUDIO-from_mp3_13_R1_2015_wav--2.wav,data\raw\maestro-v3.0.0\2015\MIDI-Unprocessed_R1_D2-13-20_mid--AUDIO-from_mp3_13_R1_2015_wav--2.midi,data\raw\maestro-v3.0.0\2015\MIDI-Unprocessed_R1_D2-13-20_mid--AUDIO-from_mp3_13_R1_2015_wav--2.wav,validation,ludwig_van_beethoven__sonata_no_11_in_b_flat_major_op_22_i_allegro_con_brio,Classical,1
track_000951,Ludwig van Beethoven,"Sonata No. 11 in E-flat Major, Op. 22 (Complete)",2014,1320.41401078,2014/MIDI-UNPROCESSED_16-18_R1_2014_MID--AUDIO_16_R1_2014_wav--2.midi,2014/MIDI-UNPROCESSED_16-18_R1_2014_MID--AUDIO_16_R1_2014_wav--2.wav,data\raw\maestro-v3.0.0\2014\MIDI-UNPROCESSED_16-18_R1_2014_MID--AUDIO_16_R1_2014_wav--2.midi,data\raw\maestro-v3.0.0\2014\MIDI-UNPROCESSED_16-18_R1_2014_MID--AUDIO_16_R1_2014_wav--2.wav,validation,ludwig_van_beethoven__sonata_no_11_in_e_flat_major_op_22_complete,Classical,1
track_000952,Ludwig van Beethoven,"Sonata No. 11, Op. 22 in B-flat Major, I. Allegro con brio",2017,321.794363371,2017/MIDI-Unprocessed_058_PIANO058_MID--AUDIO-split_07-07-17_Piano-e_2-02_wav--3.midi,2017/MIDI-Unprocessed_058_PIANO058_MID--AUDIO-split_07-07-17_Piano-e_2-02_wav--3.wav,data\raw\maestro-v3.0.0\2017\MIDI-Unprocessed_058_PIANO058_MID--AUDIO-split_07-07-17_Piano-e_2-02_wav--3.midi,data\raw\maestro-v3.0.0\2017\MIDI-Unprocessed_058_PIANO058_MID--AUDIO-split_07-07-17_Piano-e_2-02_wav--3.wav,validation,ludwig_van_beethoven__sonata_no_11_op_22_in_b_flat_major_i_allegro_con_brio,Classical,1
track_000953,Ludwig van Beethoven,"Sonata No. 12 in A-flat Major, Op. 26, First Movement",2008,405.62993625,2008/MIDI-Unprocessed_06_R1_2008_01-04_ORIG_MID--AUDIO_06_R1_2008_wav--2.midi,2008/MIDI-Unprocessed_06_R1_2008_01-04_ORIG_MID--AUDIO_06_R1_2008_wav--2.wav,data\raw\maestro-v3.0.0\2008\MIDI-Unprocessed_06_R1_2008_01-04_ORIG_MID--AUDIO_06_R1_2008_wav--2.midi,data\raw\maestro-v3.0.0\2008\MIDI-Unprocessed_06_R1_2008_01-04_ORIG_MID--AUDIO_06_R1_2008_wav--2.wav,test,ludwig_van_beethoven__sonata_no_12_in_a_flat_major_op_26_first_movement,Classical,1
track_000954,Ludwig van Beethoven,"Sonata No. 15 in D Major, Op. 28, I. Allegro",2017,454.737088017,2017/MIDI-Unprocessed_044_PIANO044_MID--AUDIO-split_07-06-17_Piano-e_1-04_wav--2.midi,2017/MIDI-Unprocessed_044_PIANO044_MID--AUDIO-split_07-06-17_Piano-e_1-04_wav--2.wav,data\raw\maestro-v3.0.0\2017\MIDI-Unprocessed_044_PIANO044_MID--AUDIO-split_07-06-17_Piano-e_1-04_wav--2.midi,data\raw\maestro-v3.0.0\2017\MIDI-Unprocessed_044_PIANO044_MID--AUDIO-split_07-06-17_Piano-e_1-04_wav--2.wav,test,ludwig_van_beethoven__sonata_no_15_in_d_major_op_28_i_allegro,Classical,1
track_000955,Ludwig van Beethoven,"Sonata No. 16 Op. 31 No. 1 in G Major, I. Allegro vivace",2017,281.444133737,2017/MIDI-Unprocessed_046_PIANO046_MID--AUDIO-split_07-06-17_Piano-e_2-02_wav--2.midi,2017/MIDI-Unprocessed_046_PIANO046_MID--AUDIO-split_07-06-17_Piano-e_2-02_wav--2.wav,data\raw\maestro-v3.0.0\2017\MIDI-Unprocessed_046_PIANO046_MID--AUDIO-split_07-06-17_Piano-e_2-02_wav--2.midi,data\raw\maestro-v3.0.0\2017\MIDI-Unprocessed_046_PIANO046_MID--AUDIO-split_07-06-17_Piano-e_2-02_wav--2.wav,test,ludwig_van_beethoven__sonata_no_16_op_31_no_1_in_g_major_i_allegro_vivace,Classical,1
track_000956,Ludwig van Beethoven,"Sonata No. 16 Op. 31 No. 1 in G Major, I. Allegro vivace",2017,306.104269312,2017/MIDI-Unprocessed_049_PIANO049_MID--AUDIO-split_07-06-17_Piano-e_2-06_wav--2.midi,2017/MIDI-Unprocessed_049_PIANO049_MID--AUDIO-split_07-06-17_Piano-e_2-06_wav--2.wav,data\raw\maestro-v3.0.0\2017\MIDI-Unprocessed_049_PIANO049_MID--AUDIO-split_07-06-17_Piano-e_2-06_wav--2.midi,data\raw\maestro-v3.0.0\2017\MIDI-Unprocessed_049_PIANO049_MID--AUDIO-split_07-06-17_Piano-e_2-06_wav--2.wav,test,ludwig_van_beethoven__sonata_no_16_op_31_no_1_in_g_major_i_allegro_vivace,Classical,1
track_000957,Ludwig van Beethoven,"Sonata No. 16 in G Major, Op. 31 No. 1, First Movement",2008,283.811147812,2008/MIDI-Unprocessed_05_R1_2008_01-04_ORIG_MID--AUDIO_05_R1_2008_wav--2.midi,2008/MIDI-Unprocessed_05_R1_2008_01-04_ORIG_MID--AUDIO_05_R1_2008_wav--2.wav,data\raw\maestro-v3.0.0\2008\MIDI-Unprocessed_05_R1_2008_01-04_ORIG_MID--AUDIO_05_R1_2008_wav--2.midi,data\raw\maestro-v3.0.0\2008\MIDI-Unprocessed_05_R1_2008_01-04_ORIG_MID--AUDIO_05_R1_2008_wav--2.wav,test,ludwig_van_beethoven__sonata_no_16_in_g_major_op_31_no_1_first_movement,Classical,1
track_000958,Ludwig van Beethoven,"Sonata No. 16 in G Major, Op. 31 No. 1, First movement",2008,277.578515156,2008/MIDI-Unprocessed_17_R1_2008_01-04_ORIG_MID--AUDIO_17_R1_2008_wav--2.midi,2008/MIDI-Unprocessed_17_R1_2008_01-04_ORIG_MID--AUDIO_17_R1_2008_wav--2.wav,data\raw\maestro-v3.0.0\2008\MIDI-Unprocessed_17_R1_2008_01-04_ORIG_MID--AUDIO_17_R1_2008_wav--2.midi,data\raw\maestro-v3.0.0\2008\MIDI-Unprocessed_17_R1_2008_01-04_ORIG_MID--AUDIO_17_R1_2008_wav--2.wav,test,ludwig_van_beethoven__sonata_no_16_in_g_major_op_31_no_1_first_movement,Classical,1
track_000959,Ludwig van Beethoven,"Sonata No. 16 in G Major, Op. 31 No. 1, I. and II. ",2015,876.420833333,2015/MIDI-Unprocessed_R1_D1-1-8_mid--AUDIO-from_mp3_06_R1_2015_wav--2.midi,2015/MIDI-Unprocessed_R1_D1-1-8_mid--AUDIO-from_mp3_06_R1_2015_wav--2.wav,data\raw\maestro-v3.0.0\2015\MIDI-Unprocessed_R1_D1-1-8_mid--AUDIO-from_mp3_06_R1_2015_wav--2.midi,data\raw\maestro-v3.0.0\2015\MIDI-Unprocessed_R1_D1-1-8_mid--AUDIO-from_mp3_06_R1_2015_wav--2.wav,test,ludwig_van_beethoven__sonata_no_16_in_g_major_op_31_no_1_i_and_ii,Classical,1
track_000960,Ludwig van Beethoven,"Sonata No. 17 in D Minor, Op. 31 No. 2, 1st Movement",2011,451.611460781,2011/MIDI-Unprocessed_19_R1_2011_MID--AUDIO_R1-D7_13_Track13_wav.midi,2011/MIDI-Unprocessed_19_R1_2011_MID--AUDIO_R1-D7_13_Track13_wav.wav,data\raw\maestro-v3.0.0\2011\MIDI-Unprocessed_19_R1_2011_MID--AUDIO_R1-D7_13_Track13_wav.midi,data\raw\maestro-v3.0.0\2011\MIDI-Unprocessed_19_R1_2011_MID--AUDIO_R1-D7_13_Track13_wav.wav,train,ludwig_van_beethoven__sonata_no_17_in_d_minor_op_31_no_2_1st_movement,Classical,1
track_000961,Ludwig van Beethoven,"Sonata No. 17 in D Minor, Op. 31 No. 2, First Movement",2011,397.774709062,2011/MIDI-Unprocessed_08_R1_2011_MID--AUDIO_R1-D3_08_Track08_wav.midi,2011/MIDI-Unprocessed_08_R1_2011_MID--AUDIO_R1-D3_08_Track08_wav.wav,data\raw\maestro-v3.0.0\2011\MIDI-Unprocessed_08_R1_2011_MID--AUDIO_R1-D3_08_Track08_wav.midi,data\raw\maestro-v3.0.0\2011\MIDI-Unprocessed_08_R1_2011_MID--AUDIO_R1-D3_08_Track08_wav.wav,train,ludwig_van_beethoven__sonata_no_17_in_d_minor_op_31_no_2_first_movement,Classical,1
track_000962,Ludwig van Beethoven,"Sonata No. 17 in D Minor, Op. 31 No. 2, First Movement",2011,360.045045937,2011/MIDI-Unprocessed_15_R1_2011_MID--AUDIO_R1-D6_08_Track08_wav.midi,2011/MIDI-Unprocessed_15_R1_2011_MID--AUDIO_R1-D6_08_Track08_wav.wav,data\raw\maestro-v3.0.0\2011\MIDI-Unprocessed_15_R1_2011_MID--AUDIO_R1-D6_08_Track08_wav.midi,data\raw\maestro-v3.0.0\2011\MIDI-Unprocessed_15_R1_2011_MID--AUDIO_R1-D6_08_Track08_wav.wav,train,ludwig_van_beethoven__sonata_no_17_in_d_minor_op_31_no_2_first_movement,Classical,1
track_000963,Ludwig van Beethoven,"Sonata No. 17 in D minor, Op. 31 No. 2, 1st mov.",2013,340.150567969,2013/ORIG-MIDI_02_7_6_13_Group__MID--AUDIO_08_R1_2013_wav--2.midi,2013/ORIG-MIDI_02_7_6_13_Group__MID--AUDIO_08_R1_2013_wav--2.wav,data\raw\maestro-v3.0.0\2013\ORIG-MIDI_02_7_6_13_Group__MID--AUDIO_08_R1_2013_wav--2.midi,data\raw\maestro-v3.0.0\2013\ORIG-MIDI_02_7_6_13_Group__MID--AUDIO_08_R1_2013_wav--2.wav,train,ludwig_van_beethoven__sonata_no_17_in_d_minor_op_31_no_2_1st_mov,Classical,1
track_000964,Ludwig van Beethoven,"Sonata No. 17, Op. 31 No. 2 in D Minor ""Tempest"", I. Largo-Allegro",2017,376.117815133,2017/MIDI-Unprocessed_050_PIANO050_MID--AUDIO-split_07-06-17_Piano-e_3-01_wav--2.midi,2017/MIDI-Unprocessed_050_PIANO050_MID--AUDIO-split_07-06-17_Piano-e_3-01_wav--2.wav,data\raw\maestro-v3.0.0\2017\MIDI-Unprocessed_050_PIANO050_MID--AUDIO-split_07-06-17_Piano-e_3-01_wav--2.midi,data\raw\maestro-v3.0.0\2017\MIDI-Unprocessed_050_PIANO050_MID--AUDIO-split_07-06-17_Piano-e_3-01_wav--2.wav,train,ludwig_van_beethoven__sonata_no_17_op_31_no_2_in_d_minor_tempest_i_largo_allegro,Classical,1
track_000965,Ludwig van Beethoven,"Sonata No. 17, Op. 31 No. 2 in D Minor ""Tempest"", I. Largo-Allegro",2017,380.419076108,2017/MIDI-Unprocessed_053_PIANO053_MID--AUDIO-split_07-06-17_Piano-e_3-04_wav--3.midi,2017/MIDI-Unprocessed_053_PIANO053_MID--AUDIO-split_07-06-17_Piano-e_3-04_wav--3.wav,data\raw\maestro-v3.0.0\2017\MIDI-Unprocessed_053_PIANO053_MID--AUDIO-split_07-06-17_Piano-e_3-04_wav--3.midi,data\raw\maestro-v3.0.0\2017\MIDI-Unprocessed_053_PIANO053_MID--AUDIO-split_07-06-17_Piano-e_3-04_wav--3.wav,train,ludwig_van_beethoven__sonata_no_17_op_31_no_2_in_d_minor_tempest_i_largo_allegro,Classical,1
track_000966,Ludwig van Beethoven,"Sonata No. 17, Op. 31 No. 2 in D Minor ""Tempest"", I. Largo-Allegro",2017,355.351891246,2017/MIDI-Unprocessed_055_PIANO055_MID--AUDIO-split_07-07-17_Piano-e_1-04_wav--2.midi,2017/MIDI-Unprocessed_055_PIANO055_MID--AUDIO-split_07-07-17_Piano-e_1-04_wav--2.wav,data\raw\maestro-v3.0.0\2017\MIDI-Unprocessed_055_PIANO055_MID--AUDIO-split_07-07-17_Piano-e_1-04_wav--2.midi,data\raw\maestro-v3.0.0\2017\MIDI-Unprocessed_055_PIANO055_MID--AUDIO-split_07-07-17_Piano-e_1-04_wav--2.wav,train,ludwig_van_beethoven__sonata_no_17_op_31_no_2_in_d_minor_tempest_i_largo_allegro,Classical,1
track_000967,Ludwig van Beethoven,"Sonata No. 17, Op. 31 No. 2 in D Minor ""Tempest"", I. Largo-Allegro",2017,384.556876346,2017/MIDI-Unprocessed_057_PIANO057_MID--AUDIO-split_07-07-17_Piano-e_1-07_wav--2.midi,2017/MIDI-Unprocessed_057_PIANO057_MID--AUDIO-split_07-07-17_Piano-e_1-07_wav--2.wav,data\raw\maestro-v3.0.0\2017\MIDI-Unprocessed_057_PIANO057_MID--AUDIO-split_07-07-17_Piano-e_1-07_wav--2.midi,data\raw\maestro-v3.0.0\2017\MIDI-Unprocessed_057_PIANO057_MID--AUDIO-split_07-07-17_Piano-e_1-07_wav--2.wav,train,ludwig_van_beethoven__sonata_no_17_op_31_no_2_in_d_minor_tempest_i_largo_allegro,Classical,1
track_000968,Ludwig van Beethoven,"Sonata No. 18 in E-flat Major, Op. 31 No. 3, First Movement",2008,351.670321406,2008/MIDI-Unprocessed_09_R1_2008_01-05_ORIG_MID--AUDIO_09_R1_2008_wav--2.midi,2008/MIDI-Unprocessed_09_R1_2008_01-05_ORIG_MID--AUDIO_09_R1_2008_wav--2.wav,data\raw\maestro-v3.0.0\2008\MIDI-Unprocessed_09_R1_2008_01-05_ORIG_MID--AUDIO_09_R1_2008_wav--2.midi,data\raw\maestro-v3.0.0\2008\MIDI-Unprocessed_09_R1_2008_01-05_ORIG_MID--AUDIO_09_R1_2008_wav--2.wav,test,ludwig_van_beethoven__sonata_no_18_in_e_flat_major_op_31_no_3_first_movement,Classical,1
track_000969,Ludwig van Beethoven,"Sonata No. 18 in E-flat Major, Op. 31 No. 3, First Movement",2008,352.347404063,2008/MIDI-Unprocessed_18_R1_2008_01-04_ORIG_MID--AUDIO_18_R1_2008_wav--2.midi,2008/MIDI-Unprocessed_18_R1_2008_01-04_ORIG_MID--AUDIO_18_R1_2008_wav--2.wav,data\raw\maestro-v3.0.0\2008\MIDI-Unprocessed_18_R1_2008_01-04_ORIG_MID--AUDIO_18_R1_2008_wav--2.midi,data\raw\maestro-v3.0.0\2008\MIDI-Unprocessed_18_R1_2008_01-04_ORIG_MID--AUDIO_18_R1_2008_wav--2.wav,test,ludwig_van_beethoven__sonata_no_18_in_e_flat_major_op_31_no_3_first_movement,Classical,1
track_000970,Ludwig van Beethoven,"Sonata No. 18 in E-flat Major, Op. 31, No. 3 (Complete)",2014,1206.21807797,2014/MIDI-UNPROCESSED_04-05_R1_2014_MID--AUDIO_04_R1_2014_wav--2.midi,2014/MIDI-UNPROCESSED_04-05_R1_2014_MID--AUDIO_04_R1_2014_wav--2.wav,data\raw\maestro-v3.0.0\2014\MIDI-UNPROCESSED_04-05_R1_2014_MID--AUDIO_04_R1_2014_wav--2.midi,data\raw\maestro-v3.0.0\2014\MIDI-UNPROCESSED_04-05_R1_2014_MID--AUDIO_04_R1_2014_wav--2.wav,test,ludwig_van_beethoven__sonata_no_18_in_e_flat_major_op_31_no_3_complete,Classical,1
track_000971,Ludwig van Beethoven,"Sonata No. 18, Op. 31 No. 3 in E-flat Major, I. Allegro",2017,353.245063963,2017/MIDI-Unprocessed_066_PIANO066_MID--AUDIO-split_07-07-17_Piano-e_3-02_wav--2.midi,2017/MIDI-Unprocessed_066_PIANO066_MID--AUDIO-split_07-07-17_Piano-e_3-02_wav--2.wav,data\raw\maestro-v3.0.0\2017\MIDI-Unprocessed_066_PIANO066_MID--AUDIO-split_07-07-17_Piano-e_3-02_wav--2.midi,data\raw\maestro-v3.0.0\2017\MIDI-Unprocessed_066_PIANO066_MID--AUDIO-split_07-07-17_Piano-e_3-02_wav--2.wav,test,ludwig_van_beethoven__sonata_no_18_op_31_no_3_in_e_flat_major_i_allegro,Classical,1
track_000972,Ludwig van Beethoven,"Sonata No. 21 in  C Major, Op. 53",2009,1344.34026891,2009/MIDI-Unprocessed_11_R1_2009_01-05_ORIG_MID--AUDIO_11_R1_2009_11_R1_2009_01_WAV.midi,2009/MIDI-Unprocessed_11_R1_2009_01-05_ORIG_MID--AUDIO_11_R1_2009_11_R1_2009_01_WAV.wav,data\raw\maestro-v3.0.0\2009\MIDI-Unprocessed_11_R1_2009_01-05_ORIG_MID--AUDIO_11_R1_2009_11_R1_2009_01_WAV.midi,data\raw\maestro-v3.0.0\2009\MIDI-Unprocessed_11_R1_2009_01-05_ORIG_MID--AUDIO_11_R1_2009_11_R1_2009_01_WAV.wav,train,ludwig_van_beethoven__sonata_no_21_in_c_major_op_53,Classical,1
track_000973,Ludwig van Beethoven,"Sonata No. 21 in C Major, Op. 53",2018,1306.74014625,2018/MIDI-Unprocessed_Recital17-19_MID--AUDIO_18_R1_2018_wav--1.midi,2018/MIDI-Unprocessed_Recital17-19_MID--AUDIO_18_R1_2018_wav--1.wav,data\raw\maestro-v3.0.0\2018\MIDI-Unprocessed_Recital17-19_MID--AUDIO_18_R1_2018_wav--1.midi,data\raw\maestro-v3.0.0\2018\MIDI-Unprocessed_Recital17-19_MID--AUDIO_18_R1_2018_wav--1.wav,train,ludwig_van_beethoven__sonata_no_21_in_c_major_op_53,Classical,1
track_000974,Ludwig van Beethoven,"Sonata No. 21 in C Major, Op. 53, ""Waldstein"", First Movement",2011,519.560110781,2011/MIDI-Unprocessed_11_R1_2011_MID--AUDIO_R1-D4_08_Track08_wav.midi,2011/MIDI-Unprocessed_11_R1_2011_MID--AUDIO_R1-D4_08_Track08_wav.wav,data\raw\maestro-v3.0.0\2011\MIDI-Unprocessed_11_R1_2011_MID--AUDIO_R1-D4_08_Track08_wav.midi,data\raw\maestro-v3.0.0\2011\MIDI-Unprocessed_11_R1_2011_MID--AUDIO_R1-D4_08_Track08_wav.wav,train,ludwig_van_beethoven__sonata_no_21_in_c_major_op_53_waldstein_first_movement,Classical,1
track_000975,Ludwig van Beethoven,"Sonata No. 21 in C Major, Op. 53, ""Waldstein"", First Movement",2011,521.564649375,2011/MIDI-Unprocessed_13_R1_2011_MID--AUDIO_R1-D5_04_Track04_wav.midi,2011/MIDI-Unprocessed_13_R1_2011_MID--AUDIO_R1-D5_04_Track04_wav.wav,data\raw\maestro-v3.0.0\2011\MIDI-Unprocessed_13_R1_2011_MID--AUDIO_R1-D5_04_Track04_wav.midi,data\raw\maestro-v3.0.0\2011\MIDI-Unprocessed_13_R1_2011_MID--AUDIO_R1-D5_04_Track04_wav.wav,train,ludwig_van_beethoven__sonata_no_21_in_c_major_op_53_waldstein_first_movement,Classical,1
track_000976,Ludwig van Beethoven,"Sonata No. 21 in C Major, Op. 53, ""Waldstein"", First Movement",2011,489.6789975,2011/MIDI-Unprocessed_18_R1_2011_MID--AUDIO_R1-D7_08_Track08_wav.midi,2011/MIDI-Unprocessed_18_R1_2011_MID--AUDIO_R1-D7_08_Track08_wav.wav,data\raw\maestro-v3.0.0\2011\MIDI-Unprocessed_18_R1_2011_MID--AUDIO_R1-D7_08_Track08_wav.midi,data\raw\maestro-v3.0.0\2011\MIDI-Unprocessed_18_R1_2011_MID--AUDIO_R1-D7_08_Track08_wav.wav,train,ludwig_van_beethoven__sonata_no_21_in_c_major_op_53_waldstein_first_movement,Classical,1
track_000977,Ludwig van Beethoven,"Sonata No. 21 in C Major, Op. 53, 1st mov.",2013,534.701655469,2013/ORIG-MIDI_01_7_6_13_Group__MID--AUDIO_03_R1_2013_wav--2.midi,2013/ORIG-MIDI_01_7_6_13_Group__MID--AUDIO_03_R1_2013_wav--2.wav,data\raw\maestro-v3.0.0\2013\ORIG-MIDI_01_7_6_13_Group__MID--AUDIO_03_R1_2013_wav--2.midi,data\raw\maestro-v3.0.0\2013\ORIG-MIDI_01_7_6_13_Group__MID--AUDIO_03_R1_2013_wav--2.wav,train,ludwig_van_beethoven__sonata_no_21_in_c_major_op_53_1st_mov,Classical,1
track_000978,Ludwig van Beethoven,"Sonata No. 21 in C Major, Op. 53, First Movement",2008,481.751655,2008/MIDI-Unprocessed_15_R1_2008_01-04_ORIG_MID--AUDIO_15_R1_2008_wav--2.midi,2008/MIDI-Unprocessed_15_R1_2008_01-04_ORIG_MID--AUDIO_15_R1_2008_wav--2.wav,data\raw\maestro-v3.0.0\2008\MIDI-Unprocessed_15_R1_2008_01-04_ORIG_MID--AUDIO_15_R1_2008_wav--2.midi,data\raw\maestro-v3.0.0\2008\MIDI-Unprocessed_15_R1_2008_01-04_ORIG_MID--AUDIO_15_R1_2008_wav--2.wav,train,ludwig_van_beethoven__sonata_no_21_in_c_major_op_53_first_movement,Classical,1
track_000979,Ludwig van Beethoven,"Sonata No. 21 in C Major, Op. 53, I. Allegro con brio",2015,484.226041667,2015/MIDI-Unprocessed_R1_D1-1-8_mid--AUDIO-from_mp3_07_R1_2015_wav--2.midi,2015/MIDI-Unprocessed_R1_D1-1-8_mid--AUDIO-from_mp3_07_R1_2015_wav--2.wav,data\raw\maestro-v3.0.0\2015\MIDI-Unprocessed_R1_D1-1-8_mid--AUDIO-from_mp3_07_R1_2015_wav--2.midi,data\raw\maestro-v3.0.0\2015\MIDI-Unprocessed_R1_D1-1-8_mid--AUDIO-from_mp3_07_R1_2015_wav--2.wav,train,ludwig_van_beethoven__sonata_no_21_in_c_major_op_53_i_allegro_con_brio,Classical,1
track_000980,Ludwig van Beethoven,"Sonata No. 21 in C Major, Op. 53, I. Allegro con brio",2015,504.610416667,2015/MIDI-Unprocessed_R1_D1-1-8_mid--AUDIO-from_mp3_08_R1_2015_wav--2.midi,2015/MIDI-Unprocessed_R1_D1-1-8_mid--AUDIO-from_mp3_08_R1_2015_wav--2.wav,data\raw\maestro-v3.0.0\2015\MIDI-Unprocessed_R1_D1-1-8_mid--AUDIO-from_mp3_08_R1_2015_wav--2.midi,data\raw\maestro-v3.0.0\2015\MIDI-Unprocessed_R1_D1-1-8_mid--AUDIO-from_mp3_08_R1_2015_wav--2.wav,train,ludwig_van_beethoven__sonata_no_21_in_c_major_op_53_i_allegro_con_brio,Classical,1
track_000981,Ludwig van Beethoven,"Sonata No. 21 in C major, Op. 53, 1st mov.",2013,506.996020781,2013/ORIG-MIDI_02_7_6_13_Group__MID--AUDIO_05_R1_2013_wav--2.midi,2013/ORIG-MIDI_02_7_6_13_Group__MID--AUDIO_05_R1_2013_wav--2.wav,data\raw\maestro-v3.0.0\2013\ORIG-MIDI_02_7_6_13_Group__MID--AUDIO_05_R1_2013_wav--2.midi,data\raw\maestro-v3.0.0\2013\ORIG-MIDI_02_7_6_13_Group__MID--AUDIO_05_R1_2013_wav--2.wav,train,ludwig_van_beethoven__sonata_no_21_in_c_major_op_53_1st_mov,Classical,1
track_000982,Ludwig van Beethoven,"Sonata No. 21 in C major, Op. 53, “Waldstein,” I. Allegro con brio",2014,470.289326719,2014/MIDI-UNPROCESSED_01-03_R1_2014_MID--AUDIO_03_R1_2014_wav--3.midi,2014/MIDI-UNPROCESSED_01-03_R1_2014_MID--AUDIO_03_R1_2014_wav--3.wav,data\raw\maestro-v3.0.0\2014\MIDI-UNPROCESSED_01-03_R1_2014_MID--AUDIO_03_R1_2014_wav--3.midi,data\raw\maestro-v3.0.0\2014\MIDI-UNPROCESSED_01-03_R1_2014_MID--AUDIO_03_R1_2014_wav--3.wav,train,ludwig_van_beethoven__sonata_no_21_in_c_major_op_53_waldstein_i_allegro_con_brio,Classical,1
track_000983,Ludwig van Beethoven,"Sonata No. 21, Op. 53, ""Waldstein"", I. Allegro con brio",2017,473.193194162,2017/MIDI-Unprocessed_041_PIANO041_MID--AUDIO-split_07-06-17_Piano-e_1-01_wav--2.midi,2017/MIDI-Unprocessed_041_PIANO041_MID--AUDIO-split_07-06-17_Piano-e_1-01_wav--2.wav,data\raw\maestro-v3.0.0\2017\MIDI-Unprocessed_041_PIANO041_MID--AUDIO-split_07-06-17_Piano-e_1-01_wav--2.midi,data\raw\maestro-v3.0.0\2017\MIDI-Unprocessed_041_PIANO041_MID--AUDIO-split_07-06-17_Piano-e_1-01_wav--2.wav,train,ludwig_van_beethoven__sonata_no_21_op_53_waldstein_i_allegro_con_brio,Classical,1
track_000984,Ludwig van Beethoven,"Sonata No. 21, Op. 53, ""Waldstein"", I. Allegro con brio",2017,637.070596287,2017/MIDI-Unprocessed_043_PIANO043_MID--AUDIO-split_07-06-17_Piano-e_1-03_wav--2.midi,2017/MIDI-Unprocessed_043_PIANO043_MID--AUDIO-split_07-06-17_Piano-e_1-03_wav--2.wav,data\raw\maestro-v3.0.0\2017\MIDI-Unprocessed_043_PIANO043_MID--AUDIO-split_07-06-17_Piano-e_1-03_wav--2.midi,data\raw\maestro-v3.0.0\2017\MIDI-Unprocessed_043_PIANO043_MID--AUDIO-split_07-06-17_Piano-e_1-03_wav--2.wav,train,ludwig_van_beethoven__sonata_no_21_op_53_waldstein_i_allegro_con_brio,Classical,1
track_000985,Ludwig van Beethoven,"Sonata No. 21, Op. 53, ""Waldstein"", I. Allegro con brio",2017,484.191003521,2017/MIDI-Unprocessed_048_PIANO048_MID--AUDIO-split_07-06-17_Piano-e_2-05_wav--2.midi,2017/MIDI-Unprocessed_048_PIANO048_MID--AUDIO-split_07-06-17_Piano-e_2-05_wav--2.wav,data\raw\maestro-v3.0.0\2017\MIDI-Unprocessed_048_PIANO048_MID--AUDIO-split_07-06-17_Piano-e_2-05_wav--2.midi,data\raw\maestro-v3.0.0\2017\MIDI-Unprocessed_048_PIANO048_MID--AUDIO-split_07-06-17_Piano-e_2-05_wav--2.wav,train,ludwig_van_beethoven__sonata_no_21_op_53_waldstein_i_allegro_con_brio,Classical,1
track_000986,Ludwig van Beethoven,"Sonata No. 21, Op. 53, ""Waldstein"", I. Allegro con brio",2017,501.518910067,2017/MIDI-Unprocessed_056_PIANO056_MID--AUDIO-split_07-07-17_Piano-e_1-05_wav--3.midi,2017/MIDI-Unprocessed_056_PIANO056_MID--AUDIO-split_07-07-17_Piano-e_1-05_wav--3.wav,data\raw\maestro-v3.0.0\2017\MIDI-Unprocessed_056_PIANO056_MID--AUDIO-split_07-07-17_Piano-e_1-05_wav--3.midi,data\raw\maestro-v3.0.0\2017\MIDI-Unprocessed_056_PIANO056_MID--AUDIO-split_07-07-17_Piano-e_1-05_wav--3.wav,train,ludwig_van_beethoven__sonata_no_21_op_53_waldstein_i_allegro_con_brio,Classical,1
track_000987,Ludwig van Beethoven,"Sonata No. 21, Op. 53, ""Waldstein"", I. Allegro con brio",2017,480.396150321,2017/MIDI-Unprocessed_059_PIANO059_MID--AUDIO-split_07-07-17_Piano-e_2-03_wav--2.midi,2017/MIDI-Unprocessed_059_PIANO059_MID--AUDIO-split_07-07-17_Piano-e_2-03_wav--2.wav,data\raw\maestro-v3.0.0\2017\MIDI-Unprocessed_059_PIANO059_MID--AUDIO-split_07-07-17_Piano-e_2-03_wav--2.midi,data\raw\maestro-v3.0.0\2017\MIDI-Unprocessed_059_PIANO059_MID--AUDIO-split_07-07-17_Piano-e_2-03_wav--2.wav,train,ludwig_van_beethoven__sonata_no_21_op_53_waldstein_i_allegro_con_brio,Classical,1
track_000988,Ludwig van Beethoven,"Sonata No. 21, Op. 53, ""Waldstein"", I. Allegro con brio",2017,488.333077242,2017/MIDI-Unprocessed_062_PIANO062_MID--AUDIO-split_07-07-17_Piano-e_2-07_wav--1.midi,2017/MIDI-Unprocessed_062_PIANO062_MID--AUDIO-split_07-07-17_Piano-e_2-07_wav--1.wav,data\raw\maestro-v3.0.0\2017\MIDI-Unprocessed_062_PIANO062_MID--AUDIO-split_07-07-17_Piano-e_2-07_wav--1.midi,data\raw\maestro-v3.0.0\2017\MIDI-Unprocessed_062_PIANO062_MID--AUDIO-split_07-07-17_Piano-e_2-07_wav--1.wav,train,ludwig_van_beethoven__sonata_no_21_op_53_waldstein_i_allegro_con_brio,Classical,1
track_000989,Ludwig van Beethoven,"Sonata No. 23 in F Minor, Op. 57 ""Appassionata"", First Movement",2008,593.318049844,2008/MIDI-Unprocessed_03_R1_2008_01-04_ORIG_MID--AUDIO_03_R1_2008_wav--2.midi,2008/MIDI-Unprocessed_03_R1_2008_01-04_ORIG_MID--AUDIO_03_R1_2008_wav--2.wav,data\raw\maestro-v3.0.0\2008\MIDI-Unprocessed_03_R1_2008_01-04_ORIG_MID--AUDIO_03_R1_2008_wav--2.midi,data\raw\maestro-v3.0.0\2008\MIDI-Unprocessed_03_R1_2008_01-04_ORIG_MID--AUDIO_03_R1_2008_wav--2.wav,train,ludwig_van_beethoven__sonata_no_23_in_f_minor_op_57_appassionata_first_movement,Classical,1
track_000990,Ludwig van Beethoven,"Sonata No. 23 in F Minor, Op. 57 (Complete)",2015,1251.28854167,2015/MIDI-Unprocessed_R1_D1-9-12_mid--AUDIO-from_mp3_10_R1_2015_wav--3.midi,2015/MIDI-Unprocessed_R1_D1-9-12_mid--AUDIO-from_mp3_10_R1_2015_wav--3.wav,data\raw\maestro-v3.0.0\2015\MIDI-Unprocessed_R1_D1-9-12_mid--AUDIO-from_mp3_10_R1_2015_wav--3.midi,data\raw\maestro-v3.0.0\2015\MIDI-Unprocessed_R1_D1-9-12_mid--AUDIO-from_mp3_10_R1_2015_wav--3.wav,train,ludwig_van_beethoven__sonata_no_23_in_f_minor_op_57_complete,Classical,1
track_000991,Ludwig van Beethoven,"Sonata No. 23 in F Minor, Op. 57, First Movement",2011,523.841623594,2011/MIDI-Unprocessed_12_R2_2011_MID--AUDIO_R2-D4_03_Track03_wav.midi,2011/MIDI-Unprocessed_12_R2_2011_MID--AUDIO_R2-D4_03_Track03_wav.wav,data\raw\maestro-v3.0.0\2011\MIDI-Unprocessed_12_R2_2011_MID--AUDIO_R2-D4_03_Track03_wav.midi,data\raw\maestro-v3.0.0\2011\MIDI-Unprocessed_12_R2_2011_MID--AUDIO_R2-D4_03_Track03_wav.wav,train,ludwig_van_beethoven__sonata_no_23_in_f_minor_op_57_first_movement,Classical,1
track_000992,Ludwig van Beethoven,"Sonata No. 23 in F Minor, Op. 57, First Movement",2011,572.423305781,2011/MIDI-Unprocessed_20_R1_2011_MID--AUDIO_R1-D8_04_Track04_wav.midi,2011/MIDI-Unprocessed_20_R1_2011_MID--AUDIO_R1-D8_04_Track04_wav.wav,data\raw\maestro-v3.0.0\2011\MIDI-Unprocessed_20_R1_2011_MID--AUDIO_R1-D8_04_Track04_wav.midi,data\raw\maestro-v3.0.0\2011\MIDI-Unprocessed_20_R1_2011_MID--AUDIO_R1-D8_04_Track04_wav.wav,train,ludwig_van_beethoven__sonata_no_23_in_f_minor_op_57_first_movement,Classical,1
track_000993,Ludwig van Beethoven,"Sonata No. 23 in F Minor, Op. 57, First Movement",2011,564.872565469,2011/MIDI-Unprocessed_25_R1_2011_MID--AUDIO_R1-D9_15_Track15_wav.midi,2011/MIDI-Unprocessed_25_R1_2011_MID--AUDIO_R1-D9_15_Track15_wav.wav,data\raw\maestro-v3.0.0\2011\MIDI-Unprocessed_25_R1_2011_MID--AUDIO_R1-D9_15_Track15_wav.midi,data\raw\maestro-v3.0.0\2011\MIDI-Unprocessed_25_R1_2011_MID--AUDIO_R1-D9_15_Track15_wav.wav,train,ludwig_van_beethoven__sonata_no_23_in_f_minor_op_57_first_movement,Classical,1
track_000994,Ludwig van Beethoven,"Sonata No. 23 in F Minor, Op. 57, First movement",2011,568.347455156,2011/MIDI-Unprocessed_21_R1_2011_MID--AUDIO_R1-D8_08_Track08_wav.midi,2011/MIDI-Unprocessed_21_R1_2011_MID--AUDIO_R1-D8_08_Track08_wav.wav,data\raw\maestro-v3.0.0\2011\MIDI-Unprocessed_21_R1_2011_MID--AUDIO_R1-D8_08_Track08_wav.midi,data\raw\maestro-v3.0.0\2011\MIDI-Unprocessed_21_R1_2011_MID--AUDIO_R1-D8_08_Track08_wav.wav,train,ludwig_van_beethoven__sonata_no_23_in_f_minor_op_57_first_movement,Classical,1
track_000995,Ludwig van Beethoven,"Sonata No. 23, Op. 57 in F Minor, ""Appassionata"", I. Allegro assai",2017,515.413072754,2017/MIDI-Unprocessed_045_PIANO045_MID--AUDIO-split_07-06-17_Piano-e_2-01_wav--2.midi,2017/MIDI-Unprocessed_045_PIANO045_MID--AUDIO-split_07-06-17_Piano-e_2-01_wav--2.wav,data\raw\maestro-v3.0.0\2017\MIDI-Unprocessed_045_PIANO045_MID--AUDIO-split_07-06-17_Piano-e_2-01_wav--2.midi,data\raw\maestro-v3.0.0\2017\MIDI-Unprocessed_045_PIANO045_MID--AUDIO-split_07-06-17_Piano-e_2-01_wav--2.wav,train,ludwig_van_beethoven__sonata_no_23_op_57_in_f_minor_appassionata_i_allegro_assai,Classical,1
track_000996,Ludwig van Beethoven,"Sonata No. 24 in F-Sharp Major, Op. 78",2008,602.757142969,2008/MIDI-Unprocessed_11_R1_2008_01-04_ORIG_MID--AUDIO_11_R1_2008_wav--2.midi,2008/MIDI-Unprocessed_11_R1_2008_01-04_ORIG_MID--AUDIO_11_R1_2008_wav--2.wav,data\raw\maestro-v3.0.0\2008\MIDI-Unprocessed_11_R1_2008_01-04_ORIG_MID--AUDIO_11_R1_2008_wav--2.midi,data\raw\maestro-v3.0.0\2008\MIDI-Unprocessed_11_R1_2008_01-04_ORIG_MID--AUDIO_11_R1_2008_wav--2.wav,train,ludwig_van_beethoven__sonata_no_24_in_f_sharp_major_op_78,Classical,1
track_000997,Ludwig van Beethoven,"Sonata No. 24 in F-sharp Major, Op. 78",2011,397.693245469,2011/MIDI-Unprocessed_24_R1_2011_MID--AUDIO_R1-D9_09_Track09_wav.midi,2011/MIDI-Unprocessed_24_R1_2011_MID--AUDIO_R1-D9_09_Track09_wav.wav,data\raw\maestro-v3.0.0\2011\MIDI-Unprocessed_24_R1_2011_MID--AUDIO_R1-D9_09_Track09_wav.midi,data\raw\maestro-v3.0.0\2011\MIDI-Unprocessed_24_R1_2011_MID--AUDIO_R1-D9_09_Track09_wav.wav,train,ludwig_van_beethoven__sonata_no_24_in_f_sharp_major_op_78,Classical,1
track_000998,Ludwig van Beethoven,"Sonata No. 24 in F-sharp Major, Op. 78, First Movement",2008,278.421195937,2008/MIDI-Unprocessed_01_R1_2008_01-04_ORIG_MID--AUDIO_01_R1_2008_wav--2.midi,2008/MIDI-Unprocessed_01_R1_2008_01-04_ORIG_MID--AUDIO_01_R1_2008_wav--2.wav,data\raw\maestro-v3.0.0\2008\MIDI-Unprocessed_01_R1_2008_01-04_ORIG_MID--AUDIO_01_R1_2008_wav--2.midi,data\raw\maestro-v3.0.0\2008\MIDI-Unprocessed_01_R1_2008_01-04_ORIG_MID--AUDIO_01_R1_2008_wav--2.wav,train,ludwig_van_beethoven__sonata_no_24_in_f_sharp_major_op_78_first_movement,Classical,1
track_000999,Ludwig van Beethoven,"Sonata No. 26 in 3-flat Major, Op. 81a (2nd & 3rd Movements)",2004,316.572784056,2004/MIDI-Unprocessed_XP_09_R1_2004_01-02_ORIG_MID--AUDIO_09_R1_2004_02_Track02_wav.midi,2004/MIDI-Unprocessed_XP_09_R1_2004_01-02_ORIG_MID--AUDIO_09_R1_2004_02_Track02_wav.wav,data\raw\maestro-v3.0.0\2004\MIDI-Unprocessed_XP_09_R1_2004_01-02_ORIG_MID--AUDIO_09_R1_2004_02_Track02_wav.midi,data\raw\maestro-v3.0.0\2004\MIDI-Unprocessed_XP_09_R1_2004_01-02_ORIG_MID--AUDIO_09_R1_2004_02_Track02_wav.wav,train,ludwig_van_beethoven__sonata_no_26_in_3_flat_major_op_81a_2nd_3rd_movements,Classical,1
track_001000,Ludwig van Beethoven,"Sonata No. 26 in 3-flat Major, Op. 81a (2nd & 3rd Movements)",2004,453.392893256,2004/MIDI-Unprocessed_XP_09_R1_2004_01-02_ORIG_MID--AUDIO_09_R1_2004_03_Track03_wav.midi,2004/MIDI-Unprocessed_XP_09_R1_2004_01-02_ORIG_MID--AUDIO_09_R1_2004_03_Track03_wav.wav,data\raw\maestro-v3.0.0\2004\MIDI-Unprocessed_XP_09_R1_2004_01-02_ORIG_MID--AUDIO_09_R1_2004_03_Track03_wav.midi,data\raw\maestro-v3.0.0\2004\MIDI-Unprocessed_XP_09_R1_2004_01-02_ORIG_MID--AUDIO_09_R1_2004_03_Track03_wav.wav,train,ludwig_van_beethoven__sonata_no_26_in_3_flat_major_op_81a_2nd_3rd_movements,Classical,1
track_001001,Ludwig van Beethoven,"Sonata No. 26 in E-Flat Major, Op. 81a, ""Les Adiex"", First Movement",2011,399.448051406,2011/MIDI-Unprocessed_16_R1_2011_MID--AUDIO_R1-D6_14_Track14_wav.midi,2011/MIDI-Unprocessed_16_R1_2011_MID--AUDIO_R1-D6_14_Track14_wav.wav,data\raw\maestro-v3.0.0\2011\MIDI-Unprocessed_16_R1_2011_MID--AUDIO_R1-D6_14_Track14_wav.midi,data\raw\maestro-v3.0.0\2011\MIDI-Unprocessed_16_R1_2011_MID--AUDIO_R1-D6_14_Track14_wav.wav,train,ludwig_van_beethoven__sonata_no_26_in_e_flat_major_op_81a_les_adiex_first_movement,Classical,1
track_001002,Ludwig van Beethoven,"Sonata No. 26 in E-Flat Major, Op. 81a, ""Les Adiex"", First Movement",2011,338.045869219,2011/MIDI-Unprocessed_17_R1_2011_MID--AUDIO_R1-D7_03_Track03_wav.midi,2011/MIDI-Unprocessed_17_R1_2011_MID--AUDIO_R1-D7_03_Track03_wav.wav,data\raw\maestro-v3.0.0\2011\MIDI-Unprocessed_17_R1_2011_MID--AUDIO_R1-D7_03_Track03_wav.midi,data\raw\maestro-v3.0.0\2011\MIDI-Unprocessed_17_R1_2011_MID--AUDIO_R1-D7_03_Track03_wav.wav,train,ludwig_van_beethoven__sonata_no_26_in_e_flat_major_op_81a_les_adiex_first_movement,Classical,1
track_001003,Ludwig van Beethoven,"Sonata No. 26 in E-flat Major, Op. 81a, I. Das Lebewohl. Adagio - Allegro",2015,407.455208333,2015/MIDI-Unprocessed_R1_D2-21-22_mid--AUDIO-from_mp3_22_R1_2015_wav--2.midi,2015/MIDI-Unprocessed_R1_D2-21-22_mid--AUDIO-from_mp3_22_R1_2015_wav--2.wav,data\raw\maestro-v3.0.0\2015\MIDI-Unprocessed_R1_D2-21-22_mid--AUDIO-from_mp3_22_R1_2015_wav--2.midi,data\raw\maestro-v3.0.0\2015\MIDI-Unprocessed_R1_D2-21-22_mid--AUDIO-from_mp3_22_R1_2015_wav--2.wav,train,ludwig_van_beethoven__sonata_no_26_in_e_flat_major_op_81a_i_das_lebewohl_adagio_allegro,Classical,1
track_001004,Ludwig van Beethoven,"Sonata No. 27 in E Minor, Op. 90",2018,760.2770175,2018/MIDI-Unprocessed_Recital4_MID--AUDIO_04_R1_2018_wav--3.midi,2018/MIDI-Unprocessed_Recital4_MID--AUDIO_04_R1_2018_wav--3.wav,data\raw\maestro-v3.0.0\2018\MIDI-Unprocessed_Recital4_MID--AUDIO_04_R1_2018_wav--3.midi,data\raw\maestro-v3.0.0\2018\MIDI-Unprocessed_Recital4_MID--AUDIO_04_R1_2018_wav--3.wav,validation,ludwig_van_beethoven__sonata_no_27_in_e_minor_op_90,Classical,1
track_001005,Ludwig van Beethoven,"Sonata No. 27 in E Minor, Op. 90, First Movement",2008,308.53601625,2008/MIDI-Unprocessed_07_R1_2008_01-04_ORIG_MID--AUDIO_07_R1_2008_wav--2.midi,2008/MIDI-Unprocessed_07_R1_2008_01-04_ORIG_MID--AUDIO_07_R1_2008_wav--2.wav,data\raw\maestro-v3.0.0\2008\MIDI-Unprocessed_07_R1_2008_01-04_ORIG_MID--AUDIO_07_R1_2008_wav--2.midi,data\raw\maestro-v3.0.0\2008\MIDI-Unprocessed_07_R1_2008_01-04_ORIG_MID--AUDIO_07_R1_2008_wav--2.wav,validation,ludwig_van_beethoven__sonata_no_27_in_e_minor_op_90_first_movement,Classical,1
track_001006,Ludwig van Beethoven,"Sonata No. 27, Op. 90, I. Mit Lebhaftigkeit und durchaus mit Empfindung und Ausdruck",2017,318.420448279,2017/MIDI-Unprocessed_051_PIANO051_MID--AUDIO-split_07-06-17_Piano-e_3-02_wav--2.midi,2017/MIDI-Unprocessed_051_PIANO051_MID--AUDIO-split_07-06-17_Piano-e_3-02_wav--2.wav,data\raw\maestro-v3.0.0\2017\MIDI-Unprocessed_051_PIANO051_MID--AUDIO-split_07-06-17_Piano-e_3-02_wav--2.midi,data\raw\maestro-v3.0.0\2017\MIDI-Unprocessed_051_PIANO051_MID--AUDIO-split_07-06-17_Piano-e_3-02_wav--2.wav,validation,ludwig_van_beethoven__sonata_no_27_op_90_i_mit_lebhaftigkeit_und_durchaus_mit_empfindung_und_ausdruck,Classical,1
track_001007,Ludwig van Beethoven,"Sonata No. 28 in A Major, Op. 101 (Complete)",2014,1201.07919422,2014/MIDI-UNPROCESSED_11-13_R1_2014_MID--AUDIO_13_R1_2014_wav--3.midi,2014/MIDI-UNPROCESSED_11-13_R1_2014_MID--AUDIO_13_R1_2014_wav--3.wav,data\raw\maestro-v3.0.0\2014\MIDI-UNPROCESSED_11-13_R1_2014_MID--AUDIO_13_R1_2014_wav--3.midi,data\raw\maestro-v3.0.0\2014\MIDI-UNPROCESSED_11-13_R1_2014_MID--AUDIO_13_R1_2014_wav--3.wav,train,ludwig_van_beethoven__sonata_no_28_in_a_major_op_101_complete,Classical,1
track_001008,Ludwig van Beethoven,"Sonata No. 28 in A Major, Op. 101 (Complete)",2014,1162.39066453,2014/MIDI-UNPROCESSED_16-18_R1_2014_MID--AUDIO_17_R1_2014_wav--1.midi,2014/MIDI-UNPROCESSED_16-18_R1_2014_MID--AUDIO_17_R1_2014_wav--1.wav,data\raw\maestro-v3.0.0\2014\MIDI-UNPROCESSED_16-18_R1_2014_MID--AUDIO_17_R1_2014_wav--1.midi,data\raw\maestro-v3.0.0\2014\MIDI-UNPROCESSED_16-18_R1_2014_MID--AUDIO_17_R1_2014_wav--1.wav,train,ludwig_van_beethoven__sonata_no_28_in_a_major_op_101_complete,Classical,1
track_001009,Ludwig van Beethoven,"Sonata No. 28 in A Major, Op. 101 (Complete)",2014,1098.92518313,2014/MIDI-UNPROCESSED_16-18_R1_2014_MID--AUDIO_18_R1_2014_wav--2.midi,2014/MIDI-UNPROCESSED_16-18_R1_2014_MID--AUDIO_18_R1_2014_wav--2.wav,data\raw\maestro-v3.0.0\2014\MIDI-UNPROCESSED_16-18_R1_2014_MID--AUDIO_18_R1_2014_wav--2.midi,data\raw\maestro-v3.0.0\2014\MIDI-UNPROCESSED_16-18_R1_2014_MID--AUDIO_18_R1_2014_wav--2.wav,train,ludwig_van_beethoven__sonata_no_28_in_a_major_op_101_complete,Classical,1
track_001010,Ludwig van Beethoven,"Sonata No. 29 in B-flat Major, Op. 106",2018,2457.80737125,2018/MIDI-Unprocessed_Recital1-3_MID--AUDIO_02_R1_2018_wav--1.midi,2018/MIDI-Unprocessed_Recital1-3_MID--AUDIO_02_R1_2018_wav--1.wav,data\raw\maestro-v3.0.0\2018\MIDI-Unprocessed_Recital1-3_MID--AUDIO_02_R1_2018_wav--1.midi,data\raw\maestro-v3.0.0\2018\MIDI-Unprocessed_Recital1-3_MID--AUDIO_02_R1_2018_wav--1.wav,validation,ludwig_van_beethoven__sonata_no_29_in_b_flat_major_op_106,Classical,1
track_001011,Ludwig van Beethoven,"Sonata No. 3 in C Major, Op. 2 No. 3, First Movement",2008,430.0636725,2008/MIDI-Unprocessed_10_R1_2008_01-04_ORIG_MID--AUDIO_10_R1_2008_wav--2.midi,2008/MIDI-Unprocessed_10_R1_2008_01-04_ORIG_MID--AUDIO_10_R1_2008_wav--2.wav,data\raw\maestro-v3.0.0\2008\MIDI-Unprocessed_10_R1_2008_01-04_ORIG_MID--AUDIO_10_R1_2008_wav--2.midi,data\raw\maestro-v3.0.0\2008\MIDI-Unprocessed_10_R1_2008_01-04_ORIG_MID--AUDIO_10_R1_2008_wav--2.wav,test,ludwig_van_beethoven__sonata_no_3_in_c_major_op_2_no_3_first_movement,Classical,1
track_001012,Ludwig van Beethoven,"Sonata No. 3 in C Major, Op. 2 No. 3, I. Allegro con brio",2015,445.68125,2015/MIDI-Unprocessed_R1_D1-1-8_mid--AUDIO-from_mp3_05_R1_2015_wav--3.midi,2015/MIDI-Unprocessed_R1_D1-1-8_mid--AUDIO-from_mp3_05_R1_2015_wav--3.wav,data\raw\maestro-v3.0.0\2015\MIDI-Unprocessed_R1_D1-1-8_mid--AUDIO-from_mp3_05_R1_2015_wav--3.midi,data\raw\maestro-v3.0.0\2015\MIDI-Unprocessed_R1_D1-1-8_mid--AUDIO-from_mp3_05_R1_2015_wav--3.wav,test,ludwig_van_beethoven__sonata_no_3_in_c_major_op_2_no_3_i_allegro_con_brio,Classical,1
track_001013,Ludwig van Beethoven,"Sonata No. 3 in C Major, Op. 2 No. 3, I. and II. ",2015,894.40625,2015/MIDI-Unprocessed_R1_D1-9-12_mid--AUDIO-from_mp3_09_R1_2015_wav--2.midi,2015/MIDI-Unprocessed_R1_D1-9-12_mid--AUDIO-from_mp3_09_R1_2015_wav--2.wav,data\raw\maestro-v3.0.0\2015\MIDI-Unprocessed_R1_D1-9-12_mid--AUDIO-from_mp3_09_R1_2015_wav--2.midi,data\raw\maestro-v3.0.0\2015\MIDI-Unprocessed_R1_D1-9-12_mid--AUDIO-from_mp3_09_R1_2015_wav--2.wav,test,ludwig_van_beethoven__sonata_no_3_in_c_major_op_2_no_3_i_and_ii,Classical,1
track_001014,Ludwig van Beethoven,"Sonata No. 3, Op. 2 No. 3 in C major, I. Allegro con brio",2017,450.154845513,2017/MIDI-Unprocessed_065_PIANO065_MID--AUDIO-split_07-07-17_Piano-e_3-01_wav--2.midi,2017/MIDI-Unprocessed_065_PIANO065_MID--AUDIO-split_07-07-17_Piano-e_3-01_wav--2.wav,data\raw\maestro-v3.0.0\2017\MIDI-Unprocessed_065_PIANO065_MID--AUDIO-split_07-07-17_Piano-e_3-01_wav--2.midi,data\raw\maestro-v3.0.0\2017\MIDI-Unprocessed_065_PIANO065_MID--AUDIO-split_07-07-17_Piano-e_3-01_wav--2.wav,test,ludwig_van_beethoven__sonata_no_3_op_2_no_3_in_c_major_i_allegro_con_brio,Classical,1
track_001015,Ludwig van Beethoven,"Sonata No. 30 in E Major, Op. 109",2018,1176.40240266,2018/MIDI-Unprocessed_Recital13-15_MID--AUDIO_14_R1_2018_wav--2.midi,2018/MIDI-Unprocessed_Recital13-15_MID--AUDIO_14_R1_2018_wav--2.wav,data\raw\maestro-v3.0.0\2018\MIDI-Unprocessed_Recital13-15_MID--AUDIO_14_R1_2018_wav--2.midi,data\raw\maestro-v3.0.0\2018\MIDI-Unprocessed_Recital13-15_MID--AUDIO_14_R1_2018_wav--2.wav,train,ludwig_van_beethoven__sonata_no_30_in_e_major_op_109,Classical,1
track_001016,Ludwig van Beethoven,"Sonata No. 31 In A-flat Major, Op. 110",2018,1022.54438344,2018/MIDI-Unprocessed_Recital17-19_MID--AUDIO_19_R1_2018_wav--2.midi,2018/MIDI-Unprocessed_Recital17-19_MID--AUDIO_19_R1_2018_wav--2.wav,data\raw\maestro-v3.0.0\2018\MIDI-Unprocessed_Recital17-19_MID--AUDIO_19_R1_2018_wav--2.midi,data\raw\maestro-v3.0.0\2018\MIDI-Unprocessed_Recital17-19_MID--AUDIO_19_R1_2018_wav--2.wav,train,ludwig_van_beethoven__sonata_no_31_in_a_flat_major_op_110,Classical,1
track_001017,Ludwig van Beethoven,"Sonata No. 31 in A-Flat Major, Op. 110 (Complete)",2014,1137.43743094,2014/MIDI-UNPROCESSED_06-08_R1_2014_MID--AUDIO_06_R1_2014_wav--3.midi,2014/MIDI-UNPROCESSED_06-08_R1_2014_MID--AUDIO_06_R1_2014_wav--3.wav,data\raw\maestro-v3.0.0\2014\MIDI-UNPROCESSED_06-08_R1_2014_MID--AUDIO_06_R1_2014_wav--3.midi,data\raw\maestro-v3.0.0\2014\MIDI-UNPROCESSED_06-08_R1_2014_MID--AUDIO_06_R1_2014_wav--3.wav,train,ludwig_van_beethoven__sonata_no_31_in_a_flat_major_op_110_complete,Classical,1
track_001018,Ludwig van Beethoven,"Sonata No. 31 in A-flat Major, Op. 110",2018,1060.72142859,2018/MIDI-Unprocessed_Recital9-11_MID--AUDIO_10_R1_2018_wav--2.midi,2018/MIDI-Unprocessed_Recital9-11_MID--AUDIO_10_R1_2018_wav--2.wav,data\raw\maestro-v3.0.0\2018\MIDI-Unprocessed_Recital9-11_MID--AUDIO_10_R1_2018_wav--2.midi,data\raw\maestro-v3.0.0\2018\MIDI-Unprocessed_Recital9-11_MID--AUDIO_10_R1_2018_wav--2.wav,train,ludwig_van_beethoven__sonata_no_31_in_a_flat_major_op_110,Classical,1
track_001019,Ludwig van Beethoven,"Sonata No. 31 in A-flat Major, Op. 110 (Complete)",2014,1063.92121172,2014/MIDI-UNPROCESSED_01-03_R1_2014_MID--AUDIO_02_R1_2014_wav--2.midi,2014/MIDI-UNPROCESSED_01-03_R1_2014_MID--AUDIO_02_R1_2014_wav--2.wav,data\raw\maestro-v3.0.0\2014\MIDI-UNPROCESSED_01-03_R1_2014_MID--AUDIO_02_R1_2014_wav--2.midi,data\raw\maestro-v3.0.0\2014\MIDI-UNPROCESSED_01-03_R1_2014_MID--AUDIO_02_R1_2014_wav--2.wav,train,ludwig_van_beethoven__sonata_no_31_in_a_flat_major_op_110_complete,Classical,1
track_001020,Ludwig van Beethoven,"Sonata No. 31 in A-flat Major, Op. 110, First movement",2011,397.215147656,2011/MIDI-Unprocessed_14_R1_2011_MID--AUDIO_R1-D6_03_Track03_wav.midi,2011/MIDI-Unprocessed_14_R1_2011_MID--AUDIO_R1-D6_03_Track03_wav.wav,data\raw\maestro-v3.0.0\2011\MIDI-Unprocessed_14_R1_2011_MID--AUDIO_R1-D6_03_Track03_wav.midi,data\raw\maestro-v3.0.0\2011\MIDI-Unprocessed_14_R1_2011_MID--AUDIO_R1-D6_03_Track03_wav.wav,train,ludwig_van_beethoven__sonata_no_31_in_a_flat_major_op_110_first_movement,Classical,1
track_001021,Ludwig van Beethoven,"Sonata No. 32 in C Minor, Op. 111",2009,1603.11404859,2009/MIDI-Unprocessed_06_R1_2009_01-02_ORIG_MID--AUDIO_06_R1_2009_06_R1_2009_02_WAV.midi,2009/MIDI-Unprocessed_06_R1_2009_01-02_ORIG_MID--AUDIO_06_R1_2009_06_R1_2009_02_WAV.wav,data\raw\maestro-v3.0.0\2009\MIDI-Unprocessed_06_R1_2009_01-02_ORIG_MID--AUDIO_06_R1_2009_06_R1_2009_02_WAV.midi,data\raw\maestro-v3.0.0\2009\MIDI-Unprocessed_06_R1_2009_01-02_ORIG_MID--AUDIO_06_R1_2009_06_R1_2009_02_WAV.wav,train,ludwig_van_beethoven__sonata_no_32_in_c_minor_op_111,Classical,1
track_001022,Ludwig van Beethoven,"Sonata No. 32 in C Minor, Op. 111 (Complete)",2014,1585.96930078,2014/MIDI-UNPROCESSED_19-20_R1_2014_MID--AUDIO_19_R1_2014_wav--2.midi,2014/MIDI-UNPROCESSED_19-20_R1_2014_MID--AUDIO_19_R1_2014_wav--2.wav,data\raw\maestro-v3.0.0\2014\MIDI-UNPROCESSED_19-20_R1_2014_MID--AUDIO_19_R1_2014_wav--2.midi,data\raw\maestro-v3.0.0\2014\MIDI-UNPROCESSED_19-20_R1_2014_MID--AUDIO_19_R1_2014_wav--2.wav,train,ludwig_van_beethoven__sonata_no_32_in_c_minor_op_111_complete,Classical,1
track_001023,Ludwig van Beethoven,"Sonata No. 32 in C minor, Op. 111",2018,1590.10257656,2018/MIDI-Unprocessed_Recital13-15_MID--AUDIO_15_R1_2018_wav--3.midi,2018/MIDI-Unprocessed_Recital13-15_MID--AUDIO_15_R1_2018_wav--3.wav,data\raw\maestro-v3.0.0\2018\MIDI-Unprocessed_Recital13-15_MID--AUDIO_15_R1_2018_wav--3.midi,data\raw\maestro-v3.0.0\2018\MIDI-Unprocessed_Recital13-15_MID--AUDIO_15_R1_2018_wav--3.wav,train,ludwig_van_beethoven__sonata_no_32_in_c_minor_op_111,Classical,1
track_001024,Ludwig van Beethoven,"Sonata No. 4 in E-flat Major, Op. 7, 1st mov.",2013,330.763558125,2013/ORIG-MIDI_01_7_6_13_Group__MID--AUDIO_01_R1_2013_wav--2.midi,2013/ORIG-MIDI_01_7_6_13_Group__MID--AUDIO_01_R1_2013_wav--2.wav,data\raw\maestro-v3.0.0\2013\ORIG-MIDI_01_7_6_13_Group__MID--AUDIO_01_R1_2013_wav--2.midi,data\raw\maestro-v3.0.0\2013\ORIG-MIDI_01_7_6_13_Group__MID--AUDIO_01_R1_2013_wav--2.wav,train,ludwig_van_beethoven__sonata_no_4_in_e_flat_major_op_7_1st_mov,Classical,1
track_001025,Ludwig van Beethoven,"Sonata No. 4 in E-flat Major, Op. 7, 1st mov.",2013,325.30950375,2013/ORIG-MIDI_01_7_6_13_Group__MID--AUDIO_02_R1_2013_wav--2.midi,2013/ORIG-MIDI_01_7_6_13_Group__MID--AUDIO_02_R1_2013_wav--2.wav,data\raw\maestro-v3.0.0\2013\ORIG-MIDI_01_7_6_13_Group__MID--AUDIO_02_R1_2013_wav--2.midi,data\raw\maestro-v3.0.0\2013\ORIG-MIDI_01_7_6_13_Group__MID--AUDIO_02_R1_2013_wav--2.wav,train,ludwig_van_beethoven__sonata_no_4_in_e_flat_major_op_7_1st_mov,Classical,1
track_001026,Ludwig van Beethoven,"Sonata No. 4 in E-flat Major, Op. 7, First Movement",2011,332.583802031,2011/MIDI-Unprocessed_22_R1_2011_MID--AUDIO_R1-D8_13_Track13_wav.midi,2011/MIDI-Unprocessed_22_R1_2011_MID--AUDIO_R1-D8_13_Track13_wav.wav,data\raw\maestro-v3.0.0\2011\MIDI-Unprocessed_22_R1_2011_MID--AUDIO_R1-D8_13_Track13_wav.midi,data\raw\maestro-v3.0.0\2011\MIDI-Unprocessed_22_R1_2011_MID--AUDIO_R1-D8_13_Track13_wav.wav,train,ludwig_van_beethoven__sonata_no_4_in_e_flat_major_op_7_first_movement,Classical,1
track_001027,Ludwig van Beethoven,"Sonata No. 4 in E-flat Major, Op. 7, I. Allegro molto e con brio",2015,338.472916667,2015/MIDI-Unprocessed_R1_D2-13-20_mid--AUDIO-from_mp3_17_R1_2015_wav--2.midi,2015/MIDI-Unprocessed_R1_D2-13-20_mid--AUDIO-from_mp3_17_R1_2015_wav--2.wav,data\raw\maestro-v3.0.0\2015\MIDI-Unprocessed_R1_D2-13-20_mid--AUDIO-from_mp3_17_R1_2015_wav--2.midi,data\raw\maestro-v3.0.0\2015\MIDI-Unprocessed_R1_D2-13-20_mid--AUDIO-from_mp3_17_R1_2015_wav--2.wav,train,ludwig_van_beethoven__sonata_no_4_in_e_flat_major_op_7_i_allegro_molto_e_con_brio,Classical,1
track_001028,Ludwig van Beethoven,"Sonata No. 4 in E-flat Major, Op. 7, I. Allegro molto e con brio",2017,325.877676696,2017/MIDI-Unprocessed_060_PIANO060_MID--AUDIO-split_07-07-17_Piano-e_2-04_wav--4.midi,2017/MIDI-Unprocessed_060_PIANO060_MID--AUDIO-split_07-07-17_Piano-e_2-04_wav--4.wav,data\raw\maestro-v3.0.0\2017\MIDI-Unprocessed_060_PIANO060_MID--AUDIO-split_07-07-17_Piano-e_2-04_wav--4.midi,data\raw\maestro-v3.0.0\2017\MIDI-Unprocessed_060_PIANO060_MID--AUDIO-split_07-07-17_Piano-e_2-04_wav--4.wav,train,ludwig_van_beethoven__sonata_no_4_in_e_flat_major_op_7_i_allegro_molto_e_con_brio,Classical,1
track_001029,Ludwig van Beethoven,"Sonata No. 4 in E-flat Major, Op. 7, I. Allegro molto e con brio",2017,333.371229721,2017/MIDI-Unprocessed_061_PIANO061_MID--AUDIO-split_07-07-17_Piano-e_2-05_wav--2.midi,2017/MIDI-Unprocessed_061_PIANO061_MID--AUDIO-split_07-07-17_Piano-e_2-05_wav--2.wav,data\raw\maestro-v3.0.0\2017\MIDI-Unprocessed_061_PIANO061_MID--AUDIO-split_07-07-17_Piano-e_2-05_wav--2.midi,data\raw\maestro-v3.0.0\2017\MIDI-Unprocessed_061_PIANO061_MID--AUDIO-split_07-07-17_Piano-e_2-05_wav--2.wav,train,ludwig_van_beethoven__sonata_no_4_in_e_flat_major_op_7_i_allegro_molto_e_con_brio,Classical,1
track_001030,Ludwig van Beethoven,"Sonata No. 5 in C Minor, Op. 10 No. 1, First Movement",2011,271.508809687,2011/MIDI-Unprocessed_23_R1_2011_MID--AUDIO_R1-D9_03_Track03_wav.midi,2011/MIDI-Unprocessed_23_R1_2011_MID--AUDIO_R1-D9_03_Track03_wav.wav,data\raw\maestro-v3.0.0\2011\MIDI-Unprocessed_23_R1_2011_MID--AUDIO_R1-D9_03_Track03_wav.midi,data\raw\maestro-v3.0.0\2011\MIDI-Unprocessed_23_R1_2011_MID--AUDIO_R1-D9_03_Track03_wav.wav,test,ludwig_van_beethoven__sonata_no_5_in_c_minor_op_10_no_1_first_movement,Classical,1
track_001031,Ludwig van Beethoven,"Sonata No. 5 in C Minor, Op. 10 No. 1, I. Allegro molto e con brio",2015,236.041666667,2015/MIDI-Unprocessed_R1_D2-13-20_mid--AUDIO-from_mp3_16_R1_2015_wav--2.midi,2015/MIDI-Unprocessed_R1_D2-13-20_mid--AUDIO-from_mp3_16_R1_2015_wav--2.wav,data\raw\maestro-v3.0.0\2015\MIDI-Unprocessed_R1_D2-13-20_mid--AUDIO-from_mp3_16_R1_2015_wav--2.midi,data\raw\maestro-v3.0.0\2015\MIDI-Unprocessed_R1_D2-13-20_mid--AUDIO-from_mp3_16_R1_2015_wav--2.wav,test,ludwig_van_beethoven__sonata_no_5_in_c_minor_op_10_no_1_i_allegro_molto_e_con_brio,Classical,1
track_001032,Ludwig van Beethoven,"Sonata No. 7 in D Major, Op. 10 No. 3",2018,1254.06391687,2018/MIDI-Unprocessed_Recital1-3_MID--AUDIO_03_R1_2018_wav--1.midi,2018/MIDI-Unprocessed_Recital1-3_MID--AUDIO_03_R1_2018_wav--1.wav,data\raw\maestro-v3.0.0\2018\MIDI-Unprocessed_Recital1-3_MID--AUDIO_03_R1_2018_wav--1.midi,data\raw\maestro-v3.0.0\2018\MIDI-Unprocessed_Recital1-3_MID--AUDIO_03_R1_2018_wav--1.wav,train,ludwig_van_beethoven__sonata_no_7_in_d_major_op_10_no_3,Classical,1
track_001033,Ludwig van Beethoven,"Sonata No. 7 in D Major, Op. 10 No. 3, 1st mov.",2013,283.606821094,2013/ORIG-MIDI_02_7_6_13_Group__MID--AUDIO_06_R1_2013_wav--1.midi,2013/ORIG-MIDI_02_7_6_13_Group__MID--AUDIO_06_R1_2013_wav--1.wav,data\raw\maestro-v3.0.0\2013\ORIG-MIDI_02_7_6_13_Group__MID--AUDIO_06_R1_2013_wav--1.midi,data\raw\maestro-v3.0.0\2013\ORIG-MIDI_02_7_6_13_Group__MID--AUDIO_06_R1_2013_wav--1.wav,train,ludwig_van_beethoven__sonata_no_7_in_d_major_op_10_no_3_1st_mov,Classical,1
track_001034,Ludwig van Beethoven,"Sonata No. 7 in D Major, Op. 10 No. 3, 1st mov.",2013,397.789399219,2013/ORIG-MIDI_01_7_7_13_Group__MID--AUDIO_13_R1_2013_wav--2.midi,2013/ORIG-MIDI_01_7_7_13_Group__MID--AUDIO_13_R1_2013_wav--2.wav,data\raw\maestro-v3.0.0\2013\ORIG-MIDI_01_7_7_13_Group__MID--AUDIO_13_R1_2013_wav--2.midi,data\raw\maestro-v3.0.0\2013\ORIG-MIDI_01_7_7_13_Group__MID--AUDIO_13_R1_2013_wav--2.wav,train,ludwig_van_beethoven__sonata_no_7_in_d_major_op_10_no_3_1st_mov,Classical,1
track_001035,Ludwig van Beethoven,"Sonata No. 7 in D Major, Op. 10 No. 3, First Movement",2011,278.132734688,2011/MIDI-Unprocessed_06_R1_2011_MID--AUDIO_R1-D2_15_Track15_wav.midi,2011/MIDI-Unprocessed_06_R1_2011_MID--AUDIO_R1-D2_15_Track15_wav.wav,data\raw\maestro-v3.0.0\2011\MIDI-Unprocessed_06_R1_2011_MID--AUDIO_R1-D2_15_Track15_wav.midi,data\raw\maestro-v3.0.0\2011\MIDI-Unprocessed_06_R1_2011_MID--AUDIO_R1-D2_15_Track15_wav.wav,train,ludwig_van_beethoven__sonata_no_7_in_d_major_op_10_no_3_first_movement,Classical,1
track_001036,Ludwig van Beethoven,"Sonata No. 7, Op. 10 No. 3 in D Major, I. Presto",2017,304.532695817,2017/MIDI-Unprocessed_047_PIANO047_MID--AUDIO-split_07-06-17_Piano-e_2-04_wav--1.midi,2017/MIDI-Unprocessed_047_PIANO047_MID--AUDIO-split_07-06-17_Piano-e_2-04_wav--1.wav,data\raw\maestro-v3.0.0\2017\MIDI-Unprocessed_047_PIANO047_MID--AUDIO-split_07-06-17_Piano-e_2-04_wav--1.midi,data\raw\maestro-v3.0.0\2017\MIDI-Unprocessed_047_PIANO047_MID--AUDIO-split_07-06-17_Piano-e_2-04_wav--1.wav,train,ludwig_van_beethoven__sonata_no_7_op_10_no_3_in_d_major_i_presto,Classical,1
track_001037,Ludwig van Beethoven,"Sonata No. 7, Op. 10 No. 3 in D Major, I. Presto",2017,289.1011475,2017/MIDI-Unprocessed_067_PIANO067_MID--AUDIO-split_07-07-17_Piano-e_3-03_wav--2.midi,2017/MIDI-Unprocessed_067_PIANO067_MID--AUDIO-split_07-07-17_Piano-e_3-03_wav--2.wav,data\raw\maestro-v3.0.0\2017\MIDI-Unprocessed_067_PIANO067_MID--AUDIO-split_07-07-17_Piano-e_3-03_wav--2.midi,data\raw\maestro-v3.0.0\2017\MIDI-Unprocessed_067_PIANO067_MID--AUDIO-split_07-07-17_Piano-e_3-03_wav--2.wav,train,ludwig_van_beethoven__sonata_no_7_op_10_no_3_in_d_major_i_presto,Classical,1
track_001038,Ludwig van Beethoven,"Sonata No. 8 in C Minor, Op.13",2009,921.498811406,2009/MIDI-Unprocessed_09_R1_2009_01-04_ORIG_MID--AUDIO_09_R1_2009_09_R1_2009_03_WAV.midi,2009/MIDI-Unprocessed_09_R1_2009_01-04_ORIG_MID--AUDIO_09_R1_2009_09_R1_2009_03_WAV.wav,data\raw\maestro-v3.0.0\2009\MIDI-Unprocessed_09_R1_2009_01-04_ORIG_MID--AUDIO_09_R1_2009_09_R1_2009_03_WAV.midi,data\raw\maestro-v3.0.0\2009\MIDI-Unprocessed_09_R1_2009_01-04_ORIG_MID--AUDIO_09_R1_2009_09_R1_2009_03_WAV.wav,test,ludwig_van_beethoven__sonata_no_8_in_c_minor_op_13,Classical,1
track_001039,Ludwig van Beethoven,Sonata Op. 10/3,2006,1405.96413891,2006/MIDI-Unprocessed_10_R1_2006_01-04_ORIG_MID--AUDIO_10_R1_2006_02_Track02_wav.midi,2006/MIDI-Unprocessed_10_R1_2006_01-04_ORIG_MID--AUDIO_10_R1_2006_02_Track02_wav.wav,data\raw\maestro-v3.0.0\2006\MIDI-Unprocessed_10_R1_2006_01-04_ORIG_MID--AUDIO_10_R1_2006_02_Track02_wav.midi,data\raw\maestro-v3.0.0\2006\MIDI-Unprocessed_10_R1_2006_01-04_ORIG_MID--AUDIO_10_R1_2006_02_Track02_wav.wav,train,ludwig_van_beethoven__sonata_op_10_3,Classical,1
track_001040,Ludwig van Beethoven,Sonata Op. 101,2006,1256.10718406,2006/MIDI-Unprocessed_21_R1_2006_01-04_ORIG_MID--AUDIO_21_R1_2006_02_Track02_wav.midi,2006/MIDI-Unprocessed_21_R1_2006_01-04_ORIG_MID--AUDIO_21_R1_2006_02_Track02_wav.wav,data\raw\maestro-v3.0.0\2006\MIDI-Unprocessed_21_R1_2006_01-04_ORIG_MID--AUDIO_21_R1_2006_02_Track02_wav.midi,data\raw\maestro-v3.0.0\2006\MIDI-Unprocessed_21_R1_2006_01-04_ORIG_MID--AUDIO_21_R1_2006_02_Track02_wav.wav,train,ludwig_van_beethoven__sonata_op_101,Classical,1
track_001041,Ludwig van Beethoven,Sonata Op. 110,2006,1075.70805891,2006/MIDI-Unprocessed_13_R1_2006_01-06_ORIG_MID--AUDIO_13_R1_2006_02_Track02_wav.midi,2006/MIDI-Unprocessed_13_R1_2006_01-06_ORIG_MID--AUDIO_13_R1_2006_02_Track02_wav.wav,data\raw\maestro-v3.0.0\2006\MIDI-Unprocessed_13_R1_2006_01-06_ORIG_MID--AUDIO_13_R1_2006_02_Track02_wav.midi,data\raw\maestro-v3.0.0\2006\MIDI-Unprocessed_13_R1_2006_01-06_ORIG_MID--AUDIO_13_R1_2006_02_Track02_wav.wav,train,ludwig_van_beethoven__sonata_op_110,Classical,1
track_001042,Ludwig van Beethoven,"Sonata Op. 31, No. 3 in E-flat Major",2004,1118.90161376,2004/MIDI-Unprocessed_XP_15_R1_2004_03_ORIG_MID--AUDIO_15_R1_2004_03_Track03_wav.midi,2004/MIDI-Unprocessed_XP_15_R1_2004_03_ORIG_MID--AUDIO_15_R1_2004_03_Track03_wav.wav,data\raw\maestro-v3.0.0\2004\MIDI-Unprocessed_XP_15_R1_2004_03_ORIG_MID--AUDIO_15_R1_2004_03_Track03_wav.midi,data\raw\maestro-v3.0.0\2004\MIDI-Unprocessed_XP_15_R1_2004_03_ORIG_MID--AUDIO_15_R1_2004_03_Track03_wav.wav,test,ludwig_van_beethoven__sonata_op_31_no_3_in_e_flat_major,Classical,1
track_001043,Ludwig van Beethoven,Sonata Op. 54 in F Major,2004,534.516585565,2004/MIDI-Unprocessed_XP_15_R1_2004_01-02_ORIG_MID--AUDIO_15_R1_2004_01_Track01_wav.midi,2004/MIDI-Unprocessed_XP_15_R1_2004_01-02_ORIG_MID--AUDIO_15_R1_2004_01_Track01_wav.wav,data\raw\maestro-v3.0.0\2004\MIDI-Unprocessed_XP_15_R1_2004_01-02_ORIG_MID--AUDIO_15_R1_2004_01_Track01_wav.midi,data\raw\maestro-v3.0.0\2004\MIDI-Unprocessed_XP_15_R1_2004_01-02_ORIG_MID--AUDIO_15_R1_2004_01_Track01_wav.wav,train,ludwig_van_beethoven__sonata_op_54_in_f_major,Classical,1
track_001044,Ludwig van Beethoven,Sonata Op. 78,2006,470.609839219,2006/MIDI-Unprocessed_05_R1_2006_01-05_ORIG_MID--AUDIO_05_R1_2006_01_Track01_wav.midi,2006/MIDI-Unprocessed_05_R1_2006_01-05_ORIG_MID--AUDIO_05_R1_2006_01_Track01_wav.wav,data\raw\maestro-v3.0.0\2006\MIDI-Unprocessed_05_R1_2006_01-05_ORIG_MID--AUDIO_05_R1_2006_01_Track01_wav.midi,data\raw\maestro-v3.0.0\2006\MIDI-Unprocessed_05_R1_2006_01-05_ORIG_MID--AUDIO_05_R1_2006_01_Track01_wav.wav,train,ludwig_van_beethoven__sonata_op_78,Classical,1
track_001045,Ludwig van Beethoven,"Sonata Op. 81 No. 26, 'Les Adieux'",2004,370.492842696,2004/MIDI-Unprocessed_SMF_17_R1_2004_01-03_ORIG_MID--AUDIO_17_R1_2004_02_Track02_wav--2.midi,2004/MIDI-Unprocessed_SMF_17_R1_2004_01-03_ORIG_MID--AUDIO_17_R1_2004_02_Track02_wav--2.wav,data\raw\maestro-v3.0.0\2004\MIDI-Unprocessed_SMF_17_R1_2004_01-03_ORIG_MID--AUDIO_17_R1_2004_02_Track02_wav--2.midi,data\raw\maestro-v3.0.0\2004\MIDI-Unprocessed_SMF_17_R1_2004_01-03_ORIG_MID--AUDIO_17_R1_2004_02_Track02_wav--2.wav,train,ludwig_van_beethoven__sonata_op_81_no_26_les_adieux,Classical,1
track_001046,Ludwig van Beethoven,"Sonata Op. 81 No. 26, 'Les Adieux'",2004,563.933165452,2004/MIDI-Unprocessed_SMF_17_R1_2004_01-03_ORIG_MID--AUDIO_17_R1_2004_03_Track03_wav.midi,2004/MIDI-Unprocessed_SMF_17_R1_2004_01-03_ORIG_MID--AUDIO_17_R1_2004_03_Track03_wav.wav,data\raw\maestro-v3.0.0\2004\MIDI-Unprocessed_SMF_17_R1_2004_01-03_ORIG_MID--AUDIO_17_R1_2004_03_Track03_wav.midi,data\raw\maestro-v3.0.0\2004\MIDI-Unprocessed_SMF_17_R1_2004_01-03_ORIG_MID--AUDIO_17_R1_2004_03_Track03_wav.wav,train,ludwig_van_beethoven__sonata_op_81_no_26_les_adieux,Classical,1
track_001047,Ludwig van Beethoven,"Sonata in A-flat, Op. 110",2004,362.762818735,2004/MIDI-Unprocessed_XP_01_R1_2004_01-02_ORIG_MID--AUDIO_01_R1_2004_02_Track02_wav.midi,2004/MIDI-Unprocessed_XP_01_R1_2004_01-02_ORIG_MID--AUDIO_01_R1_2004_02_Track02_wav.wav,data\raw\maestro-v3.0.0\2004\MIDI-Unprocessed_XP_01_R1_2004_01-02_ORIG_MID--AUDIO_01_R1_2004_02_Track02_wav.midi,data\raw\maestro-v3.0.0\2004\MIDI-Unprocessed_XP_01_R1_2004_01-02_ORIG_MID--AUDIO_01_R1_2004_02_Track02_wav.wav,train,ludwig_van_beethoven__sonata_in_a_flat_op_110,Classical,1
track_001048,Ludwig van Beethoven,"Sonata in A-flat, Op. 110",2004,732.784163067,2004/MIDI-Unprocessed_XP_01_R1_2004_01-02_ORIG_MID--AUDIO_01_R1_2004_03_Track03_wav.midi,2004/MIDI-Unprocessed_XP_01_R1_2004_01-02_ORIG_MID--AUDIO_01_R1_2004_03_Track03_wav.wav,data\raw\maestro-v3.0.0\2004\MIDI-Unprocessed_XP_01_R1_2004_01-02_ORIG_MID--AUDIO_01_R1_2004_03_Track03_wav.midi,data\raw\maestro-v3.0.0\2004\MIDI-Unprocessed_XP_01_R1_2004_01-02_ORIG_MID--AUDIO_01_R1_2004_03_Track03_wav.wav,train,ludwig_van_beethoven__sonata_in_a_flat_op_110,Classical,1
track_001049,Ludwig van Beethoven,"Sonata in A-flat, Op. 110",2009,1183.00228922,2009/MIDI-Unprocessed_21_R1_2009_01-03_ORIG_MID--AUDIO_21_R1_2009_21_R1_2009_01_WAV.midi,2009/MIDI-Unprocessed_21_R1_2009_01-03_ORIG_MID--AUDIO_21_R1_2009_21_R1_2009_01_WAV.wav,data\raw\maestro-v3.0.0\2009\MIDI-Unprocessed_21_R1_2009_01-03_ORIG_MID--AUDIO_21_R1_2009_21_R1_2009_01_WAV.midi,data\raw\maestro-v3.0.0\2009\MIDI-Unprocessed_21_R1_2009_01-03_ORIG_MID--AUDIO_21_R1_2009_21_R1_2009_01_WAV.wav,train,ludwig_van_beethoven__sonata_in_a_flat_op_110,Classical,1
track_001050,Ludwig van Beethoven,"Sonata in C Major, Op. 2 No. 3, 1st mov.",2013,422.9696625,2013/ORIG-MIDI_02_7_7_13_Group__MID--AUDIO_16_R1_2013_wav--2.midi,2013/ORIG-MIDI_02_7_7_13_Group__MID--AUDIO_16_R1_2013_wav--2.wav,data\raw\maestro-v3.0.0\2013\ORIG-MIDI_02_7_7_13_Group__MID--AUDIO_16_R1_2013_wav--2.midi,data\raw\maestro-v3.0.0\2013\ORIG-MIDI_02_7_7_13_Group__MID--AUDIO_16_R1_2013_wav--2.wav,test,ludwig_van_beethoven__sonata_in_c_major_op_2_no_3_1st_mov,Classical,1
track_001051,Ludwig van Beethoven,"Sonata in C Major, Op. 53 'Waldstein'",2004,804.745489242,2004/MIDI-Unprocessed_SMF_22_R1_2004_01-04_ORIG_MID--AUDIO_22_R1_2004_10_Track10_wav.midi,2004/MIDI-Unprocessed_SMF_22_R1_2004_01-04_ORIG_MID--AUDIO_22_R1_2004_10_Track10_wav.wav,data\raw\maestro-v3.0.0\2004\MIDI-Unprocessed_SMF_22_R1_2004_01-04_ORIG_MID--AUDIO_22_R1_2004_10_Track10_wav.midi,data\raw\maestro-v3.0.0\2004\MIDI-Unprocessed_SMF_22_R1_2004_01-04_ORIG_MID--AUDIO_22_R1_2004_10_Track10_wav.wav,train,ludwig_van_beethoven__sonata_in_c_major_op_53_waldstein,Classical,1
track_001052,Ludwig van Beethoven,"Sonata in D Minor, Op. 31 No. 2 ""Tempest""",2018,1451.39945672,2018/MIDI-Unprocessed_Recital5-7_MID--AUDIO_06_R1_2018_wav--2.midi,2018/MIDI-Unprocessed_Recital5-7_MID--AUDIO_06_R1_2018_wav--2.wav,data\raw\maestro-v3.0.0\2018\MIDI-Unprocessed_Recital5-7_MID--AUDIO_06_R1_2018_wav--2.midi,data\raw\maestro-v3.0.0\2018\MIDI-Unprocessed_Recital5-7_MID--AUDIO_06_R1_2018_wav--2.wav,train,ludwig_van_beethoven__sonata_in_d_minor_op_31_no_2_tempest,Classical,1
track_001053,Ludwig van Beethoven,"Sonata in D minor, Op. 31, No. 2",2004,497.066909717,2004/MIDI-Unprocessed_XP_21_R1_2004_02_ORIG_MID--AUDIO_21_R1_2004_02_Track02_wav.midi,2004/MIDI-Unprocessed_XP_21_R1_2004_02_ORIG_MID--AUDIO_21_R1_2004_02_Track02_wav.wav,data\raw\maestro-v3.0.0\2004\MIDI-Unprocessed_XP_21_R1_2004_02_ORIG_MID--AUDIO_21_R1_2004_02_Track02_wav.midi,data\raw\maestro-v3.0.0\2004\MIDI-Unprocessed_XP_21_R1_2004_02_ORIG_MID--AUDIO_21_R1_2004_02_Track02_wav.wav,train,ludwig_van_beethoven__sonata_in_d_minor_op_31_no_2,Classical,1
track_001054,Ludwig van Beethoven,"Sonata in D minor, Op. 31, No. 2",2004,781.777608279,2004/MIDI-Unprocessed_XP_21_R1_2004_02_ORIG_MID--AUDIO_21_R1_2004_03_Track03_wav.midi,2004/MIDI-Unprocessed_XP_21_R1_2004_02_ORIG_MID--AUDIO_21_R1_2004_03_Track03_wav.wav,data\raw\maestro-v3.0.0\2004\MIDI-Unprocessed_XP_21_R1_2004_02_ORIG_MID--AUDIO_21_R1_2004_03_Track03_wav.midi,data\raw\maestro-v3.0.0\2004\MIDI-Unprocessed_XP_21_R1_2004_02_ORIG_MID--AUDIO_21_R1_2004_03_Track03_wav.wav,train,ludwig_van_beethoven__sonata_in_d_minor_op_31_no_2,Classical,1
track_001055,Ludwig van Beethoven,"Sonata in E Major, Op. 109",2018,1114.77319078,2018/MIDI-Unprocessed_Recital5-7_MID--AUDIO_05_R1_2018_wav--1.midi,2018/MIDI-Unprocessed_Recital5-7_MID--AUDIO_05_R1_2018_wav--1.wav,data\raw\maestro-v3.0.0\2018\MIDI-Unprocessed_Recital5-7_MID--AUDIO_05_R1_2018_wav--1.midi,data\raw\maestro-v3.0.0\2018\MIDI-Unprocessed_Recital5-7_MID--AUDIO_05_R1_2018_wav--1.wav,train,ludwig_van_beethoven__sonata_in_e_major_op_109,Classical,1
track_001056,Ludwig van Beethoven,"Sonata in E Major, Op. 14, No. 1",2009,753.739897969,2009/MIDI-Unprocessed_17_R1_2009_01-03_ORIG_MID--AUDIO_17_R1_2009_17_R1_2009_01_WAV.midi,2009/MIDI-Unprocessed_17_R1_2009_01-03_ORIG_MID--AUDIO_17_R1_2009_17_R1_2009_01_WAV.wav,data\raw\maestro-v3.0.0\2009\MIDI-Unprocessed_17_R1_2009_01-03_ORIG_MID--AUDIO_17_R1_2009_17_R1_2009_01_WAV.midi,data\raw\maestro-v3.0.0\2009\MIDI-Unprocessed_17_R1_2009_01-03_ORIG_MID--AUDIO_17_R1_2009_17_R1_2009_01_WAV.wav,test,ludwig_van_beethoven__sonata_in_e_major_op_14_no_1,Classical,1
track_001057,Ludwig van Beethoven,"Sonata in E-flat Major, Op. 81a",2009,934.418136094,2009/MIDI-Unprocessed_20_R1_2009_01-05_ORIG_MID--AUDIO_20_R1_2009_20_R1_2009_01_WAV.midi,2009/MIDI-Unprocessed_20_R1_2009_01-05_ORIG_MID--AUDIO_20_R1_2009_20_R1_2009_01_WAV.wav,data\raw\maestro-v3.0.0\2009\MIDI-Unprocessed_20_R1_2009_01-05_ORIG_MID--AUDIO_20_R1_2009_20_R1_2009_01_WAV.midi,data\raw\maestro-v3.0.0\2009\MIDI-Unprocessed_20_R1_2009_01-05_ORIG_MID--AUDIO_20_R1_2009_20_R1_2009_01_WAV.wav,train,ludwig_van_beethoven__sonata_in_e_flat_major_op_81a,Classical,1
track_001058,Ludwig van Beethoven,"Thirty-Two Variaions in C Minor, WoO80",2011,628.812138281,2011/MIDI-Unprocessed_12_R3_2011_MID--AUDIO_R3-D4_03_Track03_wav.midi,2011/MIDI-Unprocessed_12_R3_2011_MID--AUDIO_R3-D4_03_Track03_wav.wav,data\raw\maestro-v3.0.0\2011\MIDI-Unprocessed_12_R3_2011_MID--AUDIO_R3-D4_03_Track03_wav.midi,data\raw\maestro-v3.0.0\2011\MIDI-Unprocessed_12_R3_2011_MID--AUDIO_R3-D4_03_Track03_wav.wav,train,ludwig_van_beethoven__thirty_two_variaions_in_c_minor_woo80,Classical,1
track_001059,Ludwig van Beethoven,"Thirty-Two Variaions in C Minor, WoO80",2011,582.602248594,2011/MIDI-Unprocessed_17_R3_2011_MID--AUDIO_R3-D6_02_Track02_wav.midi,2011/MIDI-Unprocessed_17_R3_2011_MID--AUDIO_R3-D6_02_Track02_wav.wav,data\raw\maestro-v3.0.0\2011\MIDI-Unprocessed_17_R3_2011_MID--AUDIO_R3-D6_02_Track02_wav.midi,data\raw\maestro-v3.0.0\2011\MIDI-Unprocessed_17_R3_2011_MID--AUDIO_R3-D6_02_Track02_wav.wav,train,ludwig_van_beethoven__thirty_two_variaions_in_c_minor_woo80,Classical,1
track_001060,Ludwig van Beethoven,"Thirty-Two Variaions in C Minor, WoO80",2011,615.112899844,2011/MIDI-Unprocessed_22_R3_2011_MID--AUDIO_R3-D7_03_Track03_wav.midi,2011/MIDI-Unprocessed_22_R3_2011_MID--AUDIO_R3-D7_03_Track03_wav.wav,data\raw\maestro-v3.0.0\2011\MIDI-Unprocessed_22_R3_2011_MID--AUDIO_R3-D7_03_Track03_wav.midi,data\raw\maestro-v3.0.0\2011\MIDI-Unprocessed_22_R3_2011_MID--AUDIO_R3-D7_03_Track03_wav.wav,train,ludwig_van_beethoven__thirty_two_variaions_in_c_minor_woo80,Classical,1
track_001061,Ludwig van Beethoven,"Thirty-Two Variaions in C Minor, WoO80",2011,630.735213281,2011/MIDI-Unprocessed_25_R3_2011_MID--AUDIO_R3-D9_04_Track04_wav.midi,2011/MIDI-Unprocessed_25_R3_2011_MID--AUDIO_R3-D9_04_Track04_wav.wav,data\raw\maestro-v3.0.0\2011\MIDI-Unprocessed_25_R3_2011_MID--AUDIO_R3-D9_04_Track04_wav.midi,data\raw\maestro-v3.0.0\2011\MIDI-Unprocessed_25_R3_2011_MID--AUDIO_R3-D9_04_Track04_wav.wav,train,ludwig_van_beethoven__thirty_two_variaions_in_c_minor_woo80,Classical,1
track_001062,Ludwig van Beethoven,"Thirty-Two Variations  in C Minor, WoO 80",2015,649.673958333,2015/MIDI-Unprocessed_R2_D2-19-21-22_mid--AUDIO-from_mp3_19_R2_2015_wav--2.midi,2015/MIDI-Unprocessed_R2_D2-19-21-22_mid--AUDIO-from_mp3_19_R2_2015_wav--2.wav,data\raw\maestro-v3.0.0\2015\MIDI-Unprocessed_R2_D2-19-21-22_mid--AUDIO-from_mp3_19_R2_2015_wav--2.midi,data\raw\maestro-v3.0.0\2015\MIDI-Unprocessed_R2_D2-19-21-22_mid--AUDIO-from_mp3_19_R2_2015_wav--2.wav,train,ludwig_van_beethoven__thirty_two_variations_in_c_minor_woo_80,Classical,1
track_001063,Ludwig van Beethoven,"Thirty-Two Variations in C Minor, WoO 80",2008,544.017885469,2008/MIDI-Unprocessed_02_R3_2008_01-03_ORIG_MID--AUDIO_02_R3_2008_wav--1.midi,2008/MIDI-Unprocessed_02_R3_2008_01-03_ORIG_MID--AUDIO_02_R3_2008_wav--1.wav,data\raw\maestro-v3.0.0\2008\MIDI-Unprocessed_02_R3_2008_01-03_ORIG_MID--AUDIO_02_R3_2008_wav--1.midi,data\raw\maestro-v3.0.0\2008\MIDI-Unprocessed_02_R3_2008_01-03_ORIG_MID--AUDIO_02_R3_2008_wav--1.wav,train,ludwig_van_beethoven__thirty_two_variations_in_c_minor_woo_80,Classical,1
track_001064,Ludwig van Beethoven,"Thirty-Two Variations in C Minor, WoO 80",2008,638.0976525,2008/MIDI-Unprocessed_03_R3_2008_01-03_ORIG_MID--AUDIO_03_R3_2008_wav--1.midi,2008/MIDI-Unprocessed_03_R3_2008_01-03_ORIG_MID--AUDIO_03_R3_2008_wav--1.wav,data\raw\maestro-v3.0.0\2008\MIDI-Unprocessed_03_R3_2008_01-03_ORIG_MID--AUDIO_03_R3_2008_wav--1.midi,data\raw\maestro-v3.0.0\2008\MIDI-Unprocessed_03_R3_2008_01-03_ORIG_MID--AUDIO_03_R3_2008_wav--1.wav,train,ludwig_van_beethoven__thirty_two_variations_in_c_minor_woo_80,Classical,1
track_001065,Ludwig van Beethoven,"Thirty-Two Variations in C Minor, WoO 80",2008,644.729590313,2008/MIDI-Unprocessed_04_R3_2008_01-07_ORIG_MID--AUDIO_04_R3_2008_wav--1.midi,2008/MIDI-Unprocessed_04_R3_2008_01-07_ORIG_MID--AUDIO_04_R3_2008_wav--1.wav,data\raw\maestro-v3.0.0\2008\MIDI-Unprocessed_04_R3_2008_01-07_ORIG_MID--AUDIO_04_R3_2008_wav--1.midi,data\raw\maestro-v3.0.0\2008\MIDI-Unprocessed_04_R3_2008_01-07_ORIG_MID--AUDIO_04_R3_2008_wav--1.wav,train,ludwig_van_beethoven__thirty_two_variations_in_c_minor_woo_80,Classical,1
track_001066,Ludwig van Beethoven,"Thirty-Two Variations in C Minor, WoO 80",2008,652.961419687,2008/MIDI-Unprocessed_09_R3_2008_01-07_ORIG_MID--AUDIO_09_R3_2008_wav--4.midi,2008/MIDI-Unprocessed_09_R3_2008_01-07_ORIG_MID--AUDIO_09_R3_2008_wav--4.wav,data\raw\maestro-v3.0.0\2008\MIDI-Unprocessed_09_R3_2008_01-07_ORIG_MID--AUDIO_09_R3_2008_wav--4.midi,data\raw\maestro-v3.0.0\2008\MIDI-Unprocessed_09_R3_2008_01-07_ORIG_MID--AUDIO_09_R3_2008_wav--4.wav,train,ludwig_van_beethoven__thirty_two_variations_in_c_minor_woo_80,Classical,1
track_001067,Ludwig van Beethoven,"Thirty-Two Variations in C Minor, WoO 80",2008,618.502319531,2008/MIDI-Unprocessed_12_R3_2008_01-04_ORIG_MID--AUDIO_12_R3_2008_wav--1.midi,2008/MIDI-Unprocessed_12_R3_2008_01-04_ORIG_MID--AUDIO_12_R3_2008_wav--1.wav,data\raw\maestro-v3.0.0\2008\MIDI-Unprocessed_12_R3_2008_01-04_ORIG_MID--AUDIO_12_R3_2008_wav--1.midi,data\raw\maestro-v3.0.0\2008\MIDI-Unprocessed_12_R3_2008_01-04_ORIG_MID--AUDIO_12_R3_2008_wav--1.wav,train,ludwig_van_beethoven__thirty_two_variations_in_c_minor_woo_80,Classical,1
track_001068,Ludwig van Beethoven,"Thirty-Two Variations in C Minor, WoO 80",2015,578.201041667,2015/MIDI-Unprocessed_R2_D2-12-13-15_mid--AUDIO-from_mp3_12_R2_2015_wav--1.midi,2015/MIDI-Unprocessed_R2_D2-12-13-15_mid--AUDIO-from_mp3_12_R2_2015_wav--1.wav,data\raw\maestro-v3.0.0\2015\MIDI-Unprocessed_R2_D2-12-13-15_mid--AUDIO-from_mp3_12_R2_2015_wav--1.midi,data\raw\maestro-v3.0.0\2015\MIDI-Unprocessed_R2_D2-12-13-15_mid--AUDIO-from_mp3_12_R2_2015_wav--1.wav,train,ludwig_van_beethoven__thirty_two_variations_in_c_minor_woo_80,Classical,1
track_001069,Ludwig van Beethoven,"Thirty-Two Variations in C Minor, WoO 80",2015,673.126041667,2015/MIDI-Unprocessed_R2_D2-19-21-22_mid--AUDIO-from_mp3_21_R2_2015_wav--2.midi,2015/MIDI-Unprocessed_R2_D2-19-21-22_mid--AUDIO-from_mp3_21_R2_2015_wav--2.wav,data\raw\maestro-v3.0.0\2015\MIDI-Unprocessed_R2_D2-19-21-22_mid--AUDIO-from_mp3_21_R2_2015_wav--2.midi,data\raw\maestro-v3.0.0\2015\MIDI-Unprocessed_R2_D2-19-21-22_mid--AUDIO-from_mp3_21_R2_2015_wav--2.wav,train,ludwig_van_beethoven__thirty_two_variations_in_c_minor_woo_80,Classical,1
track_001070,Ludwig van Beethoven,"Thirty-Two Variations in C Minor, WoO 80",2015,669.285416667,2015/MIDI-Unprocessed_R2_D2-19-21-22_mid--AUDIO-from_mp3_22_R2_2015_wav--2.midi,2015/MIDI-Unprocessed_R2_D2-19-21-22_mid--AUDIO-from_mp3_22_R2_2015_wav--2.wav,data\raw\maestro-v3.0.0\2015\MIDI-Unprocessed_R2_D2-19-21-22_mid--AUDIO-from_mp3_22_R2_2015_wav--2.midi,data\raw\maestro-v3.0.0\2015\MIDI-Unprocessed_R2_D2-19-21-22_mid--AUDIO-from_mp3_22_R2_2015_wav--2.wav,train,ludwig_van_beethoven__thirty_two_variations_in_c_minor_woo_80,Classical,1
track_001071,Ludwig van Beethoven,"Thirty-Two Variations in C Minor, WoO 80",2013,802.034454375,2013/ORIG-MIDI_01_7_10_13_Group_MID--AUDIO_07_R3_2013_wav--2.midi,2013/ORIG-MIDI_01_7_10_13_Group_MID--AUDIO_07_R3_2013_wav--2.wav,data\raw\maestro-v3.0.0\2013\ORIG-MIDI_01_7_10_13_Group_MID--AUDIO_07_R3_2013_wav--2.midi,data\raw\maestro-v3.0.0\2013\ORIG-MIDI_01_7_10_13_Group_MID--AUDIO_07_R3_2013_wav--2.wav,train,ludwig_van_beethoven__thirty_two_variations_in_c_minor_woo_80,Classical,1
track_001072,Ludwig van Beethoven,"Thirty-Two Variations in C Minor, WoO 80",2013,602.1575175,2013/ORIG-MIDI_01_7_10_13_Group_MID--AUDIO_08_R3_2013_wav--1.midi,2013/ORIG-MIDI_01_7_10_13_Group_MID--AUDIO_08_R3_2013_wav--1.wav,data\raw\maestro-v3.0.0\2013\ORIG-MIDI_01_7_10_13_Group_MID--AUDIO_08_R3_2013_wav--1.midi,data\raw\maestro-v3.0.0\2013\ORIG-MIDI_01_7_10_13_Group_MID--AUDIO_08_R3_2013_wav--1.wav,train,ludwig_van_beethoven__thirty_two_variations_in_c_minor_woo_80,Classical,1
track_001073,Ludwig van Beethoven,"Thirty-Two Variations in C Minor, WoO 80",2013,663.106975781,2013/ORIG-MIDI_02_7_10_13_Group_MID--AUDIO_12_R3_2013_wav--1.midi,2013/ORIG-MIDI_02_7_10_13_Group_MID--AUDIO_12_R3_2013_wav--1.wav,data\raw\maestro-v3.0.0\2013\ORIG-MIDI_02_7_10_13_Group_MID--AUDIO_12_R3_2013_wav--1.midi,data\raw\maestro-v3.0.0\2013\ORIG-MIDI_02_7_10_13_Group_MID--AUDIO_12_R3_2013_wav--1.wav,train,ludwig_van_beethoven__thirty_two_variations_in_c_minor_woo_80,Classical,1
track_001074,Ludwig van Beethoven,"Thirty-Two Variations in C Minor, WoO 80",2017,604.837848246,2017/MIDI-Unprocessed_071_PIANO071_MID--AUDIO-split_07-08-17_Piano-e_1-04_wav--1.midi,2017/MIDI-Unprocessed_071_PIANO071_MID--AUDIO-split_07-08-17_Piano-e_1-04_wav--1.wav,data\raw\maestro-v3.0.0\2017\MIDI-Unprocessed_071_PIANO071_MID--AUDIO-split_07-08-17_Piano-e_1-04_wav--1.midi,data\raw\maestro-v3.0.0\2017\MIDI-Unprocessed_071_PIANO071_MID--AUDIO-split_07-08-17_Piano-e_1-04_wav--1.wav,train,ludwig_van_beethoven__thirty_two_variations_in_c_minor_woo_80,Classical,1
track_001075,Ludwig van Beethoven,"Thirty-Two Variations in C Minor, WoO 80",2017,665.632422146,2017/MIDI-Unprocessed_073_PIANO073_MID--AUDIO-split_07-08-17_Piano-e_2-02_wav--1.midi,2017/MIDI-Unprocessed_073_PIANO073_MID--AUDIO-split_07-08-17_Piano-e_2-02_wav--1.wav,data\raw\maestro-v3.0.0\2017\MIDI-Unprocessed_073_PIANO073_MID--AUDIO-split_07-08-17_Piano-e_2-02_wav--1.midi,data\raw\maestro-v3.0.0\2017\MIDI-Unprocessed_073_PIANO073_MID--AUDIO-split_07-08-17_Piano-e_2-02_wav--1.wav,train,ludwig_van_beethoven__thirty_two_variations_in_c_minor_woo_80,Classical,1
track_001076,Ludwig van Beethoven,"Thirty-Two Variations in C Minor, WoO 80",2017,607.643390054,2017/MIDI-Unprocessed_075_PIANO075_MID--AUDIO-split_07-08-17_Piano-e_2-06_wav--2.midi,2017/MIDI-Unprocessed_075_PIANO075_MID--AUDIO-split_07-08-17_Piano-e_2-06_wav--2.wav,data\raw\maestro-v3.0.0\2017\MIDI-Unprocessed_075_PIANO075_MID--AUDIO-split_07-08-17_Piano-e_2-06_wav--2.midi,data\raw\maestro-v3.0.0\2017\MIDI-Unprocessed_075_PIANO075_MID--AUDIO-split_07-08-17_Piano-e_2-06_wav--2.wav,train,ludwig_van_beethoven__thirty_two_variations_in_c_minor_woo_80,Classical,1
track_001077,Ludwig van Beethoven,"Thirty-Two Variations in C Minor, WoO 80",2017,599.888086175,2017/MIDI-Unprocessed_078_PIANO078_MID--AUDIO-split_07-09-17_Piano-e_1-02_wav--1.midi,2017/MIDI-Unprocessed_078_PIANO078_MID--AUDIO-split_07-09-17_Piano-e_1-02_wav--1.wav,data\raw\maestro-v3.0.0\2017\MIDI-Unprocessed_078_PIANO078_MID--AUDIO-split_07-09-17_Piano-e_1-02_wav--1.midi,data\raw\maestro-v3.0.0\2017\MIDI-Unprocessed_078_PIANO078_MID--AUDIO-split_07-09-17_Piano-e_1-02_wav--1.wav,train,ludwig_van_beethoven__thirty_two_variations_in_c_minor_woo_80,Classical,1
track_001078,Ludwig van Beethoven,"Thirty-Two Variations in C Minor, WoO 80",2017,679.707139504,2017/MIDI-Unprocessed_079_PIANO079_MID--AUDIO-split_07-09-17_Piano-e_1-04_wav--3.midi,2017/MIDI-Unprocessed_079_PIANO079_MID--AUDIO-split_07-09-17_Piano-e_1-04_wav--3.wav,data\raw\maestro-v3.0.0\2017\MIDI-Unprocessed_079_PIANO079_MID--AUDIO-split_07-09-17_Piano-e_1-04_wav--3.midi,data\raw\maestro-v3.0.0\2017\MIDI-Unprocessed_079_PIANO079_MID--AUDIO-split_07-09-17_Piano-e_1-04_wav--3.wav,train,ludwig_van_beethoven__thirty_two_variations_in_c_minor_woo_80,Classical,1
track_001079,Ludwig van Beethoven,"Thirty-Two Variations in C Minor, WoO 80",2017,630.186014637,2017/MIDI-Unprocessed_080_PIANO080_MID--AUDIO-split_07-09-17_Piano-e_1-06_wav--2.midi,2017/MIDI-Unprocessed_080_PIANO080_MID--AUDIO-split_07-09-17_Piano-e_1-06_wav--2.wav,data\raw\maestro-v3.0.0\2017\MIDI-Unprocessed_080_PIANO080_MID--AUDIO-split_07-09-17_Piano-e_1-06_wav--2.midi,data\raw\maestro-v3.0.0\2017\MIDI-Unprocessed_080_PIANO080_MID--AUDIO-split_07-09-17_Piano-e_1-06_wav--2.wav,train,ludwig_van_beethoven__thirty_two_variations_in_c_minor_woo_80,Classical,1
track_001080,Ludwig van Beethoven,"Thirty-Two Variations in C Minor, WoO 80",2017,598.049419971,2017/MIDI-Unprocessed_082_PIANO082_MID--AUDIO-split_07-09-17_Piano-e_2_-04_wav--1.midi,2017/MIDI-Unprocessed_082_PIANO082_MID--AUDIO-split_07-09-17_Piano-e_2_-04_wav--1.wav,data\raw\maestro-v3.0.0\2017\MIDI-Unprocessed_082_PIANO082_MID--AUDIO-split_07-09-17_Piano-e_2_-04_wav--1.midi,data\raw\maestro-v3.0.0\2017\MIDI-Unprocessed_082_PIANO082_MID--AUDIO-split_07-09-17_Piano-e_2_-04_wav--1.wav,train,ludwig_van_beethoven__thirty_two_variations_in_c_minor_woo_80,Classical,1
track_001081,Ludwig van Beethoven,"Thirty-Two Variations in C minor, WoO 80",2013,590.600370937,2013/ORIG-MIDI_02_7_10_13_Group_MID--AUDIO_14_R3_2013_wav--1.midi,2013/ORIG-MIDI_02_7_10_13_Group_MID--AUDIO_14_R3_2013_wav--1.wav,data\raw\maestro-v3.0.0\2013\ORIG-MIDI_02_7_10_13_Group_MID--AUDIO_14_R3_2013_wav--1.midi,data\raw\maestro-v3.0.0\2013\ORIG-MIDI_02_7_10_13_Group_MID--AUDIO_14_R3_2013_wav--1.wav,train,ludwig_van_beethoven__thirty_two_variations_in_c_minor_woo_80,Classical,1
track_001082,Ludwig van Beethoven,"Thirty-Two Variations in C minor, WoO 80    ",2015,658.1875,2015/MIDI-Unprocessed_R2_D1-2-3-6-7-8-11_mid--AUDIO-from_mp3_08_R2_2015_wav--1.midi,2015/MIDI-Unprocessed_R2_D1-2-3-6-7-8-11_mid--AUDIO-from_mp3_08_R2_2015_wav--1.wav,data\raw\maestro-v3.0.0\2015\MIDI-Unprocessed_R2_D1-2-3-6-7-8-11_mid--AUDIO-from_mp3_08_R2_2015_wav--1.midi,data\raw\maestro-v3.0.0\2015\MIDI-Unprocessed_R2_D1-2-3-6-7-8-11_mid--AUDIO-from_mp3_08_R2_2015_wav--1.wav,train,ludwig_van_beethoven__thirty_two_variations_in_c_minor_woo_80,Classical,1
track_001083,Ludwig van Beethoven,"Thirty-Two Variations in C minor, WoO 80    ",2015,687.135416667,2015/MIDI-Unprocessed_R2_D1-2-3-6-7-8-11_mid--AUDIO-from_mp3_11_R2_2015_wav--1.midi,2015/MIDI-Unprocessed_R2_D1-2-3-6-7-8-11_mid--AUDIO-from_mp3_11_R2_2015_wav--1.wav,data\raw\maestro-v3.0.0\2015\MIDI-Unprocessed_R2_D1-2-3-6-7-8-11_mid--AUDIO-from_mp3_11_R2_2015_wav--1.midi,data\raw\maestro-v3.0.0\2015\MIDI-Unprocessed_R2_D1-2-3-6-7-8-11_mid--AUDIO-from_mp3_11_R2_2015_wav--1.wav,train,ludwig_van_beethoven__thirty_two_variations_in_c_minor_woo_80,Classical,1
track_001084,Ludwig van Beethoven,"Variations and Fugue in E-flat Major, Op. 35, ""Eroica""",2009,1530.08260453,2009/MIDI-Unprocessed_16_R1_2009_01-02_ORIG_MID--AUDIO_16_R1_2009_16_R1_2009_01_WAV.midi,2009/MIDI-Unprocessed_16_R1_2009_01-02_ORIG_MID--AUDIO_16_R1_2009_16_R1_2009_01_WAV.wav,data\raw\maestro-v3.0.0\2009\MIDI-Unprocessed_16_R1_2009_01-02_ORIG_MID--AUDIO_16_R1_2009_16_R1_2009_01_WAV.midi,data\raw\maestro-v3.0.0\2009\MIDI-Unprocessed_16_R1_2009_01-02_ORIG_MID--AUDIO_16_R1_2009_16_R1_2009_01_WAV.wav,validation,ludwig_van_beethoven__variations_and_fugue_in_e_flat_major_op_35_eroica,Classical,1
track_001085,Mikhail Glinka / Mily Balakirev,Lark,2008,326.59155375,2008/MIDI-Unprocessed_02_R1_2008_01-05_ORIG_MID--AUDIO_02_R1_2008_wav--5.midi,2008/MIDI-Unprocessed_02_R1_2008_01-05_ORIG_MID--AUDIO_02_R1_2008_wav--5.wav,data\raw\maestro-v3.0.0\2008\MIDI-Unprocessed_02_R1_2008_01-05_ORIG_MID--AUDIO_02_R1_2008_wav--5.midi,data\raw\maestro-v3.0.0\2008\MIDI-Unprocessed_02_R1_2008_01-05_ORIG_MID--AUDIO_02_R1_2008_wav--5.wav,train,mikhail_glinka_mily_balakirev__lark,Romantic,2
track_001086,Mikhail Glinka / Mily Balakirev,Lark,2008,294.372034687,2008/MIDI-Unprocessed_06_R1_2008_01-04_ORIG_MID--AUDIO_06_R1_2008_wav--4.midi,2008/MIDI-Unprocessed_06_R1_2008_01-04_ORIG_MID--AUDIO_06_R1_2008_wav--4.wav,data\raw\maestro-v3.0.0\2008\MIDI-Unprocessed_06_R1_2008_01-04_ORIG_MID--AUDIO_06_R1_2008_wav--4.midi,data\raw\maestro-v3.0.0\2008\MIDI-Unprocessed_06_R1_2008_01-04_ORIG_MID--AUDIO_06_R1_2008_wav--4.wav,train,mikhail_glinka_mily_balakirev__lark,Romantic,2
track_001087,Mily Balakirev,"In the Garden, Etude-Idyll",2011,255.60871875,2011/MIDI-Unprocessed_03_R3_2011_MID--AUDIO_R3-D1_06_Track06_wav.midi,2011/MIDI-Unprocessed_03_R3_2011_MID--AUDIO_R3-D1_06_Track06_wav.wav,data\raw\maestro-v3.0.0\2011\MIDI-Unprocessed_03_R3_2011_MID--AUDIO_R3-D1_06_Track06_wav.midi,data\raw\maestro-v3.0.0\2011\MIDI-Unprocessed_03_R3_2011_MID--AUDIO_R3-D1_06_Track06_wav.wav,train,mily_balakirev__in_the_garden_etude_idyll,Romantic,2
track_001088,Mily Balakirev,Islamei,2004,530.857408325,2004/MIDI-Unprocessed_XP_04_R1_2004_06_ORIG_MID--AUDIO_04_R1_2004_08_Track08_wav.midi,2004/MIDI-Unprocessed_XP_04_R1_2004_06_ORIG_MID--AUDIO_04_R1_2004_08_Track08_wav.wav,data\raw\maestro-v3.0.0\2004\MIDI-Unprocessed_XP_04_R1_2004_06_ORIG_MID--AUDIO_04_R1_2004_08_Track08_wav.midi,data\raw\maestro-v3.0.0\2004\MIDI-Unprocessed_XP_04_R1_2004_06_ORIG_MID--AUDIO_04_R1_2004_08_Track08_wav.wav,validation,mily_balakirev__islamei,Romantic,2
track_001089,Mily Balakirev,Islamey,2006,491.751645,2006/MIDI-Unprocessed_13_R1_2006_01-06_ORIG_MID--AUDIO_13_R1_2006_05_Track05_wav.midi,2006/MIDI-Unprocessed_13_R1_2006_01-06_ORIG_MID--AUDIO_13_R1_2006_05_Track05_wav.wav,data\raw\maestro-v3.0.0\2006\MIDI-Unprocessed_13_R1_2006_01-06_ORIG_MID--AUDIO_13_R1_2006_05_Track05_wav.midi,data\raw\maestro-v3.0.0\2006\MIDI-Unprocessed_13_R1_2006_01-06_ORIG_MID--AUDIO_13_R1_2006_05_Track05_wav.wav,validation,mily_balakirev__islamey,Romantic,2
track_001090,Mily Balakirev,"Oriental Fantasy ""Islamey""",2011,534.923343281,2011/MIDI-Unprocessed_21_R1_2011_MID--AUDIO_R1-D8_10_Track10_wav.midi,2011/MIDI-Unprocessed_21_R1_2011_MID--AUDIO_R1-D8_10_Track10_wav.wav,data\raw\maestro-v3.0.0\2011\MIDI-Unprocessed_21_R1_2011_MID--AUDIO_R1-D8_10_Track10_wav.midi,data\raw\maestro-v3.0.0\2011\MIDI-Unprocessed_21_R1_2011_MID--AUDIO_R1-D8_10_Track10_wav.wav,validation,mily_balakirev__oriental_fantasy_islamey,Romantic,2
track_001091,Modest Mussorgsky,Pictures at an E,2006,1749.46940438,2006/MIDI-Unprocessed_04_R1_2006_01-04_ORIG_MID--AUDIO_04_R1_2006_04_Track04_wav.midi,2006/MIDI-Unprocessed_04_R1_2006_01-04_ORIG_MID--AUDIO_04_R1_2006_04_Track04_wav.wav,data\raw\maestro-v3.0.0\2006\MIDI-Unprocessed_04_R1_2006_01-04_ORIG_MID--AUDIO_04_R1_2006_04_Track04_wav.midi,data\raw\maestro-v3.0.0\2006\MIDI-Unprocessed_04_R1_2006_01-04_ORIG_MID--AUDIO_04_R1_2006_04_Track04_wav.wav,train,modest_mussorgsky__pictures_at_an_e,Romantic,2
track_001092,Modest Mussorgsky,Pictures at an E,2006,2009.46246703,2006/MIDI-Unprocessed_18_R1_2006_01-05_ORIG_MID--AUDIO_18_R1_2006_05_Track05_wav.midi,2006/MIDI-Unprocessed_18_R1_2006_01-05_ORIG_MID--AUDIO_18_R1_2006_05_Track05_wav.wav,data\raw\maestro-v3.0.0\2006\MIDI-Unprocessed_18_R1_2006_01-05_ORIG_MID--AUDIO_18_R1_2006_05_Track05_wav.midi,data\raw\maestro-v3.0.0\2006\MIDI-Unprocessed_18_R1_2006_01-05_ORIG_MID--AUDIO_18_R1_2006_05_Track05_wav.wav,train,modest_mussorgsky__pictures_at_an_e,Romantic,2
track_001093,Modest Mussorgsky,Pictures at an Exhibition,2004,1958.31687252,2004/MIDI-Unprocessed_XP_03_R1_2004_01-02_ORIG_MID--AUDIO_03_R1_2004_02_Track02_wav.midi,2004/MIDI-Unprocessed_XP_03_R1_2004_01-02_ORIG_MID--AUDIO_03_R1_2004_02_Track02_wav.wav,data\raw\maestro-v3.0.0\2004\MIDI-Unprocessed_XP_03_R1_2004_01-02_ORIG_MID--AUDIO_03_R1_2004_02_Track02_wav.midi,data\raw\maestro-v3.0.0\2004\MIDI-Unprocessed_XP_03_R1_2004_01-02_ORIG_MID--AUDIO_03_R1_2004_02_Track02_wav.wav,train,modest_mussorgsky__pictures_at_an_exhibition,Romantic,2
track_001094,Modest Mussorgsky,Pictures at an Exhibition,2004,1976.93006547,2004/MIDI-Unprocessed_XP_21_R1_2004_03_ORIG_MID--AUDIO_21_R1_2004_04_Track04_wav.midi,2004/MIDI-Unprocessed_XP_21_R1_2004_03_ORIG_MID--AUDIO_21_R1_2004_04_Track04_wav.wav,data\raw\maestro-v3.0.0\2004\MIDI-Unprocessed_XP_21_R1_2004_03_ORIG_MID--AUDIO_21_R1_2004_04_Track04_wav.midi,data\raw\maestro-v3.0.0\2004\MIDI-Unprocessed_XP_21_R1_2004_03_ORIG_MID--AUDIO_21_R1_2004_04_Track04_wav.wav,train,modest_mussorgsky__pictures_at_an_exhibition,Romantic,2
track_001095,Modest Mussorgsky,Pictures at an Exhibition,2018,1823.15789906,2018/MIDI-Unprocessed_Recital5-7_MID--AUDIO_07_R1_2018_wav--4.midi,2018/MIDI-Unprocessed_Recital5-7_MID--AUDIO_07_R1_2018_wav--4.wav,data\raw\maestro-v3.0.0\2018\MIDI-Unprocessed_Recital5-7_MID--AUDIO_07_R1_2018_wav--4.midi,data\raw\maestro-v3.0.0\2018\MIDI-Unprocessed_Recital5-7_MID--AUDIO_07_R1_2018_wav--4.wav,train,modest_mussorgsky__pictures_at_an_exhibition,Romantic,2
track_001096,Modest Mussorgsky,Pictures at an Exhibition,2018,1906.30017703,2018/MIDI-Unprocessed_Recital8_MID--AUDIO_08_R1_2018_wav--4.midi,2018/MIDI-Unprocessed_Recital8_MID--AUDIO_08_R1_2018_wav--4.wav,data\raw\maestro-v3.0.0\2018\MIDI-Unprocessed_Recital8_MID--AUDIO_08_R1_2018_wav--4.midi,data\raw\maestro-v3.0.0\2018\MIDI-Unprocessed_Recital8_MID--AUDIO_08_R1_2018_wav--4.wav,train,modest_mussorgsky__pictures_at_an_exhibition,Romantic,2
track_001097,Muzio Clementi,"Sonata Bb, Op. 24, No. 2",2009,668.431489688,2009/MIDI-Unprocessed_18_R1_2009_01-03_ORIG_MID--AUDIO_18_R1_2009_18_R1_2009_02_WAV.midi,2009/MIDI-Unprocessed_18_R1_2009_01-03_ORIG_MID--AUDIO_18_R1_2009_18_R1_2009_02_WAV.wav,data\raw\maestro-v3.0.0\2009\MIDI-Unprocessed_18_R1_2009_01-03_ORIG_MID--AUDIO_18_R1_2009_18_R1_2009_02_WAV.midi,data\raw\maestro-v3.0.0\2009\MIDI-Unprocessed_18_R1_2009_01-03_ORIG_MID--AUDIO_18_R1_2009_18_R1_2009_02_WAV.wav,train,muzio_clementi__sonata_bb_op_24_no_2,Classical,1
track_001098,Muzio Clementi,Sonata Op. 24/2,2006,653.231184375,2006/MIDI-Unprocessed_18_R1_2006_01-05_ORIG_MID--AUDIO_18_R1_2006_01_Track01_wav.midi,2006/MIDI-Unprocessed_18_R1_2006_01-05_ORIG_MID--AUDIO_18_R1_2006_01_Track01_wav.wav,data\raw\maestro-v3.0.0\2006\MIDI-Unprocessed_18_R1_2006_01-05_ORIG_MID--AUDIO_18_R1_2006_01_Track01_wav.midi,data\raw\maestro-v3.0.0\2006\MIDI-Unprocessed_18_R1_2006_01-05_ORIG_MID--AUDIO_18_R1_2006_01_Track01_wav.wav,train,muzio_clementi__sonata_op_24_2,Classical,1
track_001099,Muzio Clementi,"Sonata Op. 25 No. 5 in F-sharp Minor, First Movement",2011,245.819732813,2011/MIDI-Unprocessed_10_R1_2011_MID--AUDIO_R1-D4_04_Track04_wav.midi,2011/MIDI-Unprocessed_10_R1_2011_MID--AUDIO_R1-D4_04_Track04_wav.wav,data\raw\maestro-v3.0.0\2011\MIDI-Unprocessed_10_R1_2011_MID--AUDIO_R1-D4_04_Track04_wav.midi,data\raw\maestro-v3.0.0\2011\MIDI-Unprocessed_10_R1_2011_MID--AUDIO_R1-D4_04_Track04_wav.wav,train,muzio_clementi__sonata_op_25_no_5_in_f_sharp_minor_first_movement,Classical,1
track_001100,Muzio Clementi,"Sonata in B-flat Major, Op.24, No. 2",2009,642.479325469,2009/MIDI-Unprocessed_15_R1_2009_01-02_ORIG_MID--AUDIO_15_R1_2009_15_R1_2009_01_WAV.midi,2009/MIDI-Unprocessed_15_R1_2009_01-02_ORIG_MID--AUDIO_15_R1_2009_15_R1_2009_01_WAV.wav,data\raw\maestro-v3.0.0\2009\MIDI-Unprocessed_15_R1_2009_01-02_ORIG_MID--AUDIO_15_R1_2009_15_R1_2009_01_WAV.midi,data\raw\maestro-v3.0.0\2009\MIDI-Unprocessed_15_R1_2009_01-02_ORIG_MID--AUDIO_15_R1_2009_15_R1_2009_01_WAV.wav,train,muzio_clementi__sonata_in_b_flat_major_op_24_no_2,Classical,1
track_001101,Muzio Clementi,Sonata in F# Min,2006,649.095237656,2006/MIDI-Unprocessed_15_R1_2006_01-05_ORIG_MID--AUDIO_15_R1_2006_01_Track01_wav.midi,2006/MIDI-Unprocessed_15_R1_2006_01-05_ORIG_MID--AUDIO_15_R1_2006_01_Track01_wav.wav,data\raw\maestro-v3.0.0\2006\MIDI-Unprocessed_15_R1_2006_01-05_ORIG_MID--AUDIO_15_R1_2006_01_Track01_wav.midi,data\raw\maestro-v3.0.0\2006\MIDI-Unprocessed_15_R1_2006_01-05_ORIG_MID--AUDIO_15_R1_2006_01_Track01_wav.wav,train,muzio_clementi__sonata_in_f_min,Classical,1
track_001102,Muzio Clementi,"Sonata in F-sharp minor, op. 25 no. 5, 1st mov.",2013,273.190164844,2013/ORIG-MIDI_02_7_6_13_Group__MID--AUDIO_07_R1_2013_wav--2.midi,2013/ORIG-MIDI_02_7_6_13_Group__MID--AUDIO_07_R1_2013_wav--2.wav,data\raw\maestro-v3.0.0\2013\ORIG-MIDI_02_7_6_13_Group__MID--AUDIO_07_R1_2013_wav--2.midi,data\raw\maestro-v3.0.0\2013\ORIG-MIDI_02_7_6_13_Group__MID--AUDIO_07_R1_2013_wav--2.wav,train,muzio_clementi__sonata_in_f_sharp_minor_op_25_no_5_1st_mov,Classical,1
track_001103,Niccolò Paganini / Franz Liszt,Etude No. 6 in A Minor,2008,278.921996719,2008/MIDI-Unprocessed_16_R1_2008_01-04_ORIG_MID--AUDIO_16_R1_2008_wav--4.midi,2008/MIDI-Unprocessed_16_R1_2008_01-04_ORIG_MID--AUDIO_16_R1_2008_wav--4.wav,data\raw\maestro-v3.0.0\2008\MIDI-Unprocessed_16_R1_2008_01-04_ORIG_MID--AUDIO_16_R1_2008_wav--4.midi,data\raw\maestro-v3.0.0\2008\MIDI-Unprocessed_16_R1_2008_01-04_ORIG_MID--AUDIO_16_R1_2008_wav--4.wav,train,niccol_paganini_franz_liszt__etude_no_6_in_a_minor,Romantic,2
track_001104,Nikolai Medtner,"Fairy Tale in D Minor, Op. 54",2009,365.333502188,2009/MIDI-Unprocessed_03_R1_2009_03-08_ORIG_MID--AUDIO_03_R1_2009_03_R1_2009_05_WAV.midi,2009/MIDI-Unprocessed_03_R1_2009_03-08_ORIG_MID--AUDIO_03_R1_2009_03_R1_2009_05_WAV.wav,data\raw\maestro-v3.0.0\2009\MIDI-Unprocessed_03_R1_2009_03-08_ORIG_MID--AUDIO_03_R1_2009_03_R1_2009_05_WAV.midi,data\raw\maestro-v3.0.0\2009\MIDI-Unprocessed_03_R1_2009_03-08_ORIG_MID--AUDIO_03_R1_2009_03_R1_2009_05_WAV.wav,train,nikolai_medtner__fairy_tale_in_d_minor_op_54,Romantic,2
track_001105,Nikolai Medtner,"Fairy Tales Op. 51 No. 1, 2 and No. 3",2017,671.685811287,2017/MIDI-Unprocessed_078_PIANO078_MID--AUDIO-split_07-09-17_Piano-e_1-02_wav--3.midi,2017/MIDI-Unprocessed_078_PIANO078_MID--AUDIO-split_07-09-17_Piano-e_1-02_wav--3.wav,data\raw\maestro-v3.0.0\2017\MIDI-Unprocessed_078_PIANO078_MID--AUDIO-split_07-09-17_Piano-e_1-02_wav--3.midi,data\raw\maestro-v3.0.0\2017\MIDI-Unprocessed_078_PIANO078_MID--AUDIO-split_07-09-17_Piano-e_1-02_wav--3.wav,train,nikolai_medtner__fairy_tales_op_51_no_1_2_and_no_3,Romantic,2
track_001106,Nikolai Medtner,"Sonata Tragica, Op. 39, No. 5",2014,609.916590938,2014/MIDI-UNPROCESSED_09-10_R1_2014_MID--AUDIO_10_R1_2014_wav--5.midi,2014/MIDI-UNPROCESSED_09-10_R1_2014_MID--AUDIO_10_R1_2014_wav--5.wav,data\raw\maestro-v3.0.0\2014\MIDI-UNPROCESSED_09-10_R1_2014_MID--AUDIO_10_R1_2014_wav--5.midi,data\raw\maestro-v3.0.0\2014\MIDI-UNPROCESSED_09-10_R1_2014_MID--AUDIO_10_R1_2014_wav--5.wav,train,nikolai_medtner__sonata_tragica_op_39_no_5,Romantic,2
track_001107,Nikolai Medtner,"Three Fairy Tales ""Skazki"" from Op. 34",2018,727.833139688,2018/MIDI-Unprocessed_Recital16_MID--AUDIO_16_R1_2018_wav--2.midi,2018/MIDI-Unprocessed_Recital16_MID--AUDIO_16_R1_2018_wav--2.wav,data\raw\maestro-v3.0.0\2018\MIDI-Unprocessed_Recital16_MID--AUDIO_16_R1_2018_wav--2.midi,data\raw\maestro-v3.0.0\2018\MIDI-Unprocessed_Recital16_MID--AUDIO_16_R1_2018_wav--2.wav,train,nikolai_medtner__three_fairy_tales_skazki_from_op_34,Romantic,2
track_001108,Nikolai Medtner,Two Fairy Tales,2006,412.673198438,2006/MIDI-Unprocessed_13_R1_2006_01-06_ORIG_MID--AUDIO_13_R1_2006_01_Track01_wav.midi,2006/MIDI-Unprocessed_13_R1_2006_01-06_ORIG_MID--AUDIO_13_R1_2006_01_Track01_wav.wav,data\raw\maestro-v3.0.0\2006\MIDI-Unprocessed_13_R1_2006_01-06_ORIG_MID--AUDIO_13_R1_2006_01_Track01_wav.midi,data\raw\maestro-v3.0.0\2006\MIDI-Unprocessed_13_R1_2006_01-06_ORIG_MID--AUDIO_13_R1_2006_01_Track01_wav.wav,train,nikolai_medtner__two_fairy_tales,Romantic,2
track_001109,Nikolai Rimsky-Korsakov / Sergei Rachmaninoff,The Flight of the Bunble-Bee,2008,63.3786759375,2008/MIDI-Unprocessed_08_R1_2008_01-05_ORIG_MID--AUDIO_08_R1_2008_wav--5.midi,2008/MIDI-Unprocessed_08_R1_2008_01-05_ORIG_MID--AUDIO_08_R1_2008_wav--5.wav,data\raw\maestro-v3.0.0\2008\MIDI-Unprocessed_08_R1_2008_01-05_ORIG_MID--AUDIO_08_R1_2008_wav--5.midi,data\raw\maestro-v3.0.0\2008\MIDI-Unprocessed_08_R1_2008_01-05_ORIG_MID--AUDIO_08_R1_2008_wav--5.wav,train,nikolai_rimsky_korsakov_sergei_rachmaninoff__the_flight_of_the_bunble_bee,Romantic,2
track_001112,Pyotr Ilyich Tchaikovsky,Dumka,2006,513.645319687,2006/MIDI-Unprocessed_18_R1_2006_01-05_ORIG_MID--AUDIO_18_R1_2006_03_Track03_wav.midi,2006/MIDI-Unprocessed_18_R1_2006_01-05_ORIG_MID--AUDIO_18_R1_2006_03_Track03_wav.wav,data\raw\maestro-v3.0.0\2006\MIDI-Unprocessed_18_R1_2006_01-05_ORIG_MID--AUDIO_18_R1_2006_03_Track03_wav.midi,data\raw\maestro-v3.0.0\2006\MIDI-Unprocessed_18_R1_2006_01-05_ORIG_MID--AUDIO_18_R1_2006_03_Track03_wav.wav,train,pyotr_ilyich_tchaikovsky__dumka,Romantic,2
track_001113,Pyotr Ilyich Tchaikovsky,"Dumka, Op. 59",2008,474.076716094,2008/MIDI-Unprocessed_17_R2_2008_01-04_ORIG_MID--AUDIO_17_R2_2008_wav--2.midi,2008/MIDI-Unprocessed_17_R2_2008_01-04_ORIG_MID--AUDIO_17_R2_2008_wav--2.wav,data\raw\maestro-v3.0.0\2008\MIDI-Unprocessed_17_R2_2008_01-04_ORIG_MID--AUDIO_17_R2_2008_wav--2.midi,data\raw\maestro-v3.0.0\2008\MIDI-Unprocessed_17_R2_2008_01-04_ORIG_MID--AUDIO_17_R2_2008_wav--2.wav,train,pyotr_ilyich_tchaikovsky__dumka_op_59,Romantic,2
track_001114,Pyotr Ilyich Tchaikovsky,"Dumka, Op.59",2009,499.677652031,2009/MIDI-Unprocessed_13_R1_2009_01-03_ORIG_MID--AUDIO_13_R1_2009_13_R1_2009_01_WAV.midi,2009/MIDI-Unprocessed_13_R1_2009_01-03_ORIG_MID--AUDIO_13_R1_2009_13_R1_2009_01_WAV.wav,data\raw\maestro-v3.0.0\2009\MIDI-Unprocessed_13_R1_2009_01-03_ORIG_MID--AUDIO_13_R1_2009_13_R1_2009_01_WAV.midi,data\raw\maestro-v3.0.0\2009\MIDI-Unprocessed_13_R1_2009_01-03_ORIG_MID--AUDIO_13_R1_2009_13_R1_2009_01_WAV.wav,train,pyotr_ilyich_tchaikovsky__dumka_op_59,Romantic,2
track_001115,Pyotr Ilyich Tchaikovsky,Meditation,2006,218.688349687,2006/MIDI-Unprocessed_24_R1_2006_01-05_ORIG_MID--AUDIO_24_R1_2006_04_Track04_wav.midi,2006/MIDI-Unprocessed_24_R1_2006_01-05_ORIG_MID--AUDIO_24_R1_2006_04_Track04_wav.wav,data\raw\maestro-v3.0.0\2006\MIDI-Unprocessed_24_R1_2006_01-05_ORIG_MID--AUDIO_24_R1_2006_04_Track04_wav.midi,data\raw\maestro-v3.0.0\2006\MIDI-Unprocessed_24_R1_2006_01-05_ORIG_MID--AUDIO_24_R1_2006_04_Track04_wav.wav,train,pyotr_ilyich_tchaikovsky__meditation,Romantic,2
track_001116,Pyotr Ilyich Tchaikovsky,Russian Scherzo Op. 1,2008,366.701022187,2008/MIDI-Unprocessed_09_R1_2008_01-05_ORIG_MID--AUDIO_09_R1_2008_wav--5.midi,2008/MIDI-Unprocessed_09_R1_2008_01-05_ORIG_MID--AUDIO_09_R1_2008_wav--5.wav,data\raw\maestro-v3.0.0\2008\MIDI-Unprocessed_09_R1_2008_01-05_ORIG_MID--AUDIO_09_R1_2008_wav--5.midi,data\raw\maestro-v3.0.0\2008\MIDI-Unprocessed_09_R1_2008_01-05_ORIG_MID--AUDIO_09_R1_2008_wav--5.wav,train,pyotr_ilyich_tchaikovsky__russian_scherzo_op_1,Romantic,2
track_001117,Pyotr Ilyich Tchaikovsky,"The Seasons, Op. 37a (Selections)",2014,469.876666875,2014/MIDI-UNPROCESSED_16-18_R1_2014_MID--AUDIO_18_R1_2014_wav--5.midi,2014/MIDI-UNPROCESSED_16-18_R1_2014_MID--AUDIO_18_R1_2014_wav--5.wav,data\raw\maestro-v3.0.0\2014\MIDI-UNPROCESSED_16-18_R1_2014_MID--AUDIO_18_R1_2014_wav--5.midi,data\raw\maestro-v3.0.0\2014\MIDI-UNPROCESSED_16-18_R1_2014_MID--AUDIO_18_R1_2014_wav--5.wav,train,pyotr_ilyich_tchaikovsky__the_seasons_op_37a_selections,Romantic,2
track_001118,Pyotr Ilyich Tchaikovsky / Mikhail Pletnev,"Andante Maestoso from ""Nutcracker Suite""",2008,272.686693125,2008/MIDI-Unprocessed_02_R2_2008_01-05_ORIG_MID--AUDIO_02_R2_2008_wav--5.midi,2008/MIDI-Unprocessed_02_R2_2008_01-05_ORIG_MID--AUDIO_02_R2_2008_wav--5.wav,data\raw\maestro-v3.0.0\2008\MIDI-Unprocessed_02_R2_2008_01-05_ORIG_MID--AUDIO_02_R2_2008_wav--5.midi,data\raw\maestro-v3.0.0\2008\MIDI-Unprocessed_02_R2_2008_01-05_ORIG_MID--AUDIO_02_R2_2008_wav--5.wav,train,pyotr_ilyich_tchaikovsky_mikhail_pletnev__andante_maestoso_from_nutcracker_suite,Romantic,2
track_001119,Pyotr Ilyich Tchaikovsky / Mikhail Pletnev,Concert Suite from the Ballet Nutcracker,2004,969.764233204,2004/MIDI-Unprocessed_SMF_16_R1_2004_01-08_ORIG_MID--AUDIO_16_R1_2004_13_Track13_wav.midi,2004/MIDI-Unprocessed_SMF_16_R1_2004_01-08_ORIG_MID--AUDIO_16_R1_2004_13_Track13_wav.wav,data\raw\maestro-v3.0.0\2004\MIDI-Unprocessed_SMF_16_R1_2004_01-08_ORIG_MID--AUDIO_16_R1_2004_13_Track13_wav.midi,data\raw\maestro-v3.0.0\2004\MIDI-Unprocessed_SMF_16_R1_2004_01-08_ORIG_MID--AUDIO_16_R1_2004_13_Track13_wav.wav,train,pyotr_ilyich_tchaikovsky_mikhail_pletnev__concert_suite_from_the_ballet_nutcracker,Romantic,2
track_001120,Pyotr Ilyich Tchaikovsky / Mikhail Pletnev,Concert Suite from the Nutcracker,2004,310.470237956,2004/MIDI-Unprocessed_XP_11_R1_2004_03-04_ORIG_MID--AUDIO_11_R1_2004_03_Track03_wav.midi,2004/MIDI-Unprocessed_XP_11_R1_2004_03-04_ORIG_MID--AUDIO_11_R1_2004_03_Track03_wav.wav,data\raw\maestro-v3.0.0\2004\MIDI-Unprocessed_XP_11_R1_2004_03-04_ORIG_MID--AUDIO_11_R1_2004_03_Track03_wav.midi,data\raw\maestro-v3.0.0\2004\MIDI-Unprocessed_XP_11_R1_2004_03-04_ORIG_MID--AUDIO_11_R1_2004_03_Track03_wav.wav,train,pyotr_ilyich_tchaikovsky_mikhail_pletnev__concert_suite_from_the_nutcracker,Romantic,2
track_001121,Pyotr Ilyich Tchaikovsky / Mikhail Pletnev,"Intermezzo from ""Nutcracker Suite""",2008,241.512846094,2008/MIDI-Unprocessed_02_R2_2008_01-05_ORIG_MID--AUDIO_02_R2_2008_wav--3.midi,2008/MIDI-Unprocessed_02_R2_2008_01-05_ORIG_MID--AUDIO_02_R2_2008_wav--3.wav,data\raw\maestro-v3.0.0\2008\MIDI-Unprocessed_02_R2_2008_01-05_ORIG_MID--AUDIO_02_R2_2008_wav--3.midi,data\raw\maestro-v3.0.0\2008\MIDI-Unprocessed_02_R2_2008_01-05_ORIG_MID--AUDIO_02_R2_2008_wav--3.wav,train,pyotr_ilyich_tchaikovsky_mikhail_pletnev__intermezzo_from_nutcracker_suite,Romantic,2
track_001122,Pyotr Ilyich Tchaikovsky / Mikhail Pletnev,"March from ""Nutcracker Suite",2008,108.673769531,2008/MIDI-Unprocessed_02_R2_2008_01-05_ORIG_MID--AUDIO_02_R2_2008_wav--4.midi,2008/MIDI-Unprocessed_02_R2_2008_01-05_ORIG_MID--AUDIO_02_R2_2008_wav--4.wav,data\raw\maestro-v3.0.0\2008\MIDI-Unprocessed_02_R2_2008_01-05_ORIG_MID--AUDIO_02_R2_2008_wav--4.midi,data\raw\maestro-v3.0.0\2008\MIDI-Unprocessed_02_R2_2008_01-05_ORIG_MID--AUDIO_02_R2_2008_wav--4.wav,train,pyotr_ilyich_tchaikovsky_mikhail_pletnev__march_from_nutcracker_suite,Romantic,2
track_001123,Pyotr Ilyich Tchaikovsky / Mikhail Pletnev,Nutcracker Suite,2006,976.011310312,2006/MIDI-Unprocessed_09_R1_2006_01-04_ORIG_MID--AUDIO_09_R1_2006_04_Track04_wav.midi,2006/MIDI-Unprocessed_09_R1_2006_01-04_ORIG_MID--AUDIO_09_R1_2006_04_Track04_wav.wav,data\raw\maestro-v3.0.0\2006\MIDI-Unprocessed_09_R1_2006_01-04_ORIG_MID--AUDIO_09_R1_2006_04_Track04_wav.midi,data\raw\maestro-v3.0.0\2006\MIDI-Unprocessed_09_R1_2006_01-04_ORIG_MID--AUDIO_09_R1_2006_04_Track04_wav.wav,train,pyotr_ilyich_tchaikovsky_mikhail_pletnev__nutcracker_suite,Romantic,2
track_001124,Pyotr Ilyich Tchaikovsky / Sergei Rachmaninoff,Lullaby,2006,236.329891875,2006/MIDI-Unprocessed_13_R1_2006_01-06_ORIG_MID--AUDIO_13_R1_2006_04_Track04_wav.midi,2006/MIDI-Unprocessed_13_R1_2006_01-06_ORIG_MID--AUDIO_13_R1_2006_04_Track04_wav.wav,data\raw\maestro-v3.0.0\2006\MIDI-Unprocessed_13_R1_2006_01-06_ORIG_MID--AUDIO_13_R1_2006_04_Track04_wav.midi,data\raw\maestro-v3.0.0\2006\MIDI-Unprocessed_13_R1_2006_01-06_ORIG_MID--AUDIO_13_R1_2006_04_Track04_wav.wav,train,pyotr_ilyich_tchaikovsky_sergei_rachmaninoff__lullaby,Romantic,2
track_001125,Pyotr Ilyich Tchaikovsky / Sergei Rachmaninoff,"Lullaby Op. 16, No. 1",2004,295.250197385,2004/MIDI-Unprocessed_SMF_16_R1_2004_01-08_ORIG_MID--AUDIO_16_R1_2004_05_Track05_wav.midi,2004/MIDI-Unprocessed_SMF_16_R1_2004_01-08_ORIG_MID--AUDIO_16_R1_2004_05_Track05_wav.wav,data\raw\maestro-v3.0.0\2004\MIDI-Unprocessed_SMF_16_R1_2004_01-08_ORIG_MID--AUDIO_16_R1_2004_05_Track05_wav.midi,data\raw\maestro-v3.0.0\2004\MIDI-Unprocessed_SMF_16_R1_2004_01-08_ORIG_MID--AUDIO_16_R1_2004_05_Track05_wav.wav,train,pyotr_ilyich_tchaikovsky_sergei_rachmaninoff__lullaby_op_16_no_1,Romantic,2
track_001126,Richard Wagner / Franz Liszt,IsoldasLiebestod,2006,506.294899688,2006/MIDI-Unprocessed_16_R1_2006_01-04_ORIG_MID--AUDIO_16_R1_2006_02_Track02_wav.midi,2006/MIDI-Unprocessed_16_R1_2006_01-04_ORIG_MID--AUDIO_16_R1_2006_02_Track02_wav.wav,data\raw\maestro-v3.0.0\2006\MIDI-Unprocessed_16_R1_2006_01-04_ORIG_MID--AUDIO_16_R1_2006_02_Track02_wav.midi,data\raw\maestro-v3.0.0\2006\MIDI-Unprocessed_16_R1_2006_01-04_ORIG_MID--AUDIO_16_R1_2006_02_Track02_wav.wav,test,richard_wagner_franz_liszt__isoldasliebestod,Romantic,2
track_001127,Richard Wagner / Franz Liszt,Isolde's Liebestod,2009,430.775477344,2009/MIDI-Unprocessed_17_R1_2009_01-03_ORIG_MID--AUDIO_17_R1_2009_17_R1_2009_02_WAV.midi,2009/MIDI-Unprocessed_17_R1_2009_01-03_ORIG_MID--AUDIO_17_R1_2009_17_R1_2009_02_WAV.wav,data\raw\maestro-v3.0.0\2009\MIDI-Unprocessed_17_R1_2009_01-03_ORIG_MID--AUDIO_17_R1_2009_17_R1_2009_02_WAV.midi,data\raw\maestro-v3.0.0\2009\MIDI-Unprocessed_17_R1_2009_01-03_ORIG_MID--AUDIO_17_R1_2009_17_R1_2009_02_WAV.wav,test,richard_wagner_franz_liszt__isolde_s_liebestod,Romantic,2
track_001128,Robert Schumann,ABEGG Op. 1,2015,419.332291667,2015/MIDI-Unprocessed_R2_D1-2-3-6-7-8-11_mid--AUDIO-from_mp3_08_R2_2015_wav--3.midi,2015/MIDI-Unprocessed_R2_D1-2-3-6-7-8-11_mid--AUDIO-from_mp3_08_R2_2015_wav--3.wav,data\raw\maestro-v3.0.0\2015\MIDI-Unprocessed_R2_D1-2-3-6-7-8-11_mid--AUDIO-from_mp3_08_R2_2015_wav--3.midi,data\raw\maestro-v3.0.0\2015\MIDI-Unprocessed_R2_D1-2-3-6-7-8-11_mid--AUDIO-from_mp3_08_R2_2015_wav--3.wav,train,robert_schumann__abegg_op_1,Romantic,2
track_001129,Robert Schumann,ABEGG Variations Op. 1,2011,456.623475,2011/MIDI-Unprocessed_04_R1_2011_MID--AUDIO_R1-D2_06_Track06_wav.midi,2011/MIDI-Unprocessed_04_R1_2011_MID--AUDIO_R1-D2_06_Track06_wav.wav,data\raw\maestro-v3.0.0\2011\MIDI-Unprocessed_04_R1_2011_MID--AUDIO_R1-D2_06_Track06_wav.midi,data\raw\maestro-v3.0.0\2011\MIDI-Unprocessed_04_R1_2011_MID--AUDIO_R1-D2_06_Track06_wav.wav,train,robert_schumann__abegg_variations_op_1,Romantic,2
track_001130,Robert Schumann,"ABEGG Variations, Op. 1",2008,451.479249375,2008/MIDI-Unprocessed_12_R2_2008_01-04_ORIG_MID--AUDIO_12_R2_2008_wav--3.midi,2008/MIDI-Unprocessed_12_R2_2008_01-04_ORIG_MID--AUDIO_12_R2_2008_wav--3.wav,data\raw\maestro-v3.0.0\2008\MIDI-Unprocessed_12_R2_2008_01-04_ORIG_MID--AUDIO_12_R2_2008_wav--3.midi,data\raw\maestro-v3.0.0\2008\MIDI-Unprocessed_12_R2_2008_01-04_ORIG_MID--AUDIO_12_R2_2008_wav--3.wav,train,robert_schumann__abegg_variations_op_1,Romantic,2
track_001131,Robert Schumann,"ABEGG Variations, Op. 1",2013,450.517711875,2013/ORIG-MIDI_01_7_7_13_Group__MID--AUDIO_12_R1_2013_wav--5.midi,2013/ORIG-MIDI_01_7_7_13_Group__MID--AUDIO_12_R1_2013_wav--5.wav,data\raw\maestro-v3.0.0\2013\ORIG-MIDI_01_7_7_13_Group__MID--AUDIO_12_R1_2013_wav--5.midi,data\raw\maestro-v3.0.0\2013\ORIG-MIDI_01_7_7_13_Group__MID--AUDIO_12_R1_2013_wav--5.wav,train,robert_schumann__abegg_variations_op_1,Romantic,2
track_001132,Robert Schumann,"ABEGG Variations, Op. 1",2013,451.658202188,2013/ORIG-MIDI_01_7_7_13_Group__MID--AUDIO_13_R1_2013_wav--4.midi,2013/ORIG-MIDI_01_7_7_13_Group__MID--AUDIO_13_R1_2013_wav--4.wav,data\raw\maestro-v3.0.0\2013\ORIG-MIDI_01_7_7_13_Group__MID--AUDIO_13_R1_2013_wav--4.midi,data\raw\maestro-v3.0.0\2013\ORIG-MIDI_01_7_7_13_Group__MID--AUDIO_13_R1_2013_wav--4.wav,train,robert_schumann__abegg_variations_op_1,Romantic,2
track_001133,Robert Schumann,"ABEGG Variations, Op. 1",2013,389.577601875,2013/ORIG-MIDI_02_7_8_13_Group__MID--AUDIO_08_R2_2013_wav--3.midi,2013/ORIG-MIDI_02_7_8_13_Group__MID--AUDIO_08_R2_2013_wav--3.wav,data\raw\maestro-v3.0.0\2013\ORIG-MIDI_02_7_8_13_Group__MID--AUDIO_08_R2_2013_wav--3.midi,data\raw\maestro-v3.0.0\2013\ORIG-MIDI_02_7_8_13_Group__MID--AUDIO_08_R2_2013_wav--3.wav,train,robert_schumann__abegg_variations_op_1,Romantic,2
track_001134,Robert Schumann,"ABEGG Variations, Op. 1",2011,493.855008281,2011/MIDI-Unprocessed_08_R1_2011_MID--AUDIO_R1-D3_09_Track09_wav.midi,2011/MIDI-Unprocessed_08_R1_2011_MID--AUDIO_R1-D3_09_Track09_wav.wav,data\raw\maestro-v3.0.0\2011\MIDI-Unprocessed_08_R1_2011_MID--AUDIO_R1-D3_09_Track09_wav.midi,data\raw\maestro-v3.0.0\2011\MIDI-Unprocessed_08_R1_2011_MID--AUDIO_R1-D3_09_Track09_wav.wav,train,robert_schumann__abegg_variations_op_1,Romantic,2
track_001135,Robert Schumann,"Arabesque, Op. 18",2014,435.444276094,2014/MIDI-UNPROCESSED_01-03_R1_2014_MID--AUDIO_01_R1_2014_wav--5.midi,2014/MIDI-UNPROCESSED_01-03_R1_2014_MID--AUDIO_01_R1_2014_wav--5.wav,data\raw\maestro-v3.0.0\2014\MIDI-UNPROCESSED_01-03_R1_2014_MID--AUDIO_01_R1_2014_wav--5.midi,data\raw\maestro-v3.0.0\2014\MIDI-UNPROCESSED_01-03_R1_2014_MID--AUDIO_01_R1_2014_wav--5.wav,validation,robert_schumann__arabesque_op_18,Romantic,2
track_001136,Robert Schumann,"Arabesque, Op. 18",2013,382.695931406,2013/ORIG-MIDI_03_7_10_13_Group_MID--AUDIO_15_R3_2013_wav--2.midi,2013/ORIG-MIDI_03_7_10_13_Group_MID--AUDIO_15_R3_2013_wav--2.wav,data\raw\maestro-v3.0.0\2013\ORIG-MIDI_03_7_10_13_Group_MID--AUDIO_15_R3_2013_wav--2.midi,data\raw\maestro-v3.0.0\2013\ORIG-MIDI_03_7_10_13_Group_MID--AUDIO_15_R3_2013_wav--2.wav,validation,robert_schumann__arabesque_op_18,Romantic,2
track_001137,Robert Schumann,"Carnaval, Op. 9",2004,1703.20758236,2004/MIDI-Unprocessed_XP_01_R1_2004_03_ORIG_MID--AUDIO_01_R1_2004_04_Track04_wav.midi,2004/MIDI-Unprocessed_XP_01_R1_2004_03_ORIG_MID--AUDIO_01_R1_2004_04_Track04_wav.wav,data\raw\maestro-v3.0.0\2004\MIDI-Unprocessed_XP_01_R1_2004_03_ORIG_MID--AUDIO_01_R1_2004_04_Track04_wav.midi,data\raw\maestro-v3.0.0\2004\MIDI-Unprocessed_XP_01_R1_2004_03_ORIG_MID--AUDIO_01_R1_2004_04_Track04_wav.wav,train,robert_schumann__carnaval_op_9,Romantic,2
track_001138,Robert Schumann,"Carnaval, Op. 9",2004,1443.84723636,2004/MIDI-Unprocessed_XP_10_R1_2004_05_ORIG_MID--AUDIO_10_R1_2004_05_Track05_wav.midi,2004/MIDI-Unprocessed_XP_10_R1_2004_05_ORIG_MID--AUDIO_10_R1_2004_05_Track05_wav.wav,data\raw\maestro-v3.0.0\2004\MIDI-Unprocessed_XP_10_R1_2004_05_ORIG_MID--AUDIO_10_R1_2004_05_Track05_wav.midi,data\raw\maestro-v3.0.0\2004\MIDI-Unprocessed_XP_10_R1_2004_05_ORIG_MID--AUDIO_10_R1_2004_05_Track05_wav.wav,train,robert_schumann__carnaval_op_9,Romantic,2
track_001139,Robert Schumann,"Carnaval, Op. 9",2018,1522.04575359,2018/MIDI-Unprocessed_Recital13-15_MID--AUDIO_15_R1_2018_wav--4.midi,2018/MIDI-Unprocessed_Recital13-15_MID--AUDIO_15_R1_2018_wav--4.wav,data\raw\maestro-v3.0.0\2018\MIDI-Unprocessed_Recital13-15_MID--AUDIO_15_R1_2018_wav--4.midi,data\raw\maestro-v3.0.0\2018\MIDI-Unprocessed_Recital13-15_MID--AUDIO_15_R1_2018_wav--4.wav,train,robert_schumann__carnaval_op_9,Romantic,2
track_001140,Robert Schumann,"Carnaval, Op. 9",2014,1286.41030547,2014/MIDI-UNPROCESSED_01-03_R1_2014_MID--AUDIO_03_R1_2014_wav--6.midi,2014/MIDI-UNPROCESSED_01-03_R1_2014_MID--AUDIO_03_R1_2014_wav--6.wav,data\raw\maestro-v3.0.0\2014\MIDI-UNPROCESSED_01-03_R1_2014_MID--AUDIO_03_R1_2014_wav--6.midi,data\raw\maestro-v3.0.0\2014\MIDI-UNPROCESSED_01-03_R1_2014_MID--AUDIO_03_R1_2014_wav--6.wav,train,robert_schumann__carnaval_op_9,Romantic,2
track_001141,Robert Schumann,"Davidsbundlertanze, Op. 6",2004,2097.17864236,2004/MIDI-Unprocessed_XP_19_R1_2004_01-02_ORIG_MID--AUDIO_19_R1_2004_03_Track03_wav.midi,2004/MIDI-Unprocessed_XP_19_R1_2004_01-02_ORIG_MID--AUDIO_19_R1_2004_03_Track03_wav.wav,data\raw\maestro-v3.0.0\2004\MIDI-Unprocessed_XP_19_R1_2004_01-02_ORIG_MID--AUDIO_19_R1_2004_03_Track03_wav.midi,data\raw\maestro-v3.0.0\2004\MIDI-Unprocessed_XP_19_R1_2004_01-02_ORIG_MID--AUDIO_19_R1_2004_03_Track03_wav.wav,validation,robert_schumann__davidsbundlertanze_op_6,Romantic,2
track_001142,Robert Schumann,Fantasie Op. 17,2018,1885.56836016,2018/MIDI-Unprocessed_Recital9-11_MID--AUDIO_11_R1_2018_wav--5.midi,2018/MIDI-Unprocessed_Recital9-11_MID--AUDIO_11_R1_2018_wav--5.wav,data\raw\maestro-v3.0.0\2018\MIDI-Unprocessed_Recital9-11_MID--AUDIO_11_R1_2018_wav--5.midi,data\raw\maestro-v3.0.0\2018\MIDI-Unprocessed_Recital9-11_MID--AUDIO_11_R1_2018_wav--5.wav,train,robert_schumann__fantasie_op_17,Romantic,2
track_001143,Robert Schumann,Fantasie Op. 17,2018,1894.08063797,2018/MIDI-Unprocessed_Recital17-19_MID--AUDIO_17_R1_2018_wav--4.midi,2018/MIDI-Unprocessed_Recital17-19_MID--AUDIO_17_R1_2018_wav--4.wav,data\raw\maestro-v3.0.0\2018\MIDI-Unprocessed_Recital17-19_MID--AUDIO_17_R1_2018_wav--4.midi,data\raw\maestro-v3.0.0\2018\MIDI-Unprocessed_Recital17-19_MID--AUDIO_17_R1_2018_wav--4.wav,train,robert_schumann__fantasie_op_17,Romantic,2
track_001144,Robert Schumann,"Fantasy Pieces, Op. 12",2004,1255.95783337,2004/MIDI-Unprocessed_XP_08_R1_2004_01-02_ORIG_MID--AUDIO_08_R1_2004_02_Track02_wav.midi,2004/MIDI-Unprocessed_XP_08_R1_2004_01-02_ORIG_MID--AUDIO_08_R1_2004_02_Track02_wav.wav,data\raw\maestro-v3.0.0\2004\MIDI-Unprocessed_XP_08_R1_2004_01-02_ORIG_MID--AUDIO_08_R1_2004_02_Track02_wav.midi,data\raw\maestro-v3.0.0\2004\MIDI-Unprocessed_XP_08_R1_2004_01-02_ORIG_MID--AUDIO_08_R1_2004_02_Track02_wav.wav,train,robert_schumann__fantasy_pieces_op_12,Romantic,2
track_001145,Robert Schumann,"Fantasy in C Major, Op. 17",2018,2028.95630437,2018/MIDI-Unprocessed_Recital1-3_MID--AUDIO_03_R1_2018_wav--2.midi,2018/MIDI-Unprocessed_Recital1-3_MID--AUDIO_03_R1_2018_wav--2.wav,data\raw\maestro-v3.0.0\2018\MIDI-Unprocessed_Recital1-3_MID--AUDIO_03_R1_2018_wav--2.midi,data\raw\maestro-v3.0.0\2018\MIDI-Unprocessed_Recital1-3_MID--AUDIO_03_R1_2018_wav--2.wav,train,robert_schumann__fantasy_in_c_major_op_17,Romantic,2
track_001146,Robert Schumann,"Gesänge der Frühe, Op. 133",2014,638.000163281,2014/MIDI-UNPROCESSED_01-03_R1_2014_MID--AUDIO_02_R1_2014_wav--4.midi,2014/MIDI-UNPROCESSED_01-03_R1_2014_MID--AUDIO_02_R1_2014_wav--4.wav,data\raw\maestro-v3.0.0\2014\MIDI-UNPROCESSED_01-03_R1_2014_MID--AUDIO_02_R1_2014_wav--4.midi,data\raw\maestro-v3.0.0\2014\MIDI-UNPROCESSED_01-03_R1_2014_MID--AUDIO_02_R1_2014_wav--4.wav,test,robert_schumann__ges_nge_der_fr_he_op_133,Romantic,2
track_001147,Robert Schumann,"Humoresque, Op. 20",2014,1634.31861141,2014/MIDI-UNPROCESSED_19-20_R1_2014_MID--AUDIO_20_R1_2014_wav--2.midi,2014/MIDI-UNPROCESSED_19-20_R1_2014_MID--AUDIO_20_R1_2014_wav--2.wav,data\raw\maestro-v3.0.0\2014\MIDI-UNPROCESSED_19-20_R1_2014_MID--AUDIO_20_R1_2014_wav--2.midi,data\raw\maestro-v3.0.0\2014\MIDI-UNPROCESSED_19-20_R1_2014_MID--AUDIO_20_R1_2014_wav--2.wav,validation,robert_schumann__humoresque_op_20,Romantic,2
track_001148,Robert Schumann,"Intermezzi, Opus 4",2004,1303.54743657,2004/MIDI-Unprocessed_XP_11_R1_2004_01-02_ORIG_MID--AUDIO_11_R1_2004_02_Track02_wav.midi,2004/MIDI-Unprocessed_XP_11_R1_2004_01-02_ORIG_MID--AUDIO_11_R1_2004_02_Track02_wav.wav,data\raw\maestro-v3.0.0\2004\MIDI-Unprocessed_XP_11_R1_2004_01-02_ORIG_MID--AUDIO_11_R1_2004_02_Track02_wav.midi,data\raw\maestro-v3.0.0\2004\MIDI-Unprocessed_XP_11_R1_2004_01-02_ORIG_MID--AUDIO_11_R1_2004_02_Track02_wav.wav,test,robert_schumann__intermezzi_opus_4,Romantic,2
track_001149,Robert Schumann,Kreisleriana,2006,1888.42492781,2006/MIDI-Unprocessed_23_R1_2006_01-05_ORIG_MID--AUDIO_23_R1_2006_04_Track04_wav.midi,2006/MIDI-Unprocessed_23_R1_2006_01-05_ORIG_MID--AUDIO_23_R1_2006_04_Track04_wav.wav,data\raw\maestro-v3.0.0\2006\MIDI-Unprocessed_23_R1_2006_01-05_ORIG_MID--AUDIO_23_R1_2006_04_Track04_wav.midi,data\raw\maestro-v3.0.0\2006\MIDI-Unprocessed_23_R1_2006_01-05_ORIG_MID--AUDIO_23_R1_2006_04_Track04_wav.wav,train,robert_schumann__kreisleriana,Romantic,2
track_001150,Robert Schumann,"Kreisleriana, Op. 16",2004,700.849428215,2004/MIDI-Unprocessed_SMF_17_R1_2004_01-02_ORIG_MID--AUDIO_20_R2_2004_04_Track04_wav.midi,2004/MIDI-Unprocessed_SMF_17_R1_2004_01-02_ORIG_MID--AUDIO_20_R2_2004_04_Track04_wav.wav,data\raw\maestro-v3.0.0\2004\MIDI-Unprocessed_SMF_17_R1_2004_01-02_ORIG_MID--AUDIO_20_R2_2004_04_Track04_wav.midi,data\raw\maestro-v3.0.0\2004\MIDI-Unprocessed_SMF_17_R1_2004_01-02_ORIG_MID--AUDIO_20_R2_2004_04_Track04_wav.wav,train,robert_schumann__kreisleriana_op_16,Romantic,2
track_001151,Robert Schumann,"Kreisleriana, Op. 16",2004,705.86223394,2004/MIDI-Unprocessed_SMF_17_R1_2004_01-02_ORIG_MID--AUDIO_20_R2_2004_06_Track06_wav.midi,2004/MIDI-Unprocessed_SMF_17_R1_2004_01-02_ORIG_MID--AUDIO_20_R2_2004_06_Track06_wav.wav,data\raw\maestro-v3.0.0\2004\MIDI-Unprocessed_SMF_17_R1_2004_01-02_ORIG_MID--AUDIO_20_R2_2004_06_Track06_wav.midi,data\raw\maestro-v3.0.0\2004\MIDI-Unprocessed_SMF_17_R1_2004_01-02_ORIG_MID--AUDIO_20_R2_2004_06_Track06_wav.wav,train,robert_schumann__kreisleriana_op_16,Romantic,2
track_001152,Robert Schumann,"Kreisleriana, Op. 16",2009,1893.88432406,2009/MIDI-Unprocessed_05_R1_2009_03-05_ORIG_MID--AUDIO_05_R1_2009_05_R1_2009_03_WAV.midi,2009/MIDI-Unprocessed_05_R1_2009_03-05_ORIG_MID--AUDIO_05_R1_2009_05_R1_2009_03_WAV.wav,data\raw\maestro-v3.0.0\2009\MIDI-Unprocessed_05_R1_2009_03-05_ORIG_MID--AUDIO_05_R1_2009_05_R1_2009_03_WAV.midi,data\raw\maestro-v3.0.0\2009\MIDI-Unprocessed_05_R1_2009_03-05_ORIG_MID--AUDIO_05_R1_2009_05_R1_2009_03_WAV.wav,train,robert_schumann__kreisleriana_op_16,Romantic,2
track_001153,Robert Schumann,"Kreisleriana, Op. 16 (1st edition) (Complete)",2014,1873.31276344,2014/MIDI-UNPROCESSED_11-13_R1_2014_MID--AUDIO_12_R1_2014_wav--1.midi,2014/MIDI-UNPROCESSED_11-13_R1_2014_MID--AUDIO_12_R1_2014_wav--1.wav,data\raw\maestro-v3.0.0\2014\MIDI-UNPROCESSED_11-13_R1_2014_MID--AUDIO_12_R1_2014_wav--1.midi,data\raw\maestro-v3.0.0\2014\MIDI-UNPROCESSED_11-13_R1_2014_MID--AUDIO_12_R1_2014_wav--1.wav,train,robert_schumann__kreisleriana_op_16_1st_edition_complete,Romantic,2
track_001154,Robert Schumann,"Kreisleriana, Op. 16 (Complete)",2014,2014.85909625,2014/MIDI-UNPROCESSED_09-10_R1_2014_MID--AUDIO_10_R1_2014_wav--3.midi,2014/MIDI-UNPROCESSED_09-10_R1_2014_MID--AUDIO_10_R1_2014_wav--3.wav,data\raw\maestro-v3.0.0\2014\MIDI-UNPROCESSED_09-10_R1_2014_MID--AUDIO_10_R1_2014_wav--3.midi,data\raw\maestro-v3.0.0\2014\MIDI-UNPROCESSED_09-10_R1_2014_MID--AUDIO_10_R1_2014_wav--3.wav,train,robert_schumann__kreisleriana_op_16_complete,Romantic,2
track_001155,Robert Schumann,"Romances Op. 28, Nos. 2 and 3",2011,245.831752031,2011/MIDI-Unprocessed_23_R3_2011_MID--AUDIO_R3-D8_03_Track03_wav.midi,2011/MIDI-Unprocessed_23_R3_2011_MID--AUDIO_R3-D8_03_Track03_wav.wav,data\raw\maestro-v3.0.0\2011\MIDI-Unprocessed_23_R3_2011_MID--AUDIO_R3-D8_03_Track03_wav.midi,data\raw\maestro-v3.0.0\2011\MIDI-Unprocessed_23_R3_2011_MID--AUDIO_R3-D8_03_Track03_wav.wav,validation,robert_schumann__romances_op_28_nos_2_and_3,Romantic,2
track_001156,Robert Schumann,"Romances Op. 28, Nos. 2 and 3",2011,438.614678906,2011/MIDI-Unprocessed_23_R3_2011_MID--AUDIO_R3-D8_04_Track04_wav.midi,2011/MIDI-Unprocessed_23_R3_2011_MID--AUDIO_R3-D8_04_Track04_wav.wav,data\raw\maestro-v3.0.0\2011\MIDI-Unprocessed_23_R3_2011_MID--AUDIO_R3-D8_04_Track04_wav.midi,data\raw\maestro-v3.0.0\2011\MIDI-Unprocessed_23_R3_2011_MID--AUDIO_R3-D8_04_Track04_wav.wav,test,robert_schumann__romances_op_28_nos_2_and_3,Romantic,2
track_001157,Robert Schumann,Sonata F# Minor,2006,1793.33421094,2006/MIDI-Unprocessed_01_R1_2006_01-09_ORIG_MID--AUDIO_01_R1_2006_01_Track01_wav.midi,2006/MIDI-Unprocessed_01_R1_2006_01-09_ORIG_MID--AUDIO_01_R1_2006_01_Track01_wav.wav,data\raw\maestro-v3.0.0\2006\MIDI-Unprocessed_01_R1_2006_01-09_ORIG_MID--AUDIO_01_R1_2006_01_Track01_wav.midi,data\raw\maestro-v3.0.0\2006\MIDI-Unprocessed_01_R1_2006_01-09_ORIG_MID--AUDIO_01_R1_2006_01_Track01_wav.wav,train,robert_schumann__sonata_f_minor,Romantic,2
track_001158,Robert Schumann,"Sonata No. 1 in F-Sharp Minor, Op. 11 (Complete)",2014,1913.92303266,2014/MIDI-UNPROCESSED_04-08-12_R3_2014_MID--AUDIO_08_R3_2014_wav.midi,2014/MIDI-UNPROCESSED_04-08-12_R3_2014_MID--AUDIO_08_R3_2014_wav.wav,data\raw\maestro-v3.0.0\2014\MIDI-UNPROCESSED_04-08-12_R3_2014_MID--AUDIO_08_R3_2014_wav.midi,data\raw\maestro-v3.0.0\2014\MIDI-UNPROCESSED_04-08-12_R3_2014_MID--AUDIO_08_R3_2014_wav.wav,train,robert_schumann__sonata_no_1_in_f_sharp_minor_op_11_complete,Romantic,2
track_001159,Robert Schumann,"Sonata No. 1 in F-sharp Minor, Op. 11",2009,1582.88703891,2009/MIDI-Unprocessed_13_R1_2009_04_ORIG_MID--AUDIO_13_R1_2009_13_R1_2009_04_WAV.midi,2009/MIDI-Unprocessed_13_R1_2009_04_ORIG_MID--AUDIO_13_R1_2009_13_R1_2009_04_WAV.wav,data\raw\maestro-v3.0.0\2009\MIDI-Unprocessed_13_R1_2009_04_ORIG_MID--AUDIO_13_R1_2009_13_R1_2009_04_WAV.midi,data\raw\maestro-v3.0.0\2009\MIDI-Unprocessed_13_R1_2009_04_ORIG_MID--AUDIO_13_R1_2009_13_R1_2009_04_WAV.wav,train,robert_schumann__sonata_no_1_in_f_sharp_minor_op_11,Romantic,2
track_001160,Robert Schumann,"Sonata No. 2 in G Minor, Op. 22",2018,976.820604375,2018/MIDI-Unprocessed_Recital4_MID--AUDIO_04_R1_2018_wav--4.midi,2018/MIDI-Unprocessed_Recital4_MID--AUDIO_04_R1_2018_wav--4.wav,data\raw\maestro-v3.0.0\2018\MIDI-Unprocessed_Recital4_MID--AUDIO_04_R1_2018_wav--4.midi,data\raw\maestro-v3.0.0\2018\MIDI-Unprocessed_Recital4_MID--AUDIO_04_R1_2018_wav--4.wav,validation,robert_schumann__sonata_no_2_in_g_minor_op_22,Romantic,2
track_001161,Robert Schumann,"Sonata No. 2 in G Minor, Op. 22 (Complete)",2014,1128.44438438,2014/MIDI-UNPROCESSED_04-05_R1_2014_MID--AUDIO_04_R1_2014_wav--3.midi,2014/MIDI-UNPROCESSED_04-05_R1_2014_MID--AUDIO_04_R1_2014_wav--3.wav,data\raw\maestro-v3.0.0\2014\MIDI-UNPROCESSED_04-05_R1_2014_MID--AUDIO_04_R1_2014_wav--3.midi,data\raw\maestro-v3.0.0\2014\MIDI-UNPROCESSED_04-05_R1_2014_MID--AUDIO_04_R1_2014_wav--3.wav,validation,robert_schumann__sonata_no_2_in_g_minor_op_22_complete,Romantic,2
track_001162,Robert Schumann,"Sonata No. 2 in G Minor, Op. 22 (Complete)",2017,981.026175854,2017/MIDI-Unprocessed_073_PIANO073_MID--AUDIO-split_07-08-17_Piano-e_2-02_wav--4.midi,2017/MIDI-Unprocessed_073_PIANO073_MID--AUDIO-split_07-08-17_Piano-e_2-02_wav--4.wav,data\raw\maestro-v3.0.0\2017\MIDI-Unprocessed_073_PIANO073_MID--AUDIO-split_07-08-17_Piano-e_2-02_wav--4.midi,data\raw\maestro-v3.0.0\2017\MIDI-Unprocessed_073_PIANO073_MID--AUDIO-split_07-08-17_Piano-e_2-02_wav--4.wav,validation,robert_schumann__sonata_no_2_in_g_minor_op_22_complete,Romantic,2
track_001163,Robert Schumann,Symphonic Etudes,2006,1577.65333688,2006/MIDI-Unprocessed_08_R1_2006_01-04_ORIG_MID--AUDIO_08_R1_2006_Disk1_03_Track03_wav.midi,2006/MIDI-Unprocessed_08_R1_2006_01-04_ORIG_MID--AUDIO_08_R1_2006_Disk1_03_Track03_wav.wav,data\raw\maestro-v3.0.0\2006\MIDI-Unprocessed_08_R1_2006_01-04_ORIG_MID--AUDIO_08_R1_2006_Disk1_03_Track03_wav.midi,data\raw\maestro-v3.0.0\2006\MIDI-Unprocessed_08_R1_2006_01-04_ORIG_MID--AUDIO_08_R1_2006_Disk1_03_Track03_wav.wav,train,robert_schumann__symphonic_etudes,Romantic,2
track_001164,Robert Schumann,Symphonic Etudes,2006,1623.70831219,2006/MIDI-Unprocessed_14_R1_2006_01-05_ORIG_MID--AUDIO_14_R1_2006_01_Track01_wav.midi,2006/MIDI-Unprocessed_14_R1_2006_01-05_ORIG_MID--AUDIO_14_R1_2006_01_Track01_wav.wav,data\raw\maestro-v3.0.0\2006\MIDI-Unprocessed_14_R1_2006_01-05_ORIG_MID--AUDIO_14_R1_2006_01_Track01_wav.midi,data\raw\maestro-v3.0.0\2006\MIDI-Unprocessed_14_R1_2006_01-05_ORIG_MID--AUDIO_14_R1_2006_01_Track01_wav.wav,train,robert_schumann__symphonic_etudes,Romantic,2
track_001165,Robert Schumann,Symphonic Etudes,2006,1634.54564109,2006/MIDI-Unprocessed_16_R1_2006_01-04_ORIG_MID--AUDIO_16_R1_2006_03_Track03_wav.midi,2006/MIDI-Unprocessed_16_R1_2006_01-04_ORIG_MID--AUDIO_16_R1_2006_03_Track03_wav.wav,data\raw\maestro-v3.0.0\2006\MIDI-Unprocessed_16_R1_2006_01-04_ORIG_MID--AUDIO_16_R1_2006_03_Track03_wav.midi,data\raw\maestro-v3.0.0\2006\MIDI-Unprocessed_16_R1_2006_01-04_ORIG_MID--AUDIO_16_R1_2006_03_Track03_wav.wav,train,robert_schumann__symphonic_etudes,Romantic,2
track_001166,Robert Schumann,Symphonic Etudes Op. 13,2018,1526.65579172,2018/MIDI-Unprocessed_Recital13-15_MID--AUDIO_13_R1_2018_wav--2.midi,2018/MIDI-Unprocessed_Recital13-15_MID--AUDIO_13_R1_2018_wav--2.wav,data\raw\maestro-v3.0.0\2018\MIDI-Unprocessed_Recital13-15_MID--AUDIO_13_R1_2018_wav--2.midi,data\raw\maestro-v3.0.0\2018\MIDI-Unprocessed_Recital13-15_MID--AUDIO_13_R1_2018_wav--2.wav,train,robert_schumann__symphonic_etudes_op_13,Romantic,2
track_001167,Robert Schumann,Symphonic Etudes Op. 13 (with Posthumous variations),2018,2096.39614078,2018/MIDI-Unprocessed_Recital20_MID--AUDIO_20_R1_2018_wav--4.midi,2018/MIDI-Unprocessed_Recital20_MID--AUDIO_20_R1_2018_wav--4.wav,data\raw\maestro-v3.0.0\2018\MIDI-Unprocessed_Recital20_MID--AUDIO_20_R1_2018_wav--4.midi,data\raw\maestro-v3.0.0\2018\MIDI-Unprocessed_Recital20_MID--AUDIO_20_R1_2018_wav--4.wav,train,robert_schumann__symphonic_etudes_op_13_with_posthumous_variations,Romantic,2
track_001168,Robert Schumann,"Symphonic Etudes, Op. 13",2009,1317.43591547,2009/MIDI-Unprocessed_02_R1_2009_01-02_ORIG_MID--AUDIO_02_R1_2009_02_R1_2009_02_WAV.midi,2009/MIDI-Unprocessed_02_R1_2009_01-02_ORIG_MID--AUDIO_02_R1_2009_02_R1_2009_02_WAV.wav,data\raw\maestro-v3.0.0\2009\MIDI-Unprocessed_02_R1_2009_01-02_ORIG_MID--AUDIO_02_R1_2009_02_R1_2009_02_WAV.midi,data\raw\maestro-v3.0.0\2009\MIDI-Unprocessed_02_R1_2009_01-02_ORIG_MID--AUDIO_02_R1_2009_02_R1_2009_02_WAV.wav,train,robert_schumann__symphonic_etudes_op_13,Romantic,2
track_001169,Robert Schumann,"Symphonic Etudes, Op. 13",2014,1650.67409719,2014/MIDI-UNPROCESSED_14-15_R1_2014_MID--AUDIO_15_R1_2014_wav--6.midi,2014/MIDI-UNPROCESSED_14-15_R1_2014_MID--AUDIO_15_R1_2014_wav--6.wav,data\raw\maestro-v3.0.0\2014\MIDI-UNPROCESSED_14-15_R1_2014_MID--AUDIO_15_R1_2014_wav--6.midi,data\raw\maestro-v3.0.0\2014\MIDI-UNPROCESSED_14-15_R1_2014_MID--AUDIO_15_R1_2014_wav--6.wav,train,robert_schumann__symphonic_etudes_op_13,Romantic,2
track_001170,Robert Schumann,"Symphonic Etudes, Op. 13",2015,1058.59166667,2015/MIDI-Unprocessed_R2_D2-12-13-15_mid--AUDIO-from_mp3_15_R2_2015_wav--3.midi,2015/MIDI-Unprocessed_R2_D2-12-13-15_mid--AUDIO-from_mp3_15_R2_2015_wav--3.wav,data\raw\maestro-v3.0.0\2015\MIDI-Unprocessed_R2_D2-12-13-15_mid--AUDIO-from_mp3_15_R2_2015_wav--3.midi,data\raw\maestro-v3.0.0\2015\MIDI-Unprocessed_R2_D2-12-13-15_mid--AUDIO-from_mp3_15_R2_2015_wav--3.wav,train,robert_schumann__symphonic_etudes_op_13,Romantic,2
track_001171,Robert Schumann,"Symphonic Etudes, Op. 13 (with Posthumous Etudes)",2014,1634.97165563,2014/MIDI-UNPROCESSED_21-22_R1_2014_MID--AUDIO_21_R1_2014_wav--8.midi,2014/MIDI-UNPROCESSED_21-22_R1_2014_MID--AUDIO_21_R1_2014_wav--8.wav,data\raw\maestro-v3.0.0\2014\MIDI-UNPROCESSED_21-22_R1_2014_MID--AUDIO_21_R1_2014_wav--8.midi,data\raw\maestro-v3.0.0\2014\MIDI-UNPROCESSED_21-22_R1_2014_MID--AUDIO_21_R1_2014_wav--8.wav,train,robert_schumann__symphonic_etudes_op_13_with_posthumous_etudes,Romantic,2
track_001172,Robert Schumann,Toccata Op. 7,2006,311.429977031,2006/MIDI-Unprocessed_06_R1_2006_01-04_ORIG_MID--AUDIO_06_R1_2006_02_Track02_wav.midi,2006/MIDI-Unprocessed_06_R1_2006_01-04_ORIG_MID--AUDIO_06_R1_2006_02_Track02_wav.wav,data\raw\maestro-v3.0.0\2006\MIDI-Unprocessed_06_R1_2006_01-04_ORIG_MID--AUDIO_06_R1_2006_02_Track02_wav.midi,data\raw\maestro-v3.0.0\2006\MIDI-Unprocessed_06_R1_2006_01-04_ORIG_MID--AUDIO_06_R1_2006_02_Track02_wav.wav,test,robert_schumann__toccata_op_7,Romantic,2
track_001173,Robert Schumann,"Toccata in C Major, Op. 7",2014,404.076786094,2014/MIDI-UNPROCESSED_11-13_R1_2014_MID--AUDIO_13_R1_2014_wav--4.midi,2014/MIDI-UNPROCESSED_11-13_R1_2014_MID--AUDIO_13_R1_2014_wav--4.wav,data\raw\maestro-v3.0.0\2014\MIDI-UNPROCESSED_11-13_R1_2014_MID--AUDIO_13_R1_2014_wav--4.midi,data\raw\maestro-v3.0.0\2014\MIDI-UNPROCESSED_11-13_R1_2014_MID--AUDIO_13_R1_2014_wav--4.wav,test,robert_schumann__toccata_in_c_major_op_7,Romantic,2
track_001174,Robert Schumann,"Toccata in C Major, Op. 7",2014,292.591854844,2014/MIDI-UNPROCESSED_19-20_R1_2014_MID--AUDIO_19_R1_2014_wav--8.midi,2014/MIDI-UNPROCESSED_19-20_R1_2014_MID--AUDIO_19_R1_2014_wav--8.wav,data\raw\maestro-v3.0.0\2014\MIDI-UNPROCESSED_19-20_R1_2014_MID--AUDIO_19_R1_2014_wav--8.midi,data\raw\maestro-v3.0.0\2014\MIDI-UNPROCESSED_19-20_R1_2014_MID--AUDIO_19_R1_2014_wav--8.wav,test,robert_schumann__toccata_in_c_major_op_7,Romantic,2
track_001175,Robert Schumann,"Toccata in C Major, Opus 7",2004,312.655060571,2004/MIDI-Unprocessed_SMF_02_R1_2004_01-05_ORIG_MID--AUDIO_02_R1_2004_10_Track10_wav.midi,2004/MIDI-Unprocessed_SMF_02_R1_2004_01-05_ORIG_MID--AUDIO_02_R1_2004_10_Track10_wav.wav,data\raw\maestro-v3.0.0\2004\MIDI-Unprocessed_SMF_02_R1_2004_01-05_ORIG_MID--AUDIO_02_R1_2004_10_Track10_wav.midi,data\raw\maestro-v3.0.0\2004\MIDI-Unprocessed_SMF_02_R1_2004_01-05_ORIG_MID--AUDIO_02_R1_2004_10_Track10_wav.wav,test,robert_schumann__toccata_in_c_major_opus_7,Romantic,2
track_001176,Robert Schumann,"Toccata in C, Op. 7",2009,392.351370469,2009/MIDI-Unprocessed_20_R1_2009_01-05_ORIG_MID--AUDIO_20_R1_2009_20_R1_2009_02_WAV.midi,2009/MIDI-Unprocessed_20_R1_2009_01-05_ORIG_MID--AUDIO_20_R1_2009_20_R1_2009_02_WAV.wav,data\raw\maestro-v3.0.0\2009\MIDI-Unprocessed_20_R1_2009_01-05_ORIG_MID--AUDIO_20_R1_2009_20_R1_2009_02_WAV.midi,data\raw\maestro-v3.0.0\2009\MIDI-Unprocessed_20_R1_2009_01-05_ORIG_MID--AUDIO_20_R1_2009_20_R1_2009_02_WAV.wav,test,robert_schumann__toccata_in_c_op_7,Romantic,2
track_001178,Sergei Rachmaninoff,Corelli Var.Op42,2006,1103.90648156,2006/MIDI-Unprocessed_09_R1_2006_01-04_ORIG_MID--AUDIO_09_R1_2006_03_Track03_wav.midi,2006/MIDI-Unprocessed_09_R1_2006_01-04_ORIG_MID--AUDIO_09_R1_2006_03_Track03_wav.wav,data\raw\maestro-v3.0.0\2006\MIDI-Unprocessed_09_R1_2006_01-04_ORIG_MID--AUDIO_09_R1_2006_03_Track03_wav.midi,data\raw\maestro-v3.0.0\2006\MIDI-Unprocessed_09_R1_2006_01-04_ORIG_MID--AUDIO_09_R1_2006_03_Track03_wav.wav,validation,sergei_rachmaninoff__corelli_var_op42,Romantic,2
track_001179,Sergei Rachmaninoff,Elegie in E-Flat Minor Op. 3,2011,376.323074531,2011/MIDI-Unprocessed_12_R2_2011_MID--AUDIO_R2-D4_02_Track02_wav.midi,2011/MIDI-Unprocessed_12_R2_2011_MID--AUDIO_R2-D4_02_Track02_wav.wav,data\raw\maestro-v3.0.0\2011\MIDI-Unprocessed_12_R2_2011_MID--AUDIO_R2-D4_02_Track02_wav.midi,data\raw\maestro-v3.0.0\2011\MIDI-Unprocessed_12_R2_2011_MID--AUDIO_R2-D4_02_Track02_wav.wav,validation,sergei_rachmaninoff__elegie_in_e_flat_minor_op_3,Romantic,2
track_001180,Sergei Rachmaninoff,"Elegie in E-flat Minor, Op. 3 No. 1",2013,302.103063281,2013/ORIG-MIDI_01_7_6_13_Group__MID--AUDIO_01_R1_2013_wav--3.midi,2013/ORIG-MIDI_01_7_6_13_Group__MID--AUDIO_01_R1_2013_wav--3.wav,data\raw\maestro-v3.0.0\2013\ORIG-MIDI_01_7_6_13_Group__MID--AUDIO_01_R1_2013_wav--3.midi,data\raw\maestro-v3.0.0\2013\ORIG-MIDI_01_7_6_13_Group__MID--AUDIO_01_R1_2013_wav--3.wav,validation,sergei_rachmaninoff__elegie_in_e_flat_minor_op_3_no_1,Romantic,2
track_001181,Sergei Rachmaninoff,"Elegy Op. 3, No. 1",2004,321.438154319,2004/MIDI-Unprocessed_SMF_16_R1_2004_01-08_ORIG_MID--AUDIO_16_R1_2004_03_Track03_wav.midi,2004/MIDI-Unprocessed_SMF_16_R1_2004_01-08_ORIG_MID--AUDIO_16_R1_2004_03_Track03_wav.wav,data\raw\maestro-v3.0.0\2004\MIDI-Unprocessed_SMF_16_R1_2004_01-08_ORIG_MID--AUDIO_16_R1_2004_03_Track03_wav.midi,data\raw\maestro-v3.0.0\2004\MIDI-Unprocessed_SMF_16_R1_2004_01-08_ORIG_MID--AUDIO_16_R1_2004_03_Track03_wav.wav,validation,sergei_rachmaninoff__elegy_op_3_no_1,Romantic,2
track_001182,Sergei Rachmaninoff,Etude Tableau Op. 39 No. 5,2018,291.913436719,2018/MIDI-Unprocessed_Recital17-19_MID--AUDIO_17_R1_2018_wav--2.midi,2018/MIDI-Unprocessed_Recital17-19_MID--AUDIO_17_R1_2018_wav--2.wav,data\raw\maestro-v3.0.0\2018\MIDI-Unprocessed_Recital17-19_MID--AUDIO_17_R1_2018_wav--2.midi,data\raw\maestro-v3.0.0\2018\MIDI-Unprocessed_Recital17-19_MID--AUDIO_17_R1_2018_wav--2.wav,test,sergei_rachmaninoff__etude_tableau_op_39_no_5,Romantic,2
track_001183,Sergei Rachmaninoff,Etude Tableaux Op. 39 No. 1 in C Minor,2008,164.620561875,2008/MIDI-Unprocessed_08_R1_2008_01-05_ORIG_MID--AUDIO_08_R1_2008_wav--3.midi,2008/MIDI-Unprocessed_08_R1_2008_01-05_ORIG_MID--AUDIO_08_R1_2008_wav--3.wav,data\raw\maestro-v3.0.0\2008\MIDI-Unprocessed_08_R1_2008_01-05_ORIG_MID--AUDIO_08_R1_2008_wav--3.midi,data\raw\maestro-v3.0.0\2008\MIDI-Unprocessed_08_R1_2008_01-05_ORIG_MID--AUDIO_08_R1_2008_wav--3.wav,test,sergei_rachmaninoff__etude_tableaux_op_39_no_1_in_c_minor,Romantic,2
track_001184,Sergei Rachmaninoff,Etude Tableaux Op. 39 No. 6 in A Minor,2008,153.79258125,2008/MIDI-Unprocessed_09_R1_2008_01-05_ORIG_MID--AUDIO_09_R1_2008_wav--4.midi,2008/MIDI-Unprocessed_09_R1_2008_01-05_ORIG_MID--AUDIO_09_R1_2008_wav--4.wav,data\raw\maestro-v3.0.0\2008\MIDI-Unprocessed_09_R1_2008_01-05_ORIG_MID--AUDIO_09_R1_2008_wav--4.midi,data\raw\maestro-v3.0.0\2008\MIDI-Unprocessed_09_R1_2008_01-05_ORIG_MID--AUDIO_09_R1_2008_wav--4.wav,validation,sergei_rachmaninoff__etude_tableaux_op_39_no_6_in_a_minor,Romantic,2
track_001185,Sergei Rachmaninoff,Etude-Tableau Op. 39 No. 6 in A Minor,2017,161.913736533,2017/MIDI-Unprocessed_049_PIANO049_MID--AUDIO-split_07-06-17_Piano-e_2-06_wav--4.midi,2017/MIDI-Unprocessed_049_PIANO049_MID--AUDIO-split_07-06-17_Piano-e_2-06_wav--4.wav,data\raw\maestro-v3.0.0\2017\MIDI-Unprocessed_049_PIANO049_MID--AUDIO-split_07-06-17_Piano-e_2-06_wav--4.midi,data\raw\maestro-v3.0.0\2017\MIDI-Unprocessed_049_PIANO049_MID--AUDIO-split_07-06-17_Piano-e_2-06_wav--4.wav,validation,sergei_rachmaninoff__etude_tableau_op_39_no_6_in_a_minor,Romantic,2
track_001186,Sergei Rachmaninoff,"Etude-Tableau in C Minor, Op. 39, No. 1",2014,197.370262031,2014/MIDI-UNPROCESSED_04-05_R1_2014_MID--AUDIO_04_R1_2014_wav--5.midi,2014/MIDI-UNPROCESSED_04-05_R1_2014_MID--AUDIO_04_R1_2014_wav--5.wav,data\raw\maestro-v3.0.0\2014\MIDI-UNPROCESSED_04-05_R1_2014_MID--AUDIO_04_R1_2014_wav--5.midi,data\raw\maestro-v3.0.0\2014\MIDI-UNPROCESSED_04-05_R1_2014_MID--AUDIO_04_R1_2014_wav--5.wav,test,sergei_rachmaninoff__etude_tableau_in_c_minor_op_39_no_1,Romantic,2
track_001187,Sergei Rachmaninoff,"Etude-Tableau in E-flat Minor, op. 39 No. 5",2015,280.047916667,2015/MIDI-Unprocessed_R1_D2-13-20_mid--AUDIO-from_mp3_17_R1_2015_wav--3.midi,2015/MIDI-Unprocessed_R1_D2-13-20_mid--AUDIO-from_mp3_17_R1_2015_wav--3.wav,data\raw\maestro-v3.0.0\2015\MIDI-Unprocessed_R1_D2-13-20_mid--AUDIO-from_mp3_17_R1_2015_wav--3.midi,data\raw\maestro-v3.0.0\2015\MIDI-Unprocessed_R1_D2-13-20_mid--AUDIO-from_mp3_17_R1_2015_wav--3.wav,test,sergei_rachmaninoff__etude_tableau_in_e_flat_minor_op_39_no_5,Romantic,2
track_001188,Sergei Rachmaninoff,"Etude-Tableau, Op. 39 No. 6 in A Minor",2011,154.993167656,2011/MIDI-Unprocessed_23_R1_2011_MID--AUDIO_R1-D9_05_Track05_wav.midi,2011/MIDI-Unprocessed_23_R1_2011_MID--AUDIO_R1-D9_05_Track05_wav.wav,data\raw\maestro-v3.0.0\2011\MIDI-Unprocessed_23_R1_2011_MID--AUDIO_R1-D9_05_Track05_wav.midi,data\raw\maestro-v3.0.0\2011\MIDI-Unprocessed_23_R1_2011_MID--AUDIO_R1-D9_05_Track05_wav.wav,validation,sergei_rachmaninoff__etude_tableau_op_39_no_6_in_a_minor,Romantic,2
track_001189,Sergei Rachmaninoff,Etude-Tableaux Op. 39 No. 5,2013,262.041671719,2013/ORIG-MIDI_01_7_6_13_Group__MID--AUDIO_04_R1_2013_wav--3.midi,2013/ORIG-MIDI_01_7_6_13_Group__MID--AUDIO_04_R1_2013_wav--3.wav,data\raw\maestro-v3.0.0\2013\ORIG-MIDI_01_7_6_13_Group__MID--AUDIO_04_R1_2013_wav--3.midi,data\raw\maestro-v3.0.0\2013\ORIG-MIDI_01_7_6_13_Group__MID--AUDIO_04_R1_2013_wav--3.wav,test,sergei_rachmaninoff__etude_tableaux_op_39_no_5,Romantic,2
track_001190,Sergei Rachmaninoff,Etude-Tableaux Op. 39 No. 5 in E-flat Minor,2008,273.573444375,2008/MIDI-Unprocessed_05_R1_2008_01-04_ORIG_MID--AUDIO_05_R1_2008_wav--4.midi,2008/MIDI-Unprocessed_05_R1_2008_01-04_ORIG_MID--AUDIO_05_R1_2008_wav--4.wav,data\raw\maestro-v3.0.0\2008\MIDI-Unprocessed_05_R1_2008_01-04_ORIG_MID--AUDIO_05_R1_2008_wav--4.midi,data\raw\maestro-v3.0.0\2008\MIDI-Unprocessed_05_R1_2008_01-04_ORIG_MID--AUDIO_05_R1_2008_wav--4.wav,test,sergei_rachmaninoff__etude_tableaux_op_39_no_5_in_e_flat_minor,Romantic,2
track_001191,Sergei Rachmaninoff,Etude-Tableaux Op. 39 No. 6 in A Minor,2008,158.788569844,2008/MIDI-Unprocessed_12_R1_2008_01-04_ORIG_MID--AUDIO_12_R1_2008_wav--3.midi,2008/MIDI-Unprocessed_12_R1_2008_01-04_ORIG_MID--AUDIO_12_R1_2008_wav--3.wav,data\raw\maestro-v3.0.0\2008\MIDI-Unprocessed_12_R1_2008_01-04_ORIG_MID--AUDIO_12_R1_2008_wav--3.midi,data\raw\maestro-v3.0.0\2008\MIDI-Unprocessed_12_R1_2008_01-04_ORIG_MID--AUDIO_12_R1_2008_wav--3.wav,validation,sergei_rachmaninoff__etude_tableaux_op_39_no_6_in_a_minor,Romantic,2
track_001192,Sergei Rachmaninoff,"Etude-Tableaux, Opus 33 No. 3 in C Minor",2004,267.438313619,2004/MIDI-Unprocessed_SMF_02_R1_2004_01-05_ORIG_MID--AUDIO_02_R1_2004_06_Track06_wav.midi,2004/MIDI-Unprocessed_SMF_02_R1_2004_01-05_ORIG_MID--AUDIO_02_R1_2004_06_Track06_wav.wav,data\raw\maestro-v3.0.0\2004\MIDI-Unprocessed_SMF_02_R1_2004_01-05_ORIG_MID--AUDIO_02_R1_2004_06_Track06_wav.midi,data\raw\maestro-v3.0.0\2004\MIDI-Unprocessed_SMF_02_R1_2004_01-05_ORIG_MID--AUDIO_02_R1_2004_06_Track06_wav.wav,validation,sergei_rachmaninoff__etude_tableaux_opus_33_no_3_in_c_minor,Romantic,2
track_001193,Sergei Rachmaninoff,"Etude-Tableaux, Opus 39 No. 8 in D Minor",2004,190.852001088,2004/MIDI-Unprocessed_SMF_02_R1_2004_01-05_ORIG_MID--AUDIO_02_R1_2004_08_Track08_wav.midi,2004/MIDI-Unprocessed_SMF_02_R1_2004_01-05_ORIG_MID--AUDIO_02_R1_2004_08_Track08_wav.wav,data\raw\maestro-v3.0.0\2004\MIDI-Unprocessed_SMF_02_R1_2004_01-05_ORIG_MID--AUDIO_02_R1_2004_08_Track08_wav.midi,data\raw\maestro-v3.0.0\2004\MIDI-Unprocessed_SMF_02_R1_2004_01-05_ORIG_MID--AUDIO_02_R1_2004_08_Track08_wav.wav,test,sergei_rachmaninoff__etude_tableaux_opus_39_no_8_in_d_minor,Romantic,2
track_001194,Sergei Rachmaninoff,Etudes-Tableaux,2006,204.878267344,2006/MIDI-Unprocessed_12_R1_2006_01-08_ORIG_MID--AUDIO_12_R1_2006_07_Track07_wav.midi,2006/MIDI-Unprocessed_12_R1_2006_01-08_ORIG_MID--AUDIO_12_R1_2006_07_Track07_wav.wav,data\raw\maestro-v3.0.0\2006\MIDI-Unprocessed_12_R1_2006_01-08_ORIG_MID--AUDIO_12_R1_2006_07_Track07_wav.midi,data\raw\maestro-v3.0.0\2006\MIDI-Unprocessed_12_R1_2006_01-08_ORIG_MID--AUDIO_12_R1_2006_07_Track07_wav.wav,test,sergei_rachmaninoff__etudes_tableaux,Romantic,2
track_001195,Sergei Rachmaninoff,Etudes-Tableaux Op. 33,2018,1355.37791813,2018/MIDI-Unprocessed_Recital5-7_MID--AUDIO_05_R1_2018_wav--3.midi,2018/MIDI-Unprocessed_Recital5-7_MID--AUDIO_05_R1_2018_wav--3.wav,data\raw\maestro-v3.0.0\2018\MIDI-Unprocessed_Recital5-7_MID--AUDIO_05_R1_2018_wav--3.midi,data\raw\maestro-v3.0.0\2018\MIDI-Unprocessed_Recital5-7_MID--AUDIO_05_R1_2018_wav--3.wav,validation,sergei_rachmaninoff__etudes_tableaux_op_33,Romantic,2
track_001196,Sergei Rachmaninoff,"Humoresque Op. 10, No. 5",2004,217.924570796,2004/MIDI-Unprocessed_SMF_16_R1_2004_01-08_ORIG_MID--AUDIO_16_R1_2004_04_Track04_wav.midi,2004/MIDI-Unprocessed_SMF_16_R1_2004_01-08_ORIG_MID--AUDIO_16_R1_2004_04_Track04_wav.wav,data\raw\maestro-v3.0.0\2004\MIDI-Unprocessed_SMF_16_R1_2004_01-08_ORIG_MID--AUDIO_16_R1_2004_04_Track04_wav.midi,data\raw\maestro-v3.0.0\2004\MIDI-Unprocessed_SMF_16_R1_2004_01-08_ORIG_MID--AUDIO_16_R1_2004_04_Track04_wav.wav,validation,sergei_rachmaninoff__humoresque_op_10_no_5,Romantic,2
track_001197,Sergei Rachmaninoff,Lilac,2006,138.394626563,2006/MIDI-Unprocessed_12_R1_2006_01-08_ORIG_MID--AUDIO_12_R1_2006_03_Track03_wav.midi,2006/MIDI-Unprocessed_12_R1_2006_01-08_ORIG_MID--AUDIO_12_R1_2006_03_Track03_wav.wav,data\raw\maestro-v3.0.0\2006\MIDI-Unprocessed_12_R1_2006_01-08_ORIG_MID--AUDIO_12_R1_2006_03_Track03_wav.midi,data\raw\maestro-v3.0.0\2006\MIDI-Unprocessed_12_R1_2006_01-08_ORIG_MID--AUDIO_12_R1_2006_03_Track03_wav.wav,validation,sergei_rachmaninoff__lilac,Romantic,2
track_001198,Sergei Rachmaninoff,"Moment Musical, Op. 16, No.4",2004,158.014182992,2004/MIDI-Unprocessed_XP_08_R1_2004_04-06_ORIG_MID--AUDIO_08_R1_2004_05_Track05_wav--2.midi,2004/MIDI-Unprocessed_XP_08_R1_2004_04-06_ORIG_MID--AUDIO_08_R1_2004_05_Track05_wav--2.wav,data\raw\maestro-v3.0.0\2004\MIDI-Unprocessed_XP_08_R1_2004_04-06_ORIG_MID--AUDIO_08_R1_2004_05_Track05_wav--2.midi,data\raw\maestro-v3.0.0\2004\MIDI-Unprocessed_XP_08_R1_2004_04-06_ORIG_MID--AUDIO_08_R1_2004_05_Track05_wav--2.wav,train,sergei_rachmaninoff__moment_musical_op_16_no_4,Romantic,2
track_001199,Sergei Rachmaninoff,Moment Musicaux Op. 16 No. 4 in E Minor,2017,164.292998379,2017/MIDI-Unprocessed_060_PIANO060_MID--AUDIO-split_07-07-17_Piano-e_2-04_wav--2.midi,2017/MIDI-Unprocessed_060_PIANO060_MID--AUDIO-split_07-07-17_Piano-e_2-04_wav--2.wav,data\raw\maestro-v3.0.0\2017\MIDI-Unprocessed_060_PIANO060_MID--AUDIO-split_07-07-17_Piano-e_2-04_wav--2.midi,data\raw\maestro-v3.0.0\2017\MIDI-Unprocessed_060_PIANO060_MID--AUDIO-split_07-07-17_Piano-e_2-04_wav--2.wav,train,sergei_rachmaninoff__moment_musicaux_op_16_no_4_in_e_minor,Romantic,2
track_001200,Sergei Rachmaninoff,"Moment Musicaux, Op. 16 No. 3 in B Minor",2018,256.500811875,2018/MIDI-Unprocessed_Recital1-3_MID--AUDIO_03_R1_2018_wav--4.midi,2018/MIDI-Unprocessed_Recital1-3_MID--AUDIO_03_R1_2018_wav--4.wav,data\raw\maestro-v3.0.0\2018\MIDI-Unprocessed_Recital1-3_MID--AUDIO_03_R1_2018_wav--4.midi,data\raw\maestro-v3.0.0\2018\MIDI-Unprocessed_Recital1-3_MID--AUDIO_03_R1_2018_wav--4.wav,train,sergei_rachmaninoff__moment_musicaux_op_16_no_3_in_b_minor,Romantic,2
track_001201,Sergei Rachmaninoff,"Moment Musicaux, Op. 16 No. 4 in E Minor",2018,164.338777969,2018/MIDI-Unprocessed_Recital1-3_MID--AUDIO_03_R1_2018_wav--5.midi,2018/MIDI-Unprocessed_Recital1-3_MID--AUDIO_03_R1_2018_wav--5.wav,data\raw\maestro-v3.0.0\2018\MIDI-Unprocessed_Recital1-3_MID--AUDIO_03_R1_2018_wav--5.midi,data\raw\maestro-v3.0.0\2018\MIDI-Unprocessed_Recital1-3_MID--AUDIO_03_R1_2018_wav--5.wav,train,sergei_rachmaninoff__moment_musicaux_op_16_no_4_in_e_minor,Romantic,2
track_001202,Sergei Rachmaninoff,"Moment Musicaux, Op. 16 No. 5",2013,207.710796563,2013/ORIG-MIDI_01_7_6_13_Group__MID--AUDIO_02_R1_2013_wav--4.midi,2013/ORIG-MIDI_01_7_6_13_Group__MID--AUDIO_02_R1_2013_wav--4.wav,data\raw\maestro-v3.0.0\2013\ORIG-MIDI_01_7_6_13_Group__MID--AUDIO_02_R1_2013_wav--4.midi,data\raw\maestro-v3.0.0\2013\ORIG-MIDI_01_7_6_13_Group__MID--AUDIO_02_R1_2013_wav--4.wav,train,sergei_rachmaninoff__moment_musicaux_op_16_no_5,Romantic,2
track_001203,Sergei Rachmaninoff,Moments Musicaux,2006,1750.78350563,2006/MIDI-Unprocessed_22_R1_2006_01-04_ORIG_MID--AUDIO_22_R1_2006_04_Track04_wav.midi,2006/MIDI-Unprocessed_22_R1_2006_01-04_ORIG_MID--AUDIO_22_R1_2006_04_Track04_wav.wav,data\raw\maestro-v3.0.0\2006\MIDI-Unprocessed_22_R1_2006_01-04_ORIG_MID--AUDIO_22_R1_2006_04_Track04_wav.midi,data\raw\maestro-v3.0.0\2006\MIDI-Unprocessed_22_R1_2006_01-04_ORIG_MID--AUDIO_22_R1_2006_04_Track04_wav.wav,train,sergei_rachmaninoff__moments_musicaux,Romantic,2
track_001204,Sergei Rachmaninoff,"Moments Musicaux, Op. 16",2011,380.377557656,2011/MIDI-Unprocessed_17_R3_2011_MID--AUDIO_R3-D6_03_Track03_wav.midi,2011/MIDI-Unprocessed_17_R3_2011_MID--AUDIO_R3-D6_03_Track03_wav.wav,data\raw\maestro-v3.0.0\2011\MIDI-Unprocessed_17_R3_2011_MID--AUDIO_R3-D6_03_Track03_wav.midi,data\raw\maestro-v3.0.0\2011\MIDI-Unprocessed_17_R3_2011_MID--AUDIO_R3-D6_03_Track03_wav.wav,train,sergei_rachmaninoff__moments_musicaux_op_16,Romantic,2
track_001205,Sergei Rachmaninoff,"Moments Musicaux, Op. 16",2011,177.222045,2011/MIDI-Unprocessed_17_R3_2011_MID--AUDIO_R3-D6_04_Track04_wav.midi,2011/MIDI-Unprocessed_17_R3_2011_MID--AUDIO_R3-D6_04_Track04_wav.wav,data\raw\maestro-v3.0.0\2011\MIDI-Unprocessed_17_R3_2011_MID--AUDIO_R3-D6_04_Track04_wav.midi,data\raw\maestro-v3.0.0\2011\MIDI-Unprocessed_17_R3_2011_MID--AUDIO_R3-D6_04_Track04_wav.wav,train,sergei_rachmaninoff__moments_musicaux_op_16,Romantic,2
track_001206,Sergei Rachmaninoff,"Moments Musicaux, Op. 16",2011,224.7861,2011/MIDI-Unprocessed_17_R3_2011_MID--AUDIO_R3-D6_05_Track05_wav.midi,2011/MIDI-Unprocessed_17_R3_2011_MID--AUDIO_R3-D6_05_Track05_wav.wav,data\raw\maestro-v3.0.0\2011\MIDI-Unprocessed_17_R3_2011_MID--AUDIO_R3-D6_05_Track05_wav.midi,data\raw\maestro-v3.0.0\2011\MIDI-Unprocessed_17_R3_2011_MID--AUDIO_R3-D6_05_Track05_wav.wav,train,sergei_rachmaninoff__moments_musicaux_op_16,Romantic,2
track_001207,Sergei Rachmaninoff,"Moments Musicaux, Op. 16",2011,162.591984844,2011/MIDI-Unprocessed_17_R3_2011_MID--AUDIO_R3-D6_06_Track06_wav.midi,2011/MIDI-Unprocessed_17_R3_2011_MID--AUDIO_R3-D6_06_Track06_wav.wav,data\raw\maestro-v3.0.0\2011\MIDI-Unprocessed_17_R3_2011_MID--AUDIO_R3-D6_06_Track06_wav.midi,data\raw\maestro-v3.0.0\2011\MIDI-Unprocessed_17_R3_2011_MID--AUDIO_R3-D6_06_Track06_wav.wav,train,sergei_rachmaninoff__moments_musicaux_op_16,Romantic,2
track_001208,Sergei Rachmaninoff,"Moments Musicaux, Op. 16",2011,209.215869844,2011/MIDI-Unprocessed_17_R3_2011_MID--AUDIO_R3-D6_07_Track07_wav.midi,2011/MIDI-Unprocessed_17_R3_2011_MID--AUDIO_R3-D6_07_Track07_wav.wav,data\raw\maestro-v3.0.0\2011\MIDI-Unprocessed_17_R3_2011_MID--AUDIO_R3-D6_07_Track07_wav.midi,data\raw\maestro-v3.0.0\2011\MIDI-Unprocessed_17_R3_2011_MID--AUDIO_R3-D6_07_Track07_wav.wav,train,sergei_rachmaninoff__moments_musicaux_op_16,Romantic,2
track_001209,Sergei Rachmaninoff,"Moments Musicaux, Op. 16",2011,276.942832031,2011/MIDI-Unprocessed_17_R3_2011_MID--AUDIO_R3-D6_08_Track08_wav.midi,2011/MIDI-Unprocessed_17_R3_2011_MID--AUDIO_R3-D6_08_Track08_wav.wav,data\raw\maestro-v3.0.0\2011\MIDI-Unprocessed_17_R3_2011_MID--AUDIO_R3-D6_08_Track08_wav.midi,data\raw\maestro-v3.0.0\2011\MIDI-Unprocessed_17_R3_2011_MID--AUDIO_R3-D6_08_Track08_wav.wav,train,sergei_rachmaninoff__moments_musicaux_op_16,Romantic,2
track_001210,Sergei Rachmaninoff,"Polka de ""W.R.""",2004,235.444818256,2004/MIDI-Unprocessed_SMF_16_R1_2004_01-08_ORIG_MID--AUDIO_16_R1_2004_06_Track06_wav.midi,2004/MIDI-Unprocessed_SMF_16_R1_2004_01-08_ORIG_MID--AUDIO_16_R1_2004_06_Track06_wav.wav,data\raw\maestro-v3.0.0\2004\MIDI-Unprocessed_SMF_16_R1_2004_01-08_ORIG_MID--AUDIO_16_R1_2004_06_Track06_wav.midi,data\raw\maestro-v3.0.0\2004\MIDI-Unprocessed_SMF_16_R1_2004_01-08_ORIG_MID--AUDIO_16_R1_2004_06_Track06_wav.wav,validation,sergei_rachmaninoff__polka_de_w_r,Romantic,2
track_001211,Sergei Rachmaninoff,Polka de W. R.,2006,199.615185,2006/MIDI-Unprocessed_12_R1_2006_01-08_ORIG_MID--AUDIO_12_R1_2006_04_Track04_wav.midi,2006/MIDI-Unprocessed_12_R1_2006_01-08_ORIG_MID--AUDIO_12_R1_2006_04_Track04_wav.wav,data\raw\maestro-v3.0.0\2006\MIDI-Unprocessed_12_R1_2006_01-08_ORIG_MID--AUDIO_12_R1_2006_04_Track04_wav.midi,data\raw\maestro-v3.0.0\2006\MIDI-Unprocessed_12_R1_2006_01-08_ORIG_MID--AUDIO_12_R1_2006_04_Track04_wav.wav,validation,sergei_rachmaninoff__polka_de_w_r,Romantic,2
track_001212,Sergei Rachmaninoff,Polka de W.R.,2004,243.356119704,2004/MIDI-Unprocessed_SMF_13_01_2004_01-05_ORIG_MID--AUDIO_13_R1_2004_12_Track12_wav.midi,2004/MIDI-Unprocessed_SMF_13_01_2004_01-05_ORIG_MID--AUDIO_13_R1_2004_12_Track12_wav.wav,data\raw\maestro-v3.0.0\2004\MIDI-Unprocessed_SMF_13_01_2004_01-05_ORIG_MID--AUDIO_13_R1_2004_12_Track12_wav.midi,data\raw\maestro-v3.0.0\2004\MIDI-Unprocessed_SMF_13_01_2004_01-05_ORIG_MID--AUDIO_13_R1_2004_12_Track12_wav.wav,validation,sergei_rachmaninoff__polka_de_w_r,Romantic,2
track_001213,Sergei Rachmaninoff,Prelude Op. 23 No. 4 in D Major,2015,264.132291667,2015/MIDI-Unprocessed_R1_D1-9-12_mid--AUDIO-from_mp3_11_R1_2015_wav--4.midi,2015/MIDI-Unprocessed_R1_D1-9-12_mid--AUDIO-from_mp3_11_R1_2015_wav--4.wav,data\raw\maestro-v3.0.0\2015\MIDI-Unprocessed_R1_D1-9-12_mid--AUDIO-from_mp3_11_R1_2015_wav--4.midi,data\raw\maestro-v3.0.0\2015\MIDI-Unprocessed_R1_D1-9-12_mid--AUDIO-from_mp3_11_R1_2015_wav--4.wav,train,sergei_rachmaninoff__prelude_op_23_no_4_in_d_major,Romantic,2
track_001214,Sergei Rachmaninoff,Prelude Op. 23 No. 6 in E-flat Major,2008,167.493155156,2008/MIDI-Unprocessed_12_R3_2008_01-04_ORIG_MID--AUDIO_12_R3_2008_wav--3.midi,2008/MIDI-Unprocessed_12_R3_2008_01-04_ORIG_MID--AUDIO_12_R3_2008_wav--3.wav,data\raw\maestro-v3.0.0\2008\MIDI-Unprocessed_12_R3_2008_01-04_ORIG_MID--AUDIO_12_R3_2008_wav--3.midi,data\raw\maestro-v3.0.0\2008\MIDI-Unprocessed_12_R3_2008_01-04_ORIG_MID--AUDIO_12_R3_2008_wav--3.wav,test,sergei_rachmaninoff__prelude_op_23_no_6_in_e_flat_major,Romantic,2
track_001215,Sergei Rachmaninoff,"Prelude Op. 23, No. 2",2004,168.511255027,2004/MIDI-Unprocessed_XP_08_R1_2004_04-06_ORIG_MID--AUDIO_08_R1_2004_04_Track04_wav.midi,2004/MIDI-Unprocessed_XP_08_R1_2004_04-06_ORIG_MID--AUDIO_08_R1_2004_04_Track04_wav.wav,data\raw\maestro-v3.0.0\2004\MIDI-Unprocessed_XP_08_R1_2004_04-06_ORIG_MID--AUDIO_08_R1_2004_04_Track04_wav.midi,data\raw\maestro-v3.0.0\2004\MIDI-Unprocessed_XP_08_R1_2004_04-06_ORIG_MID--AUDIO_08_R1_2004_04_Track04_wav.wav,train,sergei_rachmaninoff__prelude_op_23_no_2,Romantic,2
track_001216,Sergei Rachmaninoff,Prelude Op. 23/4,2006,240.634107656,2006/MIDI-Unprocessed_12_R1_2006_01-08_ORIG_MID--AUDIO_12_R1_2006_05_Track05_wav.midi,2006/MIDI-Unprocessed_12_R1_2006_01-08_ORIG_MID--AUDIO_12_R1_2006_05_Track05_wav.wav,data\raw\maestro-v3.0.0\2006\MIDI-Unprocessed_12_R1_2006_01-08_ORIG_MID--AUDIO_12_R1_2006_05_Track05_wav.midi,data\raw\maestro-v3.0.0\2006\MIDI-Unprocessed_12_R1_2006_01-08_ORIG_MID--AUDIO_12_R1_2006_05_Track05_wav.wav,train,sergei_rachmaninoff__prelude_op_23_4,Romantic,2
track_001217,Sergei Rachmaninoff,Prelude Op. 3 No. 2 in C-sharp Minor,2018,239.852858438,2018/MIDI-Unprocessed_Recital17-19_MID--AUDIO_19_R1_2018_wav--5.midi,2018/MIDI-Unprocessed_Recital17-19_MID--AUDIO_19_R1_2018_wav--5.wav,data\raw\maestro-v3.0.0\2018\MIDI-Unprocessed_Recital17-19_MID--AUDIO_19_R1_2018_wav--5.midi,data\raw\maestro-v3.0.0\2018\MIDI-Unprocessed_Recital17-19_MID--AUDIO_19_R1_2018_wav--5.wav,validation,sergei_rachmaninoff__prelude_op_3_no_2_in_c_sharp_minor,Romantic,2
track_001218,Sergei Rachmaninoff,Prelude Op. 32 No. 8 in A Minor,2015,109.870833333,2015/MIDI-Unprocessed_R1_D1-9-12_mid--AUDIO-from_mp3_11_R1_2015_wav--5.midi,2015/MIDI-Unprocessed_R1_D1-9-12_mid--AUDIO-from_mp3_11_R1_2015_wav--5.wav,data\raw\maestro-v3.0.0\2015\MIDI-Unprocessed_R1_D1-9-12_mid--AUDIO-from_mp3_11_R1_2015_wav--5.midi,data\raw\maestro-v3.0.0\2015\MIDI-Unprocessed_R1_D1-9-12_mid--AUDIO-from_mp3_11_R1_2015_wav--5.wav,test,sergei_rachmaninoff__prelude_op_32_no_8_in_a_minor,Romantic,2
track_001219,Sergei Rachmaninoff,"Prelude Op. 32, No. 10",2004,287.529574004,2004/MIDI-Unprocessed_XP_08_R1_2004_04-06_ORIG_MID--AUDIO_08_R1_2004_05_Track05_wav--1.midi,2004/MIDI-Unprocessed_XP_08_R1_2004_04-06_ORIG_MID--AUDIO_08_R1_2004_05_Track05_wav--1.wav,data\raw\maestro-v3.0.0\2004\MIDI-Unprocessed_XP_08_R1_2004_04-06_ORIG_MID--AUDIO_08_R1_2004_05_Track05_wav--1.midi,data\raw\maestro-v3.0.0\2004\MIDI-Unprocessed_XP_08_R1_2004_04-06_ORIG_MID--AUDIO_08_R1_2004_05_Track05_wav--1.wav,test,sergei_rachmaninoff__prelude_op_32_no_10,Romantic,2
track_001220,Sergei Rachmaninoff,Prelude Op. 32/5,2006,365.457700781,2006/MIDI-Unprocessed_14_R1_2006_01-05_ORIG_MID--AUDIO_14_R1_2006_04_Track04_wav.midi,2006/MIDI-Unprocessed_14_R1_2006_01-05_ORIG_MID--AUDIO_14_R1_2006_04_Track04_wav.wav,data\raw\maestro-v3.0.0\2006\MIDI-Unprocessed_14_R1_2006_01-05_ORIG_MID--AUDIO_14_R1_2006_04_Track04_wav.midi,data\raw\maestro-v3.0.0\2006\MIDI-Unprocessed_14_R1_2006_01-05_ORIG_MID--AUDIO_14_R1_2006_04_Track04_wav.wav,validation,sergei_rachmaninoff__prelude_op_32_5,Romantic,2
track_001221,Sergei Rachmaninoff,"Prelude in C-sharp Minor, Op. 3, No. 2",2004,231.917050885,2004/MIDI-Unprocessed_SMF_16_R1_2004_01-08_ORIG_MID--AUDIO_16_R1_2004_02_Track02_wav.midi,2004/MIDI-Unprocessed_SMF_16_R1_2004_01-08_ORIG_MID--AUDIO_16_R1_2004_02_Track02_wav.wav,data\raw\maestro-v3.0.0\2004\MIDI-Unprocessed_SMF_16_R1_2004_01-08_ORIG_MID--AUDIO_16_R1_2004_02_Track02_wav.midi,data\raw\maestro-v3.0.0\2004\MIDI-Unprocessed_SMF_16_R1_2004_01-08_ORIG_MID--AUDIO_16_R1_2004_02_Track02_wav.wav,validation,sergei_rachmaninoff__prelude_in_c_sharp_minor_op_3_no_2,Romantic,2
track_001222,Sergei Rachmaninoff,"Prelude in D Major, Op. 23, No. 4",2014,280.859761875,2014/MIDI-UNPROCESSED_04-05_R1_2014_MID--AUDIO_04_R1_2014_wav--4.midi,2014/MIDI-UNPROCESSED_04-05_R1_2014_MID--AUDIO_04_R1_2014_wav--4.wav,data\raw\maestro-v3.0.0\2014\MIDI-UNPROCESSED_04-05_R1_2014_MID--AUDIO_04_R1_2014_wav--4.midi,data\raw\maestro-v3.0.0\2014\MIDI-UNPROCESSED_04-05_R1_2014_MID--AUDIO_04_R1_2014_wav--4.wav,train,sergei_rachmaninoff__prelude_in_d_major_op_23_no_4,Romantic,2
track_001223,Sergei Rachmaninoff,"Prelude in D Major, Op. 23, No. 4",2013,263.720355938,2013/ORIG-MIDI_02_7_6_13_Group__MID--AUDIO_05_R1_2013_wav--3.midi,2013/ORIG-MIDI_02_7_6_13_Group__MID--AUDIO_05_R1_2013_wav--3.wav,data\raw\maestro-v3.0.0\2013\ORIG-MIDI_02_7_6_13_Group__MID--AUDIO_05_R1_2013_wav--3.midi,data\raw\maestro-v3.0.0\2013\ORIG-MIDI_02_7_6_13_Group__MID--AUDIO_05_R1_2013_wav--3.wav,train,sergei_rachmaninoff__prelude_in_d_major_op_23_no_4,Romantic,2
track_001224,Sergei Rachmaninoff,"Prelude in G-Sharp Minor,Op. 32 No. 12",2011,127.737585938,2011/MIDI-Unprocessed_03_R2_2011_MID--AUDIO_R2-D1_06_Track06_wav.midi,2011/MIDI-Unprocessed_03_R2_2011_MID--AUDIO_R2-D1_06_Track06_wav.wav,data\raw\maestro-v3.0.0\2011\MIDI-Unprocessed_03_R2_2011_MID--AUDIO_R2-D1_06_Track06_wav.midi,data\raw\maestro-v3.0.0\2011\MIDI-Unprocessed_03_R2_2011_MID--AUDIO_R2-D1_06_Track06_wav.wav,test,sergei_rachmaninoff__prelude_in_g_sharp_minor_op_32_no_12,Romantic,2
track_001225,Sergei Rachmaninoff,"Preludes Op. 23, Nos. 2, 4 and 5",2018,700.402611563,2018/MIDI-Unprocessed_Recital17-19_MID--AUDIO_19_R1_2018_wav--6.midi,2018/MIDI-Unprocessed_Recital17-19_MID--AUDIO_19_R1_2018_wav--6.wav,data\raw\maestro-v3.0.0\2018\MIDI-Unprocessed_Recital17-19_MID--AUDIO_19_R1_2018_wav--6.midi,data\raw\maestro-v3.0.0\2018\MIDI-Unprocessed_Recital17-19_MID--AUDIO_19_R1_2018_wav--6.wav,train,sergei_rachmaninoff__preludes_op_23_nos_2_4_and_5,Romantic,2
track_001226,Sergei Rachmaninoff,Sonata No. 2 in B-Flat Minor Op. 36 (1913),2011,582.148189219,2011/MIDI-Unprocessed_12_R3_2011_MID--AUDIO_R3-D4_04_Track04_wav.midi,2011/MIDI-Unprocessed_12_R3_2011_MID--AUDIO_R3-D4_04_Track04_wav.wav,data\raw\maestro-v3.0.0\2011\MIDI-Unprocessed_12_R3_2011_MID--AUDIO_R3-D4_04_Track04_wav.midi,data\raw\maestro-v3.0.0\2011\MIDI-Unprocessed_12_R3_2011_MID--AUDIO_R3-D4_04_Track04_wav.wav,train,sergei_rachmaninoff__sonata_no_2_in_b_flat_minor_op_36_1913,Romantic,2
track_001227,Sergei Rachmaninoff,Sonata No. 2 in B-Flat Minor Op. 36 (1913),2011,293.417174531,2011/MIDI-Unprocessed_12_R3_2011_MID--AUDIO_R3-D4_07_Track07_wav.midi,2011/MIDI-Unprocessed_12_R3_2011_MID--AUDIO_R3-D4_07_Track07_wav.wav,data\raw\maestro-v3.0.0\2011\MIDI-Unprocessed_12_R3_2011_MID--AUDIO_R3-D4_07_Track07_wav.midi,data\raw\maestro-v3.0.0\2011\MIDI-Unprocessed_12_R3_2011_MID--AUDIO_R3-D4_07_Track07_wav.wav,train,sergei_rachmaninoff__sonata_no_2_in_b_flat_minor_op_36_1913,Romantic,2
track_001228,Sergei Rachmaninoff,Sonata No. 2 in B-Flat Minor Op. 36 (1913),2011,91.6839360938,2011/MIDI-Unprocessed_12_R3_2011_MID--AUDIO_R3-D4_08_Track08_wav.midi,2011/MIDI-Unprocessed_12_R3_2011_MID--AUDIO_R3-D4_08_Track08_wav.wav,data\raw\maestro-v3.0.0\2011\MIDI-Unprocessed_12_R3_2011_MID--AUDIO_R3-D4_08_Track08_wav.midi,data\raw\maestro-v3.0.0\2011\MIDI-Unprocessed_12_R3_2011_MID--AUDIO_R3-D4_08_Track08_wav.wav,train,sergei_rachmaninoff__sonata_no_2_in_b_flat_minor_op_36_1913,Romantic,2
track_001229,Sergei Rachmaninoff,Sonata No. 2 in B-Flat Minor Op. 36 (1913),2011,344.883469219,2011/MIDI-Unprocessed_12_R3_2011_MID--AUDIO_R3-D4_09_Track09_wav.midi,2011/MIDI-Unprocessed_12_R3_2011_MID--AUDIO_R3-D4_09_Track09_wav.wav,data\raw\maestro-v3.0.0\2011\MIDI-Unprocessed_12_R3_2011_MID--AUDIO_R3-D4_09_Track09_wav.midi,data\raw\maestro-v3.0.0\2011\MIDI-Unprocessed_12_R3_2011_MID--AUDIO_R3-D4_09_Track09_wav.wav,train,sergei_rachmaninoff__sonata_no_2_in_b_flat_minor_op_36_1913,Romantic,2
track_001230,Sergei Rachmaninoff,Sonata No. 2 in B-flat Minor,2004,1167.49976099,2004/MIDI-Unprocessed_XP_15_R1_2004_04_ORIG_MID--AUDIO_15_R1_2004_04_Track04_wav.midi,2004/MIDI-Unprocessed_XP_15_R1_2004_04_ORIG_MID--AUDIO_15_R1_2004_04_Track04_wav.wav,data\raw\maestro-v3.0.0\2004\MIDI-Unprocessed_XP_15_R1_2004_04_ORIG_MID--AUDIO_15_R1_2004_04_Track04_wav.midi,data\raw\maestro-v3.0.0\2004\MIDI-Unprocessed_XP_15_R1_2004_04_ORIG_MID--AUDIO_15_R1_2004_04_Track04_wav.wav,train,sergei_rachmaninoff__sonata_no_2_in_b_flat_minor,Romantic,2
track_001231,Sergei Rachmaninoff,"Sonata No. 2 in B-flat Minor, Op. 36",2004,649.419024379,2004/MIDI-Unprocessed_XP_01_R1_2004_04-05_ORIG_MID--AUDIO_01_R1_2004_06_Track06_wav.midi,2004/MIDI-Unprocessed_XP_01_R1_2004_04-05_ORIG_MID--AUDIO_01_R1_2004_06_Track06_wav.wav,data\raw\maestro-v3.0.0\2004\MIDI-Unprocessed_XP_01_R1_2004_04-05_ORIG_MID--AUDIO_01_R1_2004_06_Track06_wav.midi,data\raw\maestro-v3.0.0\2004\MIDI-Unprocessed_XP_01_R1_2004_04-05_ORIG_MID--AUDIO_01_R1_2004_06_Track06_wav.wav,train,sergei_rachmaninoff__sonata_no_2_in_b_flat_minor_op_36,Romantic,2
track_001232,Sergei Rachmaninoff,"Sonata No. 2 in B-flat Minor, Op. 36 (1913)",2009,1387.26089906,2009/MIDI-Unprocessed_14_R1_2009_06-08_ORIG_MID--AUDIO_14_R1_2009_14_R1_2009_08_WAV.midi,2009/MIDI-Unprocessed_14_R1_2009_06-08_ORIG_MID--AUDIO_14_R1_2009_14_R1_2009_08_WAV.wav,data\raw\maestro-v3.0.0\2009\MIDI-Unprocessed_14_R1_2009_06-08_ORIG_MID--AUDIO_14_R1_2009_14_R1_2009_08_WAV.midi,data\raw\maestro-v3.0.0\2009\MIDI-Unprocessed_14_R1_2009_06-08_ORIG_MID--AUDIO_14_R1_2009_14_R1_2009_08_WAV.wav,train,sergei_rachmaninoff__sonata_no_2_in_b_flat_minor_op_36_1913,Romantic,2
track_001233,Sergei Rachmaninoff,"Sonata No. 2 in B-flat Minor, Op.36",2009,1227.78322734,2009/MIDI-Unprocessed_08_R1_2009_05-06_ORIG_MID--AUDIO_08_R1_2009_08_R1_2009_06_WAV.midi,2009/MIDI-Unprocessed_08_R1_2009_05-06_ORIG_MID--AUDIO_08_R1_2009_08_R1_2009_06_WAV.wav,data\raw\maestro-v3.0.0\2009\MIDI-Unprocessed_08_R1_2009_05-06_ORIG_MID--AUDIO_08_R1_2009_08_R1_2009_06_WAV.midi,data\raw\maestro-v3.0.0\2009\MIDI-Unprocessed_08_R1_2009_05-06_ORIG_MID--AUDIO_08_R1_2009_08_R1_2009_06_WAV.wav,train,sergei_rachmaninoff__sonata_no_2_in_b_flat_minor_op_36,Romantic,2
track_001234,Sergei Rachmaninoff,"Sonata No. 2 in B-flat Minor, Opus 36",2004,1195.73578881,2004/MIDI-Unprocessed_SMF_16_R1_2004_01-08_ORIG_MID--AUDIO_16_R1_2004_08_Track08_wav.midi,2004/MIDI-Unprocessed_SMF_16_R1_2004_01-08_ORIG_MID--AUDIO_16_R1_2004_08_Track08_wav.wav,data\raw\maestro-v3.0.0\2004\MIDI-Unprocessed_SMF_16_R1_2004_01-08_ORIG_MID--AUDIO_16_R1_2004_08_Track08_wav.midi,data\raw\maestro-v3.0.0\2004\MIDI-Unprocessed_SMF_16_R1_2004_01-08_ORIG_MID--AUDIO_16_R1_2004_08_Track08_wav.wav,train,sergei_rachmaninoff__sonata_no_2_in_b_flat_minor_opus_36,Romantic,2
track_001235,Sergei Rachmaninoff,Sonata Op. 36,2006,1040.69473922,2006/MIDI-Unprocessed_03_R1_2006_01-05_ORIG_MID--AUDIO_03_R1_2006_05_Track05_wav.midi,2006/MIDI-Unprocessed_03_R1_2006_01-05_ORIG_MID--AUDIO_03_R1_2006_05_Track05_wav.wav,data\raw\maestro-v3.0.0\2006\MIDI-Unprocessed_03_R1_2006_01-05_ORIG_MID--AUDIO_03_R1_2006_05_Track05_wav.midi,data\raw\maestro-v3.0.0\2006\MIDI-Unprocessed_03_R1_2006_01-05_ORIG_MID--AUDIO_03_R1_2006_05_Track05_wav.wav,train,sergei_rachmaninoff__sonata_op_36,Romantic,2
track_001236,Sergei Rachmaninoff,"Sonata in B-flat Minor, Op.36",2009,1168.36555172,2009/MIDI-Unprocessed_07_R1_2009_04-05_ORIG_MID--AUDIO_07_R1_2009_07_R1_2009_05_WAV.midi,2009/MIDI-Unprocessed_07_R1_2009_04-05_ORIG_MID--AUDIO_07_R1_2009_07_R1_2009_05_WAV.wav,data\raw\maestro-v3.0.0\2009\MIDI-Unprocessed_07_R1_2009_04-05_ORIG_MID--AUDIO_07_R1_2009_07_R1_2009_05_WAV.midi,data\raw\maestro-v3.0.0\2009\MIDI-Unprocessed_07_R1_2009_04-05_ORIG_MID--AUDIO_07_R1_2009_07_R1_2009_05_WAV.wav,train,sergei_rachmaninoff__sonata_in_b_flat_minor_op_36,Romantic,2
track_001237,Sergei Rachmaninoff / György Cziffra,Flight of B.B.,2006,114.58321875,2006/MIDI-Unprocessed_12_R1_2006_01-08_ORIG_MID--AUDIO_12_R1_2006_08_Track08_wav.midi,2006/MIDI-Unprocessed_12_R1_2006_01-08_ORIG_MID--AUDIO_12_R1_2006_08_Track08_wav.wav,data\raw\maestro-v3.0.0\2006\MIDI-Unprocessed_12_R1_2006_01-08_ORIG_MID--AUDIO_12_R1_2006_08_Track08_wav.midi,data\raw\maestro-v3.0.0\2006\MIDI-Unprocessed_12_R1_2006_01-08_ORIG_MID--AUDIO_12_R1_2006_08_Track08_wav.wav,train,sergei_rachmaninoff_gy_rgy_cziffra__flight_of_b_b,Romantic,2
track_001238,Sergei Rachmaninoff / Vyacheslav Gryaznov,Italian Polka,2009,182.654731875,2009/MIDI-Unprocessed_04_R1_2009_04-06_ORIG_MID--AUDIO_04_R1_2009_04_R1_2009_06_WAV.midi,2009/MIDI-Unprocessed_04_R1_2009_04-06_ORIG_MID--AUDIO_04_R1_2009_04_R1_2009_06_WAV.wav,data\raw\maestro-v3.0.0\2009\MIDI-Unprocessed_04_R1_2009_04-06_ORIG_MID--AUDIO_04_R1_2009_04_R1_2009_06_WAV.midi,data\raw\maestro-v3.0.0\2009\MIDI-Unprocessed_04_R1_2009_04-06_ORIG_MID--AUDIO_04_R1_2009_04_R1_2009_06_WAV.wav,train,sergei_rachmaninoff_vyacheslav_gryaznov__italian_polka,Romantic,2
track_001239,Wolfgang Amadeus Mozart,Fantasy in C Min,2006,691.770141563,2006/MIDI-Unprocessed_07_R1_2006_01-04_ORIG_MID--AUDIO_07_R1_2006_02_Track02_wav.midi,2006/MIDI-Unprocessed_07_R1_2006_01-04_ORIG_MID--AUDIO_07_R1_2006_02_Track02_wav.wav,data\raw\maestro-v3.0.0\2006\MIDI-Unprocessed_07_R1_2006_01-04_ORIG_MID--AUDIO_07_R1_2006_02_Track02_wav.midi,data\raw\maestro-v3.0.0\2006\MIDI-Unprocessed_07_R1_2006_01-04_ORIG_MID--AUDIO_07_R1_2006_02_Track02_wav.wav,train,wolfgang_amadeus_mozart__fantasy_in_c_min,Classical,1
track_001240,Wolfgang Amadeus Mozart,"Nine Variations, K. 264",2009,735.7471275,2009/MIDI-Unprocessed_04_R1_2009_01-03_ORIG_MID--AUDIO_04_R1_2009_04_R1_2009_02_WAV.midi,2009/MIDI-Unprocessed_04_R1_2009_01-03_ORIG_MID--AUDIO_04_R1_2009_04_R1_2009_02_WAV.wav,data\raw\maestro-v3.0.0\2009\MIDI-Unprocessed_04_R1_2009_01-03_ORIG_MID--AUDIO_04_R1_2009_04_R1_2009_02_WAV.midi,data\raw\maestro-v3.0.0\2009\MIDI-Unprocessed_04_R1_2009_01-03_ORIG_MID--AUDIO_04_R1_2009_04_R1_2009_02_WAV.wav,train,wolfgang_amadeus_mozart__nine_variations_k_264,Classical,1
track_001241,Wolfgang Amadeus Mozart,"Nine variations on a minuet by Duport, K537",2018,581.409675,2018/MIDI-Unprocessed_Chamber2_MID--AUDIO_09_R3_2018_wav--1.midi,2018/MIDI-Unprocessed_Chamber2_MID--AUDIO_09_R3_2018_wav--1.wav,data\raw\maestro-v3.0.0\2018\MIDI-Unprocessed_Chamber2_MID--AUDIO_09_R3_2018_wav--1.midi,data\raw\maestro-v3.0.0\2018\MIDI-Unprocessed_Chamber2_MID--AUDIO_09_R3_2018_wav--1.wav,train,wolfgang_amadeus_mozart__nine_variations_on_a_minuet_by_duport_k537,Classical,1
track_001242,Wolfgang Amadeus Mozart,"Rondo in A Minor,  K. 511",2011,500.815471406,2011/MIDI-Unprocessed_05_R1_2011_MID--AUDIO_R1-D2_12_Track12_wav.midi,2011/MIDI-Unprocessed_05_R1_2011_MID--AUDIO_R1-D2_12_Track12_wav.wav,data\raw\maestro-v3.0.0\2011\MIDI-Unprocessed_05_R1_2011_MID--AUDIO_R1-D2_12_Track12_wav.midi,data\raw\maestro-v3.0.0\2011\MIDI-Unprocessed_05_R1_2011_MID--AUDIO_R1-D2_12_Track12_wav.wav,test,wolfgang_amadeus_mozart__rondo_in_a_minor_k_511,Classical,1
track_001243,Wolfgang Amadeus Mozart,Sonata K. 457,2006,937.038325781,2006/MIDI-Unprocessed_24_R1_2006_01-05_ORIG_MID--AUDIO_24_R1_2006_01_Track01_wav.midi,2006/MIDI-Unprocessed_24_R1_2006_01-05_ORIG_MID--AUDIO_24_R1_2006_01_Track01_wav.wav,data\raw\maestro-v3.0.0\2006\MIDI-Unprocessed_24_R1_2006_01-05_ORIG_MID--AUDIO_24_R1_2006_01_Track01_wav.midi,data\raw\maestro-v3.0.0\2006\MIDI-Unprocessed_24_R1_2006_01-05_ORIG_MID--AUDIO_24_R1_2006_01_Track01_wav.wav,train,wolfgang_amadeus_mozart__sonata_k_457,Classical,1
track_001244,Wolfgang Amadeus Mozart,"Sonata K. 457 in C minor, I. Allegro molto",2015,228.583333333,2015/MIDI-Unprocessed_R1_D1-1-8_mid--AUDIO-from_mp3_01_R1_2015_wav--3.midi,2015/MIDI-Unprocessed_R1_D1-1-8_mid--AUDIO-from_mp3_01_R1_2015_wav--3.wav,data\raw\maestro-v3.0.0\2015\MIDI-Unprocessed_R1_D1-1-8_mid--AUDIO-from_mp3_01_R1_2015_wav--3.midi,data\raw\maestro-v3.0.0\2015\MIDI-Unprocessed_R1_D1-1-8_mid--AUDIO-from_mp3_01_R1_2015_wav--3.wav,train,wolfgang_amadeus_mozart__sonata_k_457_in_c_minor_i_allegro_molto,Classical,1
track_001245,Wolfgang Amadeus Mozart,"Sonata in B-flat Major, K 333, First Movement",2008,299.095587656,2008/MIDI-Unprocessed_08_R1_2008_01-05_ORIG_MID--AUDIO_08_R1_2008_wav--2.midi,2008/MIDI-Unprocessed_08_R1_2008_01-05_ORIG_MID--AUDIO_08_R1_2008_wav--2.wav,data\raw\maestro-v3.0.0\2008\MIDI-Unprocessed_08_R1_2008_01-05_ORIG_MID--AUDIO_08_R1_2008_wav--2.midi,data\raw\maestro-v3.0.0\2008\MIDI-Unprocessed_08_R1_2008_01-05_ORIG_MID--AUDIO_08_R1_2008_wav--2.wav,test,wolfgang_amadeus_mozart__sonata_in_b_flat_major_k_333_first_movement,Classical,1
track_001246,Wolfgang Amadeus Mozart,"Sonata in B-flat Major, K. 281, First Movement",2011,183.08742375,2011/MIDI-Unprocessed_02_R1_2011_MID--AUDIO_R1-D1_09_Track09_wav.midi,2011/MIDI-Unprocessed_02_R1_2011_MID--AUDIO_R1-D1_09_Track09_wav.wav,data\raw\maestro-v3.0.0\2011\MIDI-Unprocessed_02_R1_2011_MID--AUDIO_R1-D1_09_Track09_wav.midi,data\raw\maestro-v3.0.0\2011\MIDI-Unprocessed_02_R1_2011_MID--AUDIO_R1-D1_09_Track09_wav.wav,train,wolfgang_amadeus_mozart__sonata_in_b_flat_major_k_281_first_movement,Classical,1
track_001247,Wolfgang Amadeus Mozart,"Sonata in B-flat Major, K. 333, 1st mov.",2013,307.326081563,2013/ORIG-MIDI_03_7_10_13_Group_MID--AUDIO_17_R3_2013_wav--1.midi,2013/ORIG-MIDI_03_7_10_13_Group_MID--AUDIO_17_R3_2013_wav--1.wav,data\raw\maestro-v3.0.0\2013\ORIG-MIDI_03_7_10_13_Group_MID--AUDIO_17_R3_2013_wav--1.midi,data\raw\maestro-v3.0.0\2013\ORIG-MIDI_03_7_10_13_Group_MID--AUDIO_17_R3_2013_wav--1.wav,test,wolfgang_amadeus_mozart__sonata_in_b_flat_major_k_333_1st_mov,Classical,1
track_001248,Wolfgang Amadeus Mozart,"Sonata in B-flat Major, K. 333, I. Allegro",2017,301.940828175,2017/MIDI-Unprocessed_052_PIANO052_MID--AUDIO-split_07-06-17_Piano-e_3-03_wav--3.midi,2017/MIDI-Unprocessed_052_PIANO052_MID--AUDIO-split_07-06-17_Piano-e_3-03_wav--3.wav,data\raw\maestro-v3.0.0\2017\MIDI-Unprocessed_052_PIANO052_MID--AUDIO-split_07-06-17_Piano-e_3-03_wav--3.midi,data\raw\maestro-v3.0.0\2017\MIDI-Unprocessed_052_PIANO052_MID--AUDIO-split_07-06-17_Piano-e_3-03_wav--3.wav,test,wolfgang_amadeus_mozart__sonata_in_b_flat_major_k_333_i_allegro,Classical,1
track_001249,Wolfgang Amadeus Mozart,"Sonata in B-flat Major, K. 570, 1st mov.",2013,261.801287344,2013/ORIG-MIDI_02_7_7_13_Group__MID--AUDIO_18_R1_2013_wav--3.midi,2013/ORIG-MIDI_02_7_7_13_Group__MID--AUDIO_18_R1_2013_wav--3.wav,data\raw\maestro-v3.0.0\2013\ORIG-MIDI_02_7_7_13_Group__MID--AUDIO_18_R1_2013_wav--3.midi,data\raw\maestro-v3.0.0\2013\ORIG-MIDI_02_7_7_13_Group__MID--AUDIO_18_R1_2013_wav--3.wav,train,wolfgang_amadeus_mozart__sonata_in_b_flat_major_k_570_1st_mov,Classical,1
track_001250,Wolfgang Amadeus Mozart,"Sonata in B-flat Major, K.281",2009,672.153441094,2009/MIDI-Unprocessed_08_R1_2009_01-04_ORIG_MID--AUDIO_08_R1_2009_08_R1_2009_01_WAV.midi,2009/MIDI-Unprocessed_08_R1_2009_01-04_ORIG_MID--AUDIO_08_R1_2009_08_R1_2009_01_WAV.wav,data\raw\maestro-v3.0.0\2009\MIDI-Unprocessed_08_R1_2009_01-04_ORIG_MID--AUDIO_08_R1_2009_08_R1_2009_01_WAV.midi,data\raw\maestro-v3.0.0\2009\MIDI-Unprocessed_08_R1_2009_01-04_ORIG_MID--AUDIO_08_R1_2009_08_R1_2009_01_WAV.wav,train,wolfgang_amadeus_mozart__sonata_in_b_flat_major_k_281,Classical,1
track_001251,Wolfgang Amadeus Mozart,"Sonata in C Major, K 330, I. Allegro moderato",2015,257.267708333,2015/MIDI-Unprocessed_R1_D2-13-20_mid--AUDIO-from_mp3_20_R1_2015_wav--2.midi,2015/MIDI-Unprocessed_R1_D2-13-20_mid--AUDIO-from_mp3_20_R1_2015_wav--2.wav,data\raw\maestro-v3.0.0\2015\MIDI-Unprocessed_R1_D2-13-20_mid--AUDIO-from_mp3_20_R1_2015_wav--2.midi,data\raw\maestro-v3.0.0\2015\MIDI-Unprocessed_R1_D2-13-20_mid--AUDIO-from_mp3_20_R1_2015_wav--2.wav,train,wolfgang_amadeus_mozart__sonata_in_c_major_k_330_i_allegro_moderato,Classical,1
track_001252,Wolfgang Amadeus Mozart,"Sonata in C Major, K279",2015,598.585416667,2015/MIDI-Unprocessed_R1_D2-13-20_mid--AUDIO-from_mp3_18_R1_2015_wav--3.midi,2015/MIDI-Unprocessed_R1_D2-13-20_mid--AUDIO-from_mp3_18_R1_2015_wav--3.wav,data\raw\maestro-v3.0.0\2015\MIDI-Unprocessed_R1_D2-13-20_mid--AUDIO-from_mp3_18_R1_2015_wav--3.midi,data\raw\maestro-v3.0.0\2015\MIDI-Unprocessed_R1_D2-13-20_mid--AUDIO-from_mp3_18_R1_2015_wav--3.wav,validation,wolfgang_amadeus_mozart__sonata_in_c_major_k279,Classical,1
track_001253,Wolfgang Amadeus Mozart,"Sonata in C Minor K457, First Movement",2008,230.639459531,2008/MIDI-Unprocessed_02_R1_2008_01-05_ORIG_MID--AUDIO_02_R1_2008_wav--2.midi,2008/MIDI-Unprocessed_02_R1_2008_01-05_ORIG_MID--AUDIO_02_R1_2008_wav--2.wav,data\raw\maestro-v3.0.0\2008\MIDI-Unprocessed_02_R1_2008_01-05_ORIG_MID--AUDIO_02_R1_2008_wav--2.midi,data\raw\maestro-v3.0.0\2008\MIDI-Unprocessed_02_R1_2008_01-05_ORIG_MID--AUDIO_02_R1_2008_wav--2.wav,train,wolfgang_amadeus_mozart__sonata_in_c_minor_k457_first_movement,Classical,1
track_001254,Wolfgang Amadeus Mozart,"Sonata in C Minor, K. 457",2018,1070.4476475,2018/MIDI-Unprocessed_Recital13-15_MID--AUDIO_13_R1_2018_wav--1.midi,2018/MIDI-Unprocessed_Recital13-15_MID--AUDIO_13_R1_2018_wav--1.wav,data\raw\maestro-v3.0.0\2018\MIDI-Unprocessed_Recital13-15_MID--AUDIO_13_R1_2018_wav--1.midi,data\raw\maestro-v3.0.0\2018\MIDI-Unprocessed_Recital13-15_MID--AUDIO_13_R1_2018_wav--1.wav,train,wolfgang_amadeus_mozart__sonata_in_c_minor_k_457,Classical,1
track_001255,Wolfgang Amadeus Mozart,"Sonata in C Minor, K. 457, 1st mov.",2013,239.547036094,2013/ORIG-MIDI_01_7_7_13_Group__MID--AUDIO_11_R1_2013_wav--2.midi,2013/ORIG-MIDI_01_7_7_13_Group__MID--AUDIO_11_R1_2013_wav--2.wav,data\raw\maestro-v3.0.0\2013\ORIG-MIDI_01_7_7_13_Group__MID--AUDIO_11_R1_2013_wav--2.midi,data\raw\maestro-v3.0.0\2013\ORIG-MIDI_01_7_7_13_Group__MID--AUDIO_11_R1_2013_wav--2.wav,train,wolfgang_amadeus_mozart__sonata_in_c_minor_k_457_1st_mov,Classical,1
track_001256,Wolfgang Amadeus Mozart,Sonata in D Major K576,2018,803.47141875,2018/MIDI-Unprocessed_Recital12_MID--AUDIO_12_R1_2018_wav--1.midi,2018/MIDI-Unprocessed_Recital12_MID--AUDIO_12_R1_2018_wav--1.wav,data\raw\maestro-v3.0.0\2018\MIDI-Unprocessed_Recital12_MID--AUDIO_12_R1_2018_wav--1.midi,data\raw\maestro-v3.0.0\2018\MIDI-Unprocessed_Recital12_MID--AUDIO_12_R1_2018_wav--1.wav,train,wolfgang_amadeus_mozart__sonata_in_d_major_k576,Classical,1
track_001257,Wolfgang Amadeus Mozart,"Sonata in D Major, K 284, First Movement",2008,267.495726094,2008/MIDI-Unprocessed_14_R1_2008_01-05_ORIG_MID--AUDIO_14_R1_2008_wav--2.midi,2008/MIDI-Unprocessed_14_R1_2008_01-05_ORIG_MID--AUDIO_14_R1_2008_wav--2.wav,data\raw\maestro-v3.0.0\2008\MIDI-Unprocessed_14_R1_2008_01-05_ORIG_MID--AUDIO_14_R1_2008_wav--2.midi,data\raw\maestro-v3.0.0\2008\MIDI-Unprocessed_14_R1_2008_01-05_ORIG_MID--AUDIO_14_R1_2008_wav--2.wav,train,wolfgang_amadeus_mozart__sonata_in_d_major_k_284_first_movement,Classical,1
track_001258,Wolfgang Amadeus Mozart,"Sonata in D Major, K 576, First Movement",2008,236.252434687,2008/MIDI-Unprocessed_07_R3_2008_01-05_ORIG_MID--AUDIO_07_R3_2008_wav--1.midi,2008/MIDI-Unprocessed_07_R3_2008_01-05_ORIG_MID--AUDIO_07_R3_2008_wav--1.wav,data\raw\maestro-v3.0.0\2008\MIDI-Unprocessed_07_R3_2008_01-05_ORIG_MID--AUDIO_07_R3_2008_wav--1.midi,data\raw\maestro-v3.0.0\2008\MIDI-Unprocessed_07_R3_2008_01-05_ORIG_MID--AUDIO_07_R3_2008_wav--1.wav,train,wolfgang_amadeus_mozart__sonata_in_d_major_k_576_first_movement,Classical,1
track_001259,Wolfgang Amadeus Mozart,"Sonata in D Major, K. 284, First Movement",2011,205.236172969,2011/MIDI-Unprocessed_03_R1_2011_MID--AUDIO_R1-D1_16_Track16_wav.midi,2011/MIDI-Unprocessed_03_R1_2011_MID--AUDIO_R1-D1_16_Track16_wav.wav,data\raw\maestro-v3.0.0\2011\MIDI-Unprocessed_03_R1_2011_MID--AUDIO_R1-D1_16_Track16_wav.midi,data\raw\maestro-v3.0.0\2011\MIDI-Unprocessed_03_R1_2011_MID--AUDIO_R1-D1_16_Track16_wav.wav,train,wolfgang_amadeus_mozart__sonata_in_d_major_k_284_first_movement,Classical,1
track_001260,Wolfgang Amadeus Mozart,"Sonata in D Major, K. 311",2009,910.278202969,2009/MIDI-Unprocessed_14_R1_2009_06-08_ORIG_MID--AUDIO_14_R1_2009_14_R1_2009_06_WAV.midi,2009/MIDI-Unprocessed_14_R1_2009_06-08_ORIG_MID--AUDIO_14_R1_2009_14_R1_2009_06_WAV.wav,data\raw\maestro-v3.0.0\2009\MIDI-Unprocessed_14_R1_2009_06-08_ORIG_MID--AUDIO_14_R1_2009_14_R1_2009_06_WAV.midi,data\raw\maestro-v3.0.0\2009\MIDI-Unprocessed_14_R1_2009_06-08_ORIG_MID--AUDIO_14_R1_2009_14_R1_2009_06_WAV.wav,train,wolfgang_amadeus_mozart__sonata_in_d_major_k_311,Classical,1
track_001261,Wolfgang Amadeus Mozart,"Sonata in D Major, K. 576 (Complete)",2014,790.820523281,2014/MIDI-UNPROCESSED_09-10_R1_2014_MID--AUDIO_09_R1_2014_wav--1.midi,2014/MIDI-UNPROCESSED_09-10_R1_2014_MID--AUDIO_09_R1_2014_wav--1.wav,data\raw\maestro-v3.0.0\2014\MIDI-UNPROCESSED_09-10_R1_2014_MID--AUDIO_09_R1_2014_wav--1.midi,data\raw\maestro-v3.0.0\2014\MIDI-UNPROCESSED_09-10_R1_2014_MID--AUDIO_09_R1_2014_wav--1.wav,train,wolfgang_amadeus_mozart__sonata_in_d_major_k_576_complete,Classical,1
track_001262,Wolfgang Amadeus Mozart,"Sonata in D Major, K. 576, I - Allegro",2013,214.958385469,2013/ORIG-MIDI_01_7_7_13_Group__MID--AUDIO_12_R1_2013_wav--2.midi,2013/ORIG-MIDI_01_7_7_13_Group__MID--AUDIO_12_R1_2013_wav--2.wav,data\raw\maestro-v3.0.0\2013\ORIG-MIDI_01_7_7_13_Group__MID--AUDIO_12_R1_2013_wav--2.midi,data\raw\maestro-v3.0.0\2013\ORIG-MIDI_01_7_7_13_Group__MID--AUDIO_12_R1_2013_wav--2.wav,train,wolfgang_amadeus_mozart__sonata_in_d_major_k_576_i_allegro,Classical,1
track_001263,Wolfgang Amadeus Mozart,"Sonata in D Major, K. 576, II - Adagio",2013,285.3629625,2013/ORIG-MIDI_01_7_7_13_Group__MID--AUDIO_12_R1_2013_wav--3.midi,2013/ORIG-MIDI_01_7_7_13_Group__MID--AUDIO_12_R1_2013_wav--3.wav,data\raw\maestro-v3.0.0\2013\ORIG-MIDI_01_7_7_13_Group__MID--AUDIO_12_R1_2013_wav--3.midi,data\raw\maestro-v3.0.0\2013\ORIG-MIDI_01_7_7_13_Group__MID--AUDIO_12_R1_2013_wav--3.wav,train,wolfgang_amadeus_mozart__sonata_in_d_major_k_576_ii_adagio,Classical,1
track_001264,Wolfgang Amadeus Mozart,"Sonata in D Major, K.311",2009,792.420414844,2009/MIDI-Unprocessed_05_R1_2009_01-02_ORIG_MID--AUDIO_05_R1_2009_05_R1_2009_01_WAV.midi,2009/MIDI-Unprocessed_05_R1_2009_01-02_ORIG_MID--AUDIO_05_R1_2009_05_R1_2009_01_WAV.wav,data\raw\maestro-v3.0.0\2009\MIDI-Unprocessed_05_R1_2009_01-02_ORIG_MID--AUDIO_05_R1_2009_05_R1_2009_01_WAV.midi,data\raw\maestro-v3.0.0\2009\MIDI-Unprocessed_05_R1_2009_01-02_ORIG_MID--AUDIO_05_R1_2009_05_R1_2009_01_WAV.wav,train,wolfgang_amadeus_mozart__sonata_in_d_major_k_311,Classical,1
track_001265,Wolfgang Amadeus Mozart,"Sonata in D-Major, K. 311, First Movement",2011,194.098363594,2011/MIDI-Unprocessed_07_R1_2011_MID--AUDIO_R1-D3_04_Track04_wav.midi,2011/MIDI-Unprocessed_07_R1_2011_MID--AUDIO_R1-D3_04_Track04_wav.wav,data\raw\maestro-v3.0.0\2011\MIDI-Unprocessed_07_R1_2011_MID--AUDIO_R1-D3_04_Track04_wav.midi,data\raw\maestro-v3.0.0\2011\MIDI-Unprocessed_07_R1_2011_MID--AUDIO_R1-D3_04_Track04_wav.wav,train,wolfgang_amadeus_mozart__sonata_in_d_major_k_311_first_movement,Classical,1
track_001266,Wolfgang Amadeus Mozart,Sonata in F,2006,1075.48904203,2006/MIDI-Unprocessed_16_R1_2006_01-04_ORIG_MID--AUDIO_16_R1_2006_01_Track01_wav.midi,2006/MIDI-Unprocessed_16_R1_2006_01-04_ORIG_MID--AUDIO_16_R1_2006_01_Track01_wav.wav,data\raw\maestro-v3.0.0\2006\MIDI-Unprocessed_16_R1_2006_01-04_ORIG_MID--AUDIO_16_R1_2006_01_Track01_wav.midi,data\raw\maestro-v3.0.0\2006\MIDI-Unprocessed_16_R1_2006_01-04_ORIG_MID--AUDIO_16_R1_2006_01_Track01_wav.wav,validation,wolfgang_amadeus_mozart__sonata_in_f,Classical,1
track_001267,Wolfgang Amadeus Mozart,Sonata in F K332,2006,901.959568125,2006/MIDI-Unprocessed_06_R1_2006_01-04_ORIG_MID--AUDIO_06_R1_2006_01_Track01_wav.midi,2006/MIDI-Unprocessed_06_R1_2006_01-04_ORIG_MID--AUDIO_06_R1_2006_01_Track01_wav.wav,data\raw\maestro-v3.0.0\2006\MIDI-Unprocessed_06_R1_2006_01-04_ORIG_MID--AUDIO_06_R1_2006_01_Track01_wav.midi,data\raw\maestro-v3.0.0\2006\MIDI-Unprocessed_06_R1_2006_01-04_ORIG_MID--AUDIO_06_R1_2006_01_Track01_wav.wav,train,wolfgang_amadeus_mozart__sonata_in_f_k332,Classical,1
track_001268,Wolfgang Amadeus Mozart,"Sonata in F Major, K 332 (Complete)",2015,908.790625,2015/MIDI-Unprocessed_R1_D1-9-12_mid--AUDIO-from_mp3_11_R1_2015_wav--1.midi,2015/MIDI-Unprocessed_R1_D1-9-12_mid--AUDIO-from_mp3_11_R1_2015_wav--1.wav,data\raw\maestro-v3.0.0\2015\MIDI-Unprocessed_R1_D1-9-12_mid--AUDIO-from_mp3_11_R1_2015_wav--1.midi,data\raw\maestro-v3.0.0\2015\MIDI-Unprocessed_R1_D1-9-12_mid--AUDIO-from_mp3_11_R1_2015_wav--1.wav,train,wolfgang_amadeus_mozart__sonata_in_f_major_k_332_complete,Classical,1
track_001269,Wolfgang Amadeus Mozart,"Sonata in F Major, K 332 (Complete)",2015,832.53125,2015/MIDI-Unprocessed_R1_D1-9-12_mid--AUDIO-from_mp3_12_R1_2015_wav--2.midi,2015/MIDI-Unprocessed_R1_D1-9-12_mid--AUDIO-from_mp3_12_R1_2015_wav--2.wav,data\raw\maestro-v3.0.0\2015\MIDI-Unprocessed_R1_D1-9-12_mid--AUDIO-from_mp3_12_R1_2015_wav--2.midi,data\raw\maestro-v3.0.0\2015\MIDI-Unprocessed_R1_D1-9-12_mid--AUDIO-from_mp3_12_R1_2015_wav--2.wav,train,wolfgang_amadeus_mozart__sonata_in_f_major_k_332_complete,Classical,1
track_001270,Wolfgang Amadeus Mozart,"Sonata in F Major, K. 280, 1st mov.",2013,192.605309531,2013/ORIG-MIDI_03_7_6_13_Group__MID--AUDIO_09_R1_2013_wav--3.midi,2013/ORIG-MIDI_03_7_6_13_Group__MID--AUDIO_09_R1_2013_wav--3.wav,data\raw\maestro-v3.0.0\2013\ORIG-MIDI_03_7_6_13_Group__MID--AUDIO_09_R1_2013_wav--3.midi,data\raw\maestro-v3.0.0\2013\ORIG-MIDI_03_7_6_13_Group__MID--AUDIO_09_R1_2013_wav--3.wav,test,wolfgang_amadeus_mozart__sonata_in_f_major_k_280_1st_mov,Classical,1
track_001271,Wolfgang Amadeus Mozart,"Sonata in F Major, K280",2004,245.315515633,2004/MIDI-Unprocessed_XP_14_R1_2004_04_ORIG_MID--AUDIO_14_R1_2004_04_Track04_wav.midi,2004/MIDI-Unprocessed_XP_14_R1_2004_04_ORIG_MID--AUDIO_14_R1_2004_04_Track04_wav.wav,data\raw\maestro-v3.0.0\2004\MIDI-Unprocessed_XP_14_R1_2004_04_ORIG_MID--AUDIO_14_R1_2004_04_Track04_wav.midi,data\raw\maestro-v3.0.0\2004\MIDI-Unprocessed_XP_14_R1_2004_04_ORIG_MID--AUDIO_14_R1_2004_04_Track04_wav.wav,test,wolfgang_amadeus_mozart__sonata_in_f_major_k280,Classical,1
track_001272,Wolfgang Amadeus Mozart,"Sonata in F Major, K280",2004,241.470441506,2004/MIDI-Unprocessed_XP_14_R1_2004_04_ORIG_MID--AUDIO_14_R1_2004_05_Track05_wav.midi,2004/MIDI-Unprocessed_XP_14_R1_2004_04_ORIG_MID--AUDIO_14_R1_2004_05_Track05_wav.wav,data\raw\maestro-v3.0.0\2004\MIDI-Unprocessed_XP_14_R1_2004_04_ORIG_MID--AUDIO_14_R1_2004_05_Track05_wav.midi,data\raw\maestro-v3.0.0\2004\MIDI-Unprocessed_XP_14_R1_2004_04_ORIG_MID--AUDIO_14_R1_2004_05_Track05_wav.wav,test,wolfgang_amadeus_mozart__sonata_in_f_major_k280,Classical,1
track_001273,Wolfgang Amadeus Mozart,"Sonata in F Major, K280",2004,114.696242842,2004/MIDI-Unprocessed_XP_14_R1_2004_04_ORIG_MID--AUDIO_14_R1_2004_06_Track06_wav.midi,2004/MIDI-Unprocessed_XP_14_R1_2004_04_ORIG_MID--AUDIO_14_R1_2004_06_Track06_wav.wav,data\raw\maestro-v3.0.0\2004\MIDI-Unprocessed_XP_14_R1_2004_04_ORIG_MID--AUDIO_14_R1_2004_06_Track06_wav.midi,data\raw\maestro-v3.0.0\2004\MIDI-Unprocessed_XP_14_R1_2004_04_ORIG_MID--AUDIO_14_R1_2004_06_Track06_wav.wav,train,wolfgang_amadeus_mozart__sonata_in_f_major_k280,Classical,1
track_001274,Wolfgang Amadeus Mozart,"Sonata in F Major, K533",2004,1139.19847773,2004/MIDI-Unprocessed_SMF_12_01_2004_01-05_ORIG_MID--AUDIO_12_R1_2004_03_Track03_wav--1.midi,2004/MIDI-Unprocessed_SMF_12_01_2004_01-05_ORIG_MID--AUDIO_12_R1_2004_03_Track03_wav--1.wav,data\raw\maestro-v3.0.0\2004\MIDI-Unprocessed_SMF_12_01_2004_01-05_ORIG_MID--AUDIO_12_R1_2004_03_Track03_wav--1.midi,data\raw\maestro-v3.0.0\2004\MIDI-Unprocessed_SMF_12_01_2004_01-05_ORIG_MID--AUDIO_12_R1_2004_03_Track03_wav--1.wav,validation,wolfgang_amadeus_mozart__sonata_in_f_major_k533,Classical,1
track_001275,Wolfgang Amadeus Mozart,"Sonata in F Major, K533/K494",2018,1068.75160219,2018/MIDI-Unprocessed_Recital17-19_MID--AUDIO_17_R1_2018_wav--3.midi,2018/MIDI-Unprocessed_Recital17-19_MID--AUDIO_17_R1_2018_wav--3.wav,data\raw\maestro-v3.0.0\2018\MIDI-Unprocessed_Recital17-19_MID--AUDIO_17_R1_2018_wav--3.midi,data\raw\maestro-v3.0.0\2018\MIDI-Unprocessed_Recital17-19_MID--AUDIO_17_R1_2018_wav--3.wav,validation,wolfgang_amadeus_mozart__sonata_in_f_major_k533_k494,Classical,1
track_001276,Wolfgang Amadeus Mozart,"Twelve Variations, K179 (189a)",2004,630.266303102,2004/MIDI-Unprocessed_XP_04_R1_2004_01-02_ORIG_MID--AUDIO_04_R1_2004_02_Track02_wav.midi,2004/MIDI-Unprocessed_XP_04_R1_2004_01-02_ORIG_MID--AUDIO_04_R1_2004_02_Track02_wav.wav,data\raw\maestro-v3.0.0\2004\MIDI-Unprocessed_XP_04_R1_2004_01-02_ORIG_MID--AUDIO_04_R1_2004_02_Track02_wav.midi,data\raw\maestro-v3.0.0\2004\MIDI-Unprocessed_XP_04_R1_2004_01-02_ORIG_MID--AUDIO_04_R1_2004_02_Track02_wav.wav,train,wolfgang_amadeus_mozart__twelve_variations_k179_189a,Classical,1
